order_id,user_id,order_date,product,category,quantity,amount,channel
O00001,U0001,2026-06-14,美式,咖啡,1,31.5,APP
O00002,U0001,2026-05-24,轻食沙拉,轻食,1,31.7,APP
O00003,U0001,2026-06-04,烘焙早餐,烘焙,2,70.2,美团
O00004,U0001,2026-06-25,生椰拿铁,咖啡,1,31.6,APP
O00005,U0001,2026-06-01,冷萃,咖啡,1,37.8,门店
O00006,U0001,2026-06-17,美式,咖啡,1,27.8,门店
O00007,U0001,2026-06-12,烘焙早餐,烘焙,1,32.5,门店
O00008,U0001,2026-06-08,拿铁,咖啡,1,39.4,APP
O00009,U0001,2026-06-18,轻食沙拉,轻食,2,70.2,门店
O00010,U0001,2026-05-31,轻食沙拉,轻食,1,43.3,饿了么
O00011,U0001,2026-06-07,美式,咖啡,1,34.4,美团
O00012,U0001,2026-06-16,冷萃,咖啡,2,89.2,饿了么
O00013,U0001,2026-06-06,周边杯,周边,2,117.8,小程序
O00014,U0001,2026-06-26,冷萃,咖啡,1,41.5,饿了么
O00015,U0001,2026-05-31,拿铁,咖啡,2,84.2,APP
O00016,U0001,2026-06-29,烘焙早餐,烘焙,1,21.0,饿了么
O00017,U0001,2026-06-21,拿铁,咖啡,2,79.2,美团
O00018,U0001,2026-05-29,烘焙早餐,烘焙,1,26.9,APP
O00019,U0001,2026-06-25,冷萃,咖啡,1,40.2,美团
O00020,U0001,2026-06-12,轻食沙拉,轻食,1,25.4,小程序
O00021,U0001,2026-06-06,烘焙早餐,烘焙,1,19.5,小程序
O00022,U0002,2025-12-03,拿铁,咖啡,1,44.8,门店
O00023,U0002,2026-03-02,美式,咖啡,2,64.0,美团
O00024,U0002,2026-02-21,冷萃,咖啡,2,80.2,美团
O00025,U0002,2026-02-22,拿铁,咖啡,1,39.6,饿了么
O00026,U0002,2025-12-22,轻食沙拉,轻食,1,42.2,饿了么
O00027,U0002,2026-02-26,烘焙早餐,烘焙,3,61.5,小程序
O00028,U0002,2026-05-30,拿铁,咖啡,1,44.6,饿了么
O00029,U0002,2026-03-06,烘焙早餐,烘焙,1,25.6,美团
O00030,U0002,2026-02-14,美式,咖啡,2,51.2,小程序
O00031,U0002,2025-11-26,周边杯,周边,1,75.4,小程序
O00032,U0002,2026-01-18,美式,咖啡,1,22.9,美团
O00033,U0002,2026-04-20,轻食沙拉,轻食,1,39.1,小程序
O00034,U0002,2026-02-28,冷萃,咖啡,1,36.2,小程序
O00035,U0002,2025-12-23,烘焙早餐,烘焙,1,37.9,饿了么
O00036,U0002,2026-02-07,烘焙早餐,烘焙,1,30.0,门店
O00037,U0002,2026-01-17,生椰拿铁,咖啡,3,137.4,饿了么
O00038,U0002,2026-01-13,冷萃,咖啡,1,37.4,饿了么
O00039,U0002,2026-05-25,美式,咖啡,1,30.1,美团
O00040,U0002,2025-11-30,生椰拿铁,咖啡,1,46.9,饿了么
O00041,U0002,2026-02-07,轻食沙拉,轻食,1,33.3,美团
O00042,U0002,2026-01-04,周边杯,周边,1,70.5,APP
O00043,U0002,2026-02-02,周边杯,周边,2,154.6,小程序
O00044,U0002,2026-04-10,冷萃,咖啡,1,49.4,APP
O00045,U0002,2026-02-25,美式,咖啡,1,25.3,小程序
O00046,U0002,2026-03-13,周边杯,周边,1,63.8,APP
O00047,U0002,2025-12-01,生椰拿铁,咖啡,1,36.8,小程序
O00048,U0002,2026-06-29,拿铁,咖啡,2,62.4,饿了么
O00049,U0002,2026-01-12,冷萃,咖啡,2,71.6,门店
O00050,U0002,2025-11-21,美式,咖啡,3,102.6,小程序
O00051,U0002,2026-05-28,周边杯,周边,1,68.2,饿了么
O00052,U0002,2026-05-17,美式,咖啡,1,27.2,门店
O00053,U0002,2026-06-04,生椰拿铁,咖啡,1,36.9,门店
O00054,U0002,2026-02-04,生椰拿铁,咖啡,2,73.0,美团
O00055,U0002,2025-12-13,周边杯,周边,1,88.3,门店
O00056,U0002,2026-01-09,生椰拿铁,咖啡,1,35.6,APP
O00057,U0003,2025-09-18,生椰拿铁,咖啡,1,40.0,美团
O00058,U0003,2026-02-08,美式,咖啡,1,24.6,饿了么
O00059,U0003,2026-01-13,冷萃,咖啡,2,83.8,门店
O00060,U0003,2026-01-19,周边杯,周边,3,245.7,美团
O00061,U0003,2026-05-03,美式,咖啡,1,31.5,APP
O00062,U0003,2026-06-16,冷萃,咖啡,2,70.6,小程序
O00063,U0003,2026-06-05,拿铁,咖啡,1,42.3,小程序
O00064,U0003,2025-09-13,冷萃,咖啡,1,34.5,小程序
O00065,U0003,2025-11-26,拿铁,咖啡,1,31.7,小程序
O00066,U0003,2026-05-15,轻食沙拉,轻食,1,34.8,饿了么
O00067,U0003,2026-04-08,拿铁,咖啡,2,56.6,饿了么
O00068,U0003,2026-02-03,拿铁,咖啡,1,36.5,美团
O00069,U0003,2025-12-10,拿铁,咖啡,1,43.6,APP
O00070,U0003,2025-12-17,烘焙早餐,烘焙,2,57.0,门店
O00071,U0003,2026-04-01,拿铁,咖啡,1,34.3,饿了么
O00072,U0003,2026-01-12,轻食沙拉,轻食,1,29.5,小程序
O00073,U0003,2025-09-26,拿铁,咖啡,1,34.9,美团
O00074,U0003,2025-10-08,轻食沙拉,轻食,1,25.2,美团
O00075,U0003,2026-04-20,轻食沙拉,轻食,1,40.7,小程序
O00076,U0003,2026-06-07,拿铁,咖啡,2,63.8,饿了么
O00077,U0003,2026-05-11,生椰拿铁,咖啡,1,30.8,门店
O00078,U0003,2026-06-15,烘焙早餐,烘焙,1,31.2,门店
O00079,U0004,2025-11-28,烘焙早餐,烘焙,2,41.8,美团
O00080,U0004,2025-09-22,生椰拿铁,咖啡,1,32.9,美团
O00081,U0004,2026-05-17,生椰拿铁,咖啡,2,73.8,小程序
O00082,U0004,2026-04-27,轻食沙拉,轻食,1,44.5,美团
O00083,U0004,2025-12-10,周边杯,周边,1,52.0,饿了么
O00084,U0004,2026-06-14,冷萃,咖啡,1,49.4,门店
O00085,U0004,2026-04-01,冷萃,咖啡,1,36.1,美团
O00086,U0004,2026-03-23,美式,咖啡,1,30.8,小程序
O00087,U0004,2026-06-26,生椰拿铁,咖啡,2,88.8,小程序
O00088,U0004,2025-12-29,美式,咖啡,2,53.8,APP
O00089,U0004,2026-03-01,生椰拿铁,咖啡,1,36.5,门店
O00090,U0004,2026-03-29,生椰拿铁,咖啡,1,43.7,小程序
O00091,U0004,2025-11-17,冷萃,咖啡,1,40.1,美团
O00092,U0004,2025-10-05,拿铁,咖啡,1,29.5,饿了么
O00093,U0004,2026-06-16,周边杯,周边,1,62.0,门店
O00094,U0004,2026-03-13,冷萃,咖啡,2,92.0,饿了么
O00095,U0004,2025-12-16,烘焙早餐,烘焙,1,28.4,APP
O00096,U0004,2025-10-24,生椰拿铁,咖啡,1,35.4,小程序
O00097,U0005,2026-02-24,生椰拿铁,咖啡,1,37.6,小程序
O00098,U0005,2026-01-17,生椰拿铁,咖啡,2,94.0,美团
O00099,U0005,2026-05-17,烘焙早餐,烘焙,1,21.9,门店
O00100,U0005,2025-07-20,冷萃,咖啡,1,38.0,门店
O00101,U0005,2026-02-27,生椰拿铁,咖啡,2,75.6,饿了么
O00102,U0005,2025-09-24,生椰拿铁,咖啡,2,71.6,APP
O00103,U0005,2026-03-19,生椰拿铁,咖啡,1,33.2,门店
O00104,U0005,2025-12-13,轻食沙拉,轻食,1,38.9,饿了么
O00105,U0005,2025-11-18,生椰拿铁,咖啡,2,73.6,美团
O00106,U0005,2026-01-19,拿铁,咖啡,1,43.8,饿了么
O00107,U0005,2025-10-17,轻食沙拉,轻食,1,40.4,美团
O00108,U0005,2025-11-01,冷萃,咖啡,2,92.8,小程序
O00109,U0005,2026-02-11,轻食沙拉,轻食,1,35.0,APP
O00110,U0005,2025-11-23,轻食沙拉,轻食,1,28.1,美团
O00111,U0005,2025-08-23,冷萃,咖啡,1,49.8,美团
O00112,U0005,2026-04-16,烘焙早餐,烘焙,2,73.0,美团
O00113,U0005,2026-04-21,拿铁,咖啡,1,41.4,饿了么
O00114,U0005,2026-05-17,轻食沙拉,轻食,1,43.3,APP
O00115,U0005,2026-06-18,轻食沙拉,轻食,1,32.1,小程序
O00116,U0005,2026-05-01,轻食沙拉,轻食,1,38.5,门店
O00117,U0005,2026-02-22,拿铁,咖啡,1,28.2,饿了么
O00118,U0005,2026-04-08,烘焙早餐,烘焙,1,29.6,美团
O00119,U0005,2026-01-24,冷萃,咖啡,1,40.3,饿了么
O00120,U0006,2026-01-16,拿铁,咖啡,1,36.2,小程序
O00121,U0006,2025-11-18,周边杯,周边,1,86.6,门店
O00122,U0006,2026-01-15,冷萃,咖啡,1,46.1,门店
O00123,U0006,2026-02-18,拿铁,咖啡,1,35.4,门店
O00124,U0006,2025-11-06,生椰拿铁,咖啡,2,61.6,小程序
O00125,U0006,2026-05-25,生椰拿铁,咖啡,1,41.7,APP
O00126,U0006,2026-06-15,轻食沙拉,轻食,1,29.9,APP
O00127,U0006,2026-01-12,烘焙早餐,烘焙,1,26.5,美团
O00128,U0006,2026-03-30,美式,咖啡,1,24.4,美团
O00129,U0006,2025-10-27,轻食沙拉,轻食,1,37.3,饿了么
O00130,U0006,2026-02-06,冷萃,咖啡,1,32.1,门店
O00131,U0006,2026-04-30,轻食沙拉,轻食,1,41.2,小程序
O00132,U0006,2026-05-12,周边杯,周边,1,70.5,APP
O00133,U0006,2026-02-14,拿铁,咖啡,2,65.0,饿了么
O00134,U0006,2026-06-24,轻食沙拉,轻食,1,31.3,美团
O00135,U0006,2026-03-19,拿铁,咖啡,2,67.8,饿了么
O00136,U0006,2025-12-03,周边杯,周边,2,151.8,饿了么
O00137,U0006,2026-03-20,拿铁,咖啡,1,39.4,APP
O00138,U0006,2026-01-06,拿铁,咖啡,1,31.1,饿了么
O00139,U0006,2026-01-27,冷萃,咖啡,1,42.7,美团
O00140,U0006,2025-12-06,冷萃,咖啡,1,43.4,APP
O00141,U0006,2026-03-11,美式,咖啡,1,28.4,门店
O00142,U0007,2026-06-13,拿铁,咖啡,3,128.1,美团
O00143,U0007,2026-05-13,美式,咖啡,3,97.8,饿了么
O00144,U0007,2026-06-15,冷萃,咖啡,1,39.4,美团
O00145,U0007,2026-06-05,美式,咖啡,1,23.1,APP
O00146,U0007,2026-05-23,拿铁,咖啡,1,32.7,APP
O00147,U0007,2026-06-23,冷萃,咖啡,2,84.4,美团
O00148,U0007,2026-06-09,烘焙早餐,烘焙,1,20.3,饿了么
O00149,U0007,2026-06-26,生椰拿铁,咖啡,2,79.6,美团
O00150,U0007,2026-06-08,美式,咖啡,1,34.9,APP
O00151,U0007,2026-05-24,周边杯,周边,1,89.0,门店
O00152,U0007,2026-06-29,周边杯,周边,2,105.0,小程序
O00153,U0007,2026-06-23,周边杯,周边,2,117.0,饿了么
O00154,U0007,2026-06-18,生椰拿铁,咖啡,1,45.5,美团
O00155,U0007,2026-05-15,烘焙早餐,烘焙,1,20.8,APP
O00156,U0007,2026-06-25,拿铁,咖啡,1,37.7,饿了么
O00157,U0007,2026-06-08,美式,咖啡,2,52.4,门店
O00158,U0007,2026-06-10,生椰拿铁,咖啡,1,47.1,小程序
O00159,U0007,2026-05-13,周边杯,周边,2,160.8,门店
O00160,U0007,2026-06-29,轻食沙拉,轻食,2,55.0,APP
O00161,U0007,2026-05-14,轻食沙拉,轻食,1,31.4,美团
O00162,U0007,2026-06-05,美式,咖啡,1,29.5,美团
O00163,U0007,2026-05-29,冷萃,咖啡,2,66.8,小程序
O00164,U0007,2026-05-30,烘焙早餐,烘焙,1,33.0,门店
O00165,U0007,2026-06-03,冷萃,咖啡,1,37.9,小程序
O00166,U0007,2026-06-20,冷萃,咖啡,1,43.4,小程序
O00167,U0007,2026-06-24,烘焙早餐,烘焙,3,78.0,APP
O00168,U0007,2026-06-05,生椰拿铁,咖啡,1,35.8,饿了么
O00169,U0007,2026-06-10,美式,咖啡,1,29.4,门店
O00170,U0007,2026-06-17,周边杯,周边,1,50.9,美团
O00171,U0007,2026-05-06,拿铁,咖啡,1,43.8,美团
O00172,U0007,2026-05-05,冷萃,咖啡,1,35.6,APP
O00173,U0007,2026-06-30,轻食沙拉,轻食,2,62.0,门店
O00174,U0008,2026-04-12,生椰拿铁,咖啡,1,31.5,APP
O00175,U0008,2025-11-05,冷萃,咖啡,2,86.6,APP
O00176,U0008,2026-05-17,轻食沙拉,轻食,1,26.8,APP
O00177,U0008,2026-06-11,拿铁,咖啡,1,30.3,美团
O00178,U0008,2025-10-14,拿铁,咖啡,2,79.6,美团
O00179,U0008,2025-12-16,冷萃,咖啡,1,33.3,小程序
O00180,U0008,2025-12-01,生椰拿铁,咖啡,1,36.6,美团
O00181,U0008,2025-12-17,轻食沙拉,轻食,1,44.9,饿了么
O00182,U0008,2025-10-14,烘焙早餐,烘焙,1,31.0,APP
O00183,U0008,2025-12-26,冷萃,咖啡,1,43.1,APP
O00184,U0008,2025-11-23,拿铁,咖啡,1,30.4,美团
O00185,U0008,2026-04-07,冷萃,咖啡,1,37.7,门店
O00186,U0008,2025-11-22,美式,咖啡,1,29.2,饿了么
O00187,U0008,2026-03-04,周边杯,周边,1,86.7,门店
O00188,U0008,2026-01-23,烘焙早餐,烘焙,1,30.1,美团
O00189,U0008,2026-03-10,轻食沙拉,轻食,2,52.2,APP
O00190,U0008,2026-06-20,冷萃,咖啡,1,34.0,饿了么
O00191,U0008,2025-11-15,烘焙早餐,烘焙,1,35.8,门店
O00192,U0008,2026-03-21,美式,咖啡,2,54.0,美团
O00193,U0008,2026-04-15,烘焙早餐,烘焙,2,63.4,小程序
O00194,U0009,2026-03-20,拿铁,咖啡,1,28.2,小程序
O00195,U0009,2026-06-20,周边杯,周边,1,64.9,饿了么
O00196,U0009,2026-05-05,冷萃,咖啡,1,39.6,饿了么
O00197,U0009,2026-03-07,烘焙早餐,烘焙,1,21.1,小程序
O00198,U0009,2026-02-28,美式,咖啡,1,34.7,门店
O00199,U0009,2026-01-29,烘焙早餐,烘焙,2,61.4,小程序
O00200,U0009,2026-01-08,轻食沙拉,轻食,3,101.1,APP
O00201,U0009,2025-11-04,美式,咖啡,1,23.1,美团
O00202,U0009,2026-03-26,烘焙早餐,烘焙,1,19.1,APP
O00203,U0009,2025-11-20,拿铁,咖啡,2,80.0,APP
O00204,U0009,2026-02-25,生椰拿铁,咖啡,2,78.8,门店
O00205,U0009,2025-12-02,生椰拿铁,咖啡,2,64.6,门店
O00206,U0009,2026-04-26,拿铁,咖啡,1,41.1,美团
O00207,U0009,2025-12-29,烘焙早餐,烘焙,2,38.6,饿了么
O00208,U0009,2026-03-30,拿铁,咖啡,1,36.4,小程序
O00209,U0009,2026-02-25,周边杯,周边,1,71.7,门店
O00210,U0009,2026-05-06,拿铁,咖啡,1,43.2,小程序
O00211,U0009,2025-12-18,轻食沙拉,轻食,1,35.2,小程序
O00212,U0010,2025-12-01,冷萃,咖啡,2,77.2,APP
O00213,U0010,2026-06-27,拿铁,咖啡,2,74.8,美团
O00214,U0010,2026-01-16,生椰拿铁,咖啡,2,69.0,门店
O00215,U0010,2026-01-28,周边杯,周边,1,52.1,饿了么
O00216,U0010,2026-05-11,拿铁,咖啡,2,62.0,小程序
O00217,U0010,2026-03-02,拿铁,咖啡,2,85.8,门店
O00218,U0010,2026-02-11,拿铁,咖啡,1,37.4,APP
O00219,U0010,2026-02-02,烘焙早餐,烘焙,2,67.4,APP
O00220,U0010,2026-03-18,生椰拿铁,咖啡,1,40.7,APP
O00221,U0010,2026-05-26,烘焙早餐,烘焙,1,33.2,小程序
O00222,U0010,2026-03-04,拿铁,咖啡,1,32.0,小程序
O00223,U0010,2026-02-13,拿铁,咖啡,1,40.9,门店
O00224,U0010,2025-12-16,美式,咖啡,1,28.9,美团
O00225,U0010,2025-12-05,美式,咖啡,1,31.3,APP
O00226,U0010,2026-06-24,烘焙早餐,烘焙,2,52.6,美团
O00227,U0010,2026-05-30,拿铁,咖啡,1,37.9,美团
O00228,U0010,2025-12-09,烘焙早餐,烘焙,1,29.4,APP
O00229,U0010,2026-01-19,生椰拿铁,咖啡,1,34.7,美团
O00230,U0010,2026-05-18,周边杯,周边,1,78.4,门店
O00231,U0010,2026-01-18,拿铁,咖啡,1,44.0,饿了么
O00232,U0010,2025-12-17,美式,咖啡,1,23.4,门店
O00233,U0010,2026-03-04,拿铁,咖啡,3,111.3,APP
O00234,U0010,2026-03-15,生椰拿铁,咖啡,2,76.6,小程序
O00235,U0010,2025-12-30,周边杯,周边,2,152.8,饿了么
O00236,U0010,2025-11-30,美式,咖啡,1,32.9,小程序
O00237,U0011,2026-06-28,冷萃,咖啡,1,41.2,门店
O00238,U0011,2026-06-25,拿铁,咖啡,2,88.4,饿了么
O00239,U0011,2026-06-26,拿铁,咖啡,2,71.8,APP
O00240,U0011,2026-06-24,拿铁,咖啡,2,58.0,APP
O00241,U0011,2026-06-25,美式,咖啡,1,32.7,小程序
O00242,U0011,2026-06-27,周边杯,周边,3,156.0,APP
O00243,U0011,2026-06-30,周边杯,周边,2,108.4,门店
O00244,U0011,2026-06-24,拿铁,咖啡,1,44.0,饿了么
O00245,U0011,2026-06-29,周边杯,周边,1,78.0,美团
O00246,U0011,2026-06-29,美式,咖啡,2,53.2,门店
O00247,U0011,2026-06-27,冷萃,咖啡,1,47.9,饿了么
O00248,U0011,2026-06-26,轻食沙拉,轻食,1,30.9,饿了么
O00249,U0011,2026-06-30,拿铁,咖啡,1,29.5,美团
O00250,U0011,2026-06-26,轻食沙拉,轻食,1,42.7,饿了么
O00251,U0011,2026-06-23,冷萃,咖啡,1,46.1,饿了么
O00252,U0011,2026-06-30,生椰拿铁,咖啡,1,46.4,美团
O00253,U0011,2026-06-27,美式,咖啡,1,22.3,小程序
O00254,U0011,2026-06-27,拿铁,咖啡,1,41.7,门店
O00255,U0011,2026-06-26,美式,咖啡,1,23.3,门店
O00256,U0011,2026-06-23,周边杯,周边,1,88.9,美团
O00257,U0011,2026-06-28,周边杯,周边,1,88.7,APP
O00258,U0011,2026-06-28,周边杯,周边,1,78.5,饿了么
O00259,U0011,2026-06-23,轻食沙拉,轻食,2,78.0,饿了么
O00260,U0011,2026-06-25,烘焙早餐,烘焙,2,74.0,美团
O00261,U0011,2026-06-27,美式,咖啡,1,28.4,APP
O00262,U0012,2025-11-25,烘焙早餐,烘焙,1,27.6,饿了么
O00263,U0012,2026-01-10,周边杯,周边,2,108.4,门店
O00264,U0012,2025-12-05,拿铁,咖啡,2,61.0,APP
O00265,U0012,2026-06-06,拿铁,咖啡,2,84.8,小程序
O00266,U0012,2026-02-23,轻食沙拉,轻食,1,43.8,小程序
O00267,U0012,2026-02-14,生椰拿铁,咖啡,3,107.4,美团
O00268,U0012,2026-06-10,轻食沙拉,轻食,1,44.2,APP
O00269,U0012,2026-05-20,烘焙早餐,烘焙,2,63.8,门店
O00270,U0012,2026-01-16,轻食沙拉,轻食,1,36.8,门店
O00271,U0012,2026-05-26,轻食沙拉,轻食,1,30.9,小程序
O00272,U0012,2026-05-18,烘焙早餐,烘焙,3,77.4,饿了么
O00273,U0012,2025-11-28,美式,咖啡,2,59.6,饿了么
O00274,U0012,2026-01-15,轻食沙拉,轻食,2,72.6,APP
O00275,U0012,2026-02-12,轻食沙拉,轻食,1,26.6,门店
O00276,U0012,2026-01-01,轻食沙拉,轻食,1,42.7,门店
O00277,U0012,2026-03-14,拿铁,咖啡,1,32.5,小程序
O00278,U0012,2026-02-17,生椰拿铁,咖啡,2,88.4,小程序
O00279,U0012,2026-02-26,冷萃,咖啡,3,135.6,美团
O00280,U0012,2026-03-26,冷萃,咖啡,1,38.3,美团
O00281,U0012,2026-06-09,周边杯,周边,2,144.2,APP
O00282,U0012,2025-12-31,冷萃,咖啡,2,66.6,门店
O00283,U0012,2025-11-25,生椰拿铁,咖啡,1,34.7,门店
O00284,U0012,2026-01-02,冷萃,咖啡,1,34.9,小程序
O00285,U0012,2026-02-14,烘焙早餐,烘焙,2,75.4,小程序
O00286,U0012,2026-03-10,轻食沙拉,轻食,2,56.6,APP
O00287,U0013,2026-01-14,生椰拿铁,咖啡,1,33.7,饿了么
O00288,U0013,2026-06-22,轻食沙拉,轻食,1,35.8,门店
O00289,U0013,2026-02-18,拿铁,咖啡,1,28.8,美团
O00290,U0013,2026-01-28,拿铁,咖啡,1,34.1,门店
O00291,U0013,2026-06-07,轻食沙拉,轻食,1,37.0,小程序
O00292,U0013,2026-02-10,美式,咖啡,3,90.9,美团
O00293,U0013,2026-01-18,生椰拿铁,咖啡,1,44.1,门店
O00294,U0013,2026-01-12,轻食沙拉,轻食,1,35.9,美团
O00295,U0013,2026-03-24,美式,咖啡,1,27.8,美团
O00296,U0013,2026-02-25,美式,咖啡,1,32.9,APP
O00297,U0013,2026-06-30,轻食沙拉,轻食,1,38.3,门店
O00298,U0013,2026-05-07,冷萃,咖啡,1,49.5,饿了么
O00299,U0013,2026-01-04,周边杯,周边,1,64.5,饿了么
O00300,U0013,2026-06-13,周边杯,周边,1,86.5,APP
O00301,U0013,2026-04-20,生椰拿铁,咖啡,2,62.8,小程序
O00302,U0013,2026-04-27,烘焙早餐,烘焙,2,72.0,饿了么
O00303,U0013,2026-01-26,拿铁,咖啡,1,44.1,APP
O00304,U0013,2026-02-12,周边杯,周边,1,56.7,小程序
O00305,U0013,2026-06-12,冷萃,咖啡,2,71.2,APP
O00306,U0014,2026-04-02,轻食沙拉,轻食,1,43.3,美团
O00307,U0014,2026-06-02,冷萃,咖啡,2,83.8,饿了么
O00308,U0014,2026-05-08,周边杯,周边,2,99.0,饿了么
O00309,U0014,2026-05-24,周边杯,周边,1,65.8,APP
O00310,U0014,2026-06-05,烘焙早餐,烘焙,3,89.1,小程序
O00311,U0014,2026-02-07,烘焙早餐,烘焙,2,67.2,饿了么
O00312,U0014,2026-04-09,冷萃,咖啡,1,36.8,饿了么
O00313,U0014,2026-06-15,冷萃,咖啡,1,32.7,APP
O00314,U0014,2026-06-18,烘焙早餐,烘焙,1,31.6,美团
O00315,U0014,2026-04-05,轻食沙拉,轻食,2,59.6,门店
O00316,U0014,2026-04-16,拿铁,咖啡,2,67.4,门店
O00317,U0014,2026-03-23,周边杯,周边,1,68.7,小程序
O00318,U0014,2026-03-10,美式,咖啡,2,51.8,门店
O00319,U0014,2026-03-20,轻食沙拉,轻食,1,33.3,APP
O00320,U0014,2026-05-04,美式,咖啡,1,33.9,美团
O00321,U0014,2026-05-23,周边杯,周边,1,64.0,APP
O00322,U0014,2026-01-27,生椰拿铁,咖啡,1,42.8,饿了么
O00323,U0014,2026-06-05,拿铁,咖啡,2,62.0,APP
O00324,U0014,2026-01-25,美式,咖啡,1,22.4,门店
O00325,U0014,2026-03-02,生椰拿铁,咖啡,1,36.6,美团
O00326,U0014,2026-06-22,拿铁,咖啡,1,39.6,美团
O00327,U0014,2026-06-12,冷萃,咖啡,2,70.4,饿了么
O00328,U0014,2026-06-01,生椰拿铁,咖啡,2,72.4,门店
O00329,U0014,2026-02-03,生椰拿铁,咖啡,1,30.5,饿了么
O00330,U0014,2026-03-06,周边杯,周边,1,57.9,APP
O00331,U0014,2026-03-20,轻食沙拉,轻食,1,33.2,小程序
O00332,U0015,2026-01-26,轻食沙拉,轻食,2,57.0,APP
O00333,U0015,2026-02-26,烘焙早餐,烘焙,1,34.1,门店
O00334,U0015,2026-04-11,冷萃,咖啡,1,47.3,APP
O00335,U0015,2026-04-22,生椰拿铁,咖啡,2,84.4,美团
O00336,U0015,2026-05-22,拿铁,咖啡,3,84.3,门店
O00337,U0015,2026-05-16,轻食沙拉,轻食,1,36.9,小程序
O00338,U0015,2026-04-26,拿铁,咖啡,1,33.7,门店
O00339,U0015,2026-03-04,生椰拿铁,咖啡,3,125.4,门店
O00340,U0015,2026-02-10,美式,咖啡,1,28.7,小程序
O00341,U0015,2026-05-26,冷萃,咖啡,1,43.9,小程序
O00342,U0015,2026-06-09,冷萃,咖啡,1,50.0,美团
O00343,U0015,2026-04-06,冷萃,咖啡,1,45.3,饿了么
O00344,U0015,2026-02-10,生椰拿铁,咖啡,1,43.1,饿了么
O00345,U0015,2026-06-05,周边杯,周边,2,136.0,门店
O00346,U0015,2026-05-02,生椰拿铁,咖啡,2,90.4,饿了么
O00347,U0015,2026-02-08,生椰拿铁,咖啡,1,31.8,门店
O00348,U0015,2026-06-27,周边杯,周边,2,142.8,门店
O00349,U0015,2026-06-09,拿铁,咖啡,1,31.8,门店
O00350,U0015,2026-04-10,周边杯,周边,1,84.5,饿了么
O00351,U0015,2026-03-09,冷萃,咖啡,1,47.3,饿了么
O00352,U0015,2026-05-21,烘焙早餐,烘焙,2,38.8,饿了么
O00353,U0015,2026-01-23,周边杯,周边,1,76.2,美团
O00354,U0015,2026-01-06,周边杯,周边,1,83.2,APP
O00355,U0015,2026-03-21,冷萃,咖啡,2,99.6,美团
O00356,U0015,2026-01-29,生椰拿铁,咖啡,1,45.5,小程序
O00357,U0015,2026-04-27,生椰拿铁,咖啡,1,41.4,小程序
O00358,U0015,2025-12-25,冷萃,咖啡,2,73.8,APP
O00359,U0015,2026-05-20,周边杯,周边,2,110.6,小程序
O00360,U0015,2026-01-26,烘焙早餐,烘焙,1,26.7,美团
O00361,U0015,2026-04-25,冷萃,咖啡,1,32.1,门店
O00362,U0015,2025-12-27,生椰拿铁,咖啡,1,43.6,小程序
O00363,U0015,2026-06-15,拿铁,咖啡,1,38.7,门店
O00364,U0015,2026-03-13,美式,咖啡,1,23.3,门店
O00365,U0016,2025-08-25,周边杯,周边,2,101.6,美团
O00366,U0016,2026-04-15,烘焙早餐,烘焙,1,28.5,APP
O00367,U0016,2026-01-14,冷萃,咖啡,1,38.5,美团
O00368,U0016,2025-08-01,美式,咖啡,3,74.7,APP
O00369,U0016,2025-08-03,烘焙早餐,烘焙,1,28.1,小程序
O00370,U0016,2026-01-31,轻食沙拉,轻食,1,30.1,小程序
O00371,U0016,2026-05-23,拿铁,咖啡,1,39.3,小程序
O00372,U0016,2025-08-16,轻食沙拉,轻食,1,27.3,小程序
O00373,U0016,2026-04-29,生椰拿铁,咖啡,1,38.5,小程序
O00374,U0016,2025-12-24,冷萃,咖啡,1,43.9,门店
O00375,U0016,2026-06-06,烘焙早餐,烘焙,1,32.0,小程序
O00376,U0016,2026-04-10,轻食沙拉,轻食,1,37.4,小程序
O00377,U0016,2026-04-03,美式,咖啡,2,59.8,饿了么
O00378,U0016,2025-11-03,生椰拿铁,咖啡,1,42.7,小程序
O00379,U0016,2026-04-29,冷萃,咖啡,1,48.4,美团
O00380,U0016,2026-01-08,美式,咖啡,1,22.0,小程序
O00381,U0016,2026-05-12,轻食沙拉,轻食,2,69.8,饿了么
O00382,U0016,2025-08-30,轻食沙拉,轻食,2,79.0,APP
O00383,U0016,2026-03-13,生椰拿铁,咖啡,1,34.8,APP
O00384,U0016,2025-08-12,周边杯,周边,2,121.2,门店
O00385,U0016,2026-02-26,轻食沙拉,轻食,2,54.6,小程序
O00386,U0016,2025-07-27,周边杯,周边,1,54.5,门店
O00387,U0016,2026-01-22,冷萃,咖啡,1,49.2,小程序
O00388,U0017,2026-02-24,美式,咖啡,1,23.5,美团
O00389,U0017,2026-01-19,周边杯,周边,2,128.8,美团
O00390,U0017,2025-11-26,拿铁,咖啡,2,60.6,APP
O00391,U0017,2025-10-25,冷萃,咖啡,1,48.4,饿了么
O00392,U0017,2026-04-14,美式,咖啡,2,59.8,饿了么
O00393,U0017,2025-09-16,周边杯,周边,2,152.8,APP
O00394,U0017,2026-05-07,冷萃,咖啡,1,34.0,小程序
O00395,U0017,2025-10-04,生椰拿铁,咖啡,1,41.8,饿了么
O00396,U0017,2026-06-24,轻食沙拉,轻食,3,108.9,门店
O00397,U0017,2026-05-25,烘焙早餐,烘焙,1,31.8,美团
O00398,U0017,2026-01-07,冷萃,咖啡,1,38.2,美团
O00399,U0017,2025-11-17,周边杯,周边,2,164.2,饿了么
O00400,U0017,2025-09-29,拿铁,咖啡,1,38.9,美团
O00401,U0017,2026-05-13,周边杯,周边,2,111.2,门店
O00402,U0017,2026-01-03,生椰拿铁,咖啡,1,47.5,APP
O00403,U0017,2026-06-10,轻食沙拉,轻食,2,65.2,小程序
O00404,U0017,2026-04-25,冷萃,咖啡,1,46.4,美团
O00405,U0017,2026-04-18,生椰拿铁,咖啡,1,32.1,小程序
O00406,U0017,2025-10-24,冷萃,咖啡,1,39.4,小程序
O00407,U0017,2025-10-18,周边杯,周边,1,73.2,门店
O00408,U0017,2026-05-20,烘焙早餐,烘焙,1,22.1,门店
O00409,U0017,2026-03-07,周边杯,周边,1,51.2,美团
O00410,U0017,2026-02-18,烘焙早餐,烘焙,1,33.3,门店
O00411,U0017,2026-04-21,拿铁,咖啡,1,29.7,小程序
O00412,U0017,2026-02-23,生椰拿铁,咖啡,3,134.7,门店
O00413,U0017,2026-06-09,烘焙早餐,烘焙,1,25.5,APP
O00414,U0017,2026-05-12,美式,咖啡,2,65.4,美团
O00415,U0017,2025-10-26,生椰拿铁,咖啡,1,41.0,美团
O00416,U0017,2025-12-21,冷萃,咖啡,1,46.8,门店
O00417,U0018,2026-06-01,拿铁,咖啡,2,87.6,饿了么
O00418,U0018,2026-04-24,周边杯,周边,1,84.7,饿了么
O00419,U0018,2026-06-12,美式,咖啡,1,34.5,小程序
O00420,U0018,2026-06-18,冷萃,咖啡,1,47.1,饿了么
O00421,U0018,2026-05-01,轻食沙拉,轻食,2,73.2,APP
O00422,U0018,2026-04-22,冷萃,咖啡,1,43.8,门店
O00423,U0018,2026-06-12,冷萃,咖啡,1,39.5,APP
O00424,U0018,2026-05-14,冷萃,咖啡,3,147.9,美团
O00425,U0018,2026-04-26,美式,咖啡,2,54.8,饿了么
O00426,U0018,2026-05-17,周边杯,周边,2,154.2,饿了么
O00427,U0018,2026-06-28,美式,咖啡,1,24.6,门店
O00428,U0018,2026-05-23,轻食沙拉,轻食,2,55.4,APP
O00429,U0018,2026-06-12,烘焙早餐,烘焙,1,31.9,小程序
O00430,U0018,2026-05-24,烘焙早餐,烘焙,1,27.6,美团
O00431,U0018,2026-06-16,生椰拿铁,咖啡,1,45.8,小程序
O00432,U0018,2026-06-14,拿铁,咖啡,1,28.4,小程序
O00433,U0018,2026-05-04,生椰拿铁,咖啡,1,43.5,门店
O00434,U0018,2026-05-11,美式,咖啡,1,32.9,门店
O00435,U0018,2026-05-05,周边杯,周边,1,70.6,美团
O00436,U0018,2026-04-22,烘焙早餐,烘焙,2,70.8,APP
O00437,U0018,2026-06-30,烘焙早餐,烘焙,1,25.8,门店
O00438,U0019,2026-04-09,冷萃,咖啡,2,79.0,门店
O00439,U0019,2026-05-23,拿铁,咖啡,1,28.2,饿了么
O00440,U0019,2026-04-25,周边杯,周边,1,58.0,门店
O00441,U0019,2026-06-01,烘焙早餐,烘焙,1,32.8,APP
O00442,U0019,2026-03-18,冷萃,咖啡,1,35.2,APP
O00443,U0019,2026-02-15,轻食沙拉,轻食,1,35.3,美团
O00444,U0019,2026-03-14,烘焙早餐,烘焙,1,23.3,门店
O00445,U0019,2026-01-03,生椰拿铁,咖啡,2,76.8,小程序
O00446,U0019,2026-02-10,生椰拿铁,咖啡,2,81.4,饿了么
O00447,U0019,2026-06-20,生椰拿铁,咖啡,1,38.8,门店
O00448,U0019,2026-01-20,周边杯,周边,1,77.3,APP
O00449,U0019,2026-05-15,拿铁,咖啡,1,41.4,饿了么
O00450,U0019,2026-05-19,冷萃,咖啡,1,33.7,APP
O00451,U0019,2026-06-20,生椰拿铁,咖啡,1,36.0,饿了么
O00452,U0019,2026-05-17,冷萃,咖啡,2,99.8,小程序
O00453,U0019,2026-01-31,轻食沙拉,轻食,1,31.9,饿了么
O00454,U0019,2026-06-10,美式,咖啡,1,34.5,门店
O00455,U0019,2026-04-09,周边杯,周边,1,86.8,饿了么
O00456,U0019,2026-03-15,拿铁,咖啡,2,87.0,门店
O00457,U0020,2026-06-30,冷萃,咖啡,1,40.8,APP
O00458,U0020,2026-06-28,烘焙早餐,烘焙,1,19.6,饿了么
O00459,U0020,2026-06-30,拿铁,咖啡,1,38.7,APP
O00460,U0020,2026-06-29,周边杯,周边,1,53.2,美团
O00461,U0020,2026-06-26,轻食沙拉,轻食,1,38.7,门店
O00462,U0020,2026-06-26,拿铁,咖啡,1,29.2,门店
O00463,U0020,2026-06-30,拿铁,咖啡,1,37.8,门店
O00464,U0020,2026-06-29,冷萃,咖啡,1,40.1,门店
O00465,U0020,2026-06-26,冷萃,咖啡,1,44.1,饿了么
O00466,U0020,2026-06-26,周边杯,周边,1,78.8,小程序
O00467,U0020,2026-06-28,烘焙早餐,烘焙,2,40.2,门店
O00468,U0020,2026-06-30,拿铁,咖啡,2,65.6,美团
O00469,U0020,2026-06-29,周边杯,周边,1,75.4,饿了么
O00470,U0020,2026-06-27,美式,咖啡,2,63.4,饿了么
O00471,U0020,2026-06-28,轻食沙拉,轻食,1,27.9,门店
O00472,U0020,2026-06-26,烘焙早餐,烘焙,1,35.5,小程序
O00473,U0020,2026-06-26,烘焙早餐,烘焙,1,29.9,小程序
O00474,U0020,2026-06-28,美式,咖啡,2,63.4,门店
O00475,U0020,2026-06-27,冷萃,咖啡,2,96.6,APP
O00476,U0020,2026-06-27,美式,咖啡,2,49.8,APP
O00477,U0020,2026-06-26,美式,咖啡,1,30.7,小程序
O00478,U0020,2026-06-30,冷萃,咖啡,1,43.6,小程序
O00479,U0020,2026-06-28,拿铁,咖啡,1,31.4,门店
O00480,U0020,2026-06-28,美式,咖啡,1,30.7,门店
O00481,U0020,2026-06-30,拿铁,咖啡,1,43.3,美团
O00482,U0020,2026-06-28,烘焙早餐,烘焙,1,31.2,APP
O00483,U0020,2026-06-30,烘焙早餐,烘焙,1,25.3,美团
O00484,U0020,2026-06-27,拿铁,咖啡,2,66.6,美团
O00485,U0020,2026-06-28,周边杯,周边,1,63.4,门店
O00486,U0020,2026-06-29,冷萃,咖啡,2,80.0,美团
O00487,U0020,2026-06-30,拿铁,咖啡,1,31.0,门店
O00488,U0020,2026-06-27,烘焙早餐,烘焙,2,43.8,小程序
O00489,U0020,2026-06-26,拿铁,咖啡,1,42.4,饿了么
O00490,U0020,2026-06-30,冷萃,咖啡,1,45.8,小程序
O00491,U0021,2026-06-12,烘焙早餐,烘焙,1,35.9,APP
O00492,U0021,2026-06-15,冷萃,咖啡,2,72.0,门店
O00493,U0021,2026-06-08,冷萃,咖啡,1,41.0,门店
O00494,U0021,2026-06-20,拿铁,咖啡,2,78.6,饿了么
O00495,U0021,2026-06-25,美式,咖啡,1,31.8,APP
O00496,U0021,2026-06-09,烘焙早餐,烘焙,1,37.0,APP
O00497,U0021,2026-06-27,轻食沙拉,轻食,1,34.7,APP
O00498,U0021,2026-06-28,冷萃,咖啡,1,36.2,APP
O00499,U0021,2026-06-05,轻食沙拉,轻食,2,58.2,门店
O00500,U0021,2026-06-16,冷萃,咖啡,2,97.0,小程序
O00501,U0021,2026-06-24,生椰拿铁,咖啡,3,95.7,门店
O00502,U0021,2026-06-30,轻食沙拉,轻食,1,30.3,APP
O00503,U0021,2026-06-16,轻食沙拉,轻食,1,32.6,小程序
O00504,U0021,2026-06-20,生椰拿铁,咖啡,2,73.6,饿了么
O00505,U0021,2026-06-16,生椰拿铁,咖啡,1,44.7,美团
O00506,U0021,2026-06-23,拿铁,咖啡,1,36.5,APP
O00507,U0021,2026-06-11,拿铁,咖啡,1,36.7,APP
O00508,U0021,2026-06-09,美式,咖啡,2,53.4,小程序
O00509,U0021,2026-06-25,美式,咖啡,1,27.4,小程序
O00510,U0021,2026-06-19,轻食沙拉,轻食,1,34.6,APP
O00511,U0021,2026-06-24,周边杯,周边,1,65.4,APP
O00512,U0021,2026-06-22,烘焙早餐,烘焙,1,21.2,小程序
O00513,U0021,2026-06-22,美式,咖啡,1,22.7,APP
O00514,U0021,2026-06-20,冷萃,咖啡,1,42.8,小程序
O00515,U0021,2026-06-27,轻食沙拉,轻食,1,38.2,小程序
O00516,U0021,2026-06-10,冷萃,咖啡,1,42.9,美团
O00517,U0021,2026-06-09,美式,咖啡,1,32.8,饿了么
O00518,U0021,2026-06-30,周边杯,周边,1,56.3,门店
O00519,U0021,2026-06-09,轻食沙拉,轻食,2,77.4,饿了么
O00520,U0021,2026-06-22,拿铁,咖啡,1,31.9,小程序
O00521,U0021,2026-06-04,美式,咖啡,2,57.6,美团
O00522,U0021,2026-06-30,美式,咖啡,1,29.9,饿了么
O00523,U0021,2026-06-23,拿铁,咖啡,1,42.9,小程序
O00524,U0021,2026-06-06,冷萃,咖啡,2,87.8,饿了么
O00525,U0021,2026-06-30,拿铁,咖啡,2,86.4,美团
O00526,U0022,2026-03-13,生椰拿铁,咖啡,1,45.7,美团
O00527,U0022,2025-12-05,周边杯,周边,2,136.6,门店
O00528,U0022,2026-06-07,周边杯,周边,2,157.4,饿了么
O00529,U0022,2025-09-29,冷萃,咖啡,1,34.4,APP
O00530,U0022,2025-09-21,生椰拿铁,咖啡,1,40.8,门店
O00531,U0022,2025-11-14,拿铁,咖啡,2,80.2,饿了么
O00532,U0022,2026-05-04,拿铁,咖啡,1,36.8,APP
O00533,U0022,2026-01-18,冷萃,咖啡,1,38.5,饿了么
O00534,U0022,2025-12-17,生椰拿铁,咖啡,1,45.4,门店
O00535,U0022,2026-06-19,生椰拿铁,咖啡,1,47.9,APP
O00536,U0022,2026-03-09,烘焙早餐,烘焙,1,33.7,门店
O00537,U0022,2026-05-23,烘焙早餐,烘焙,3,83.1,饿了么
O00538,U0022,2026-02-02,周边杯,周边,2,154.4,小程序
O00539,U0022,2025-12-05,冷萃,咖啡,2,92.2,小程序
O00540,U0022,2025-11-27,烘焙早餐,烘焙,1,26.0,饿了么
O00541,U0022,2026-06-20,轻食沙拉,轻食,1,38.7,美团
O00542,U0022,2025-08-12,周边杯,周边,1,52.6,饿了么
O00543,U0022,2026-03-20,拿铁,咖啡,1,29.1,小程序
O00544,U0022,2026-06-17,拿铁,咖啡,2,80.6,美团
O00545,U0022,2026-06-20,轻食沙拉,轻食,2,70.8,饿了么
O00546,U0022,2025-09-08,周边杯,周边,1,81.8,美团
O00547,U0022,2025-08-15,美式,咖啡,2,66.2,饿了么
O00548,U0022,2026-01-03,美式,咖啡,1,22.4,饿了么
O00549,U0022,2025-12-06,烘焙早餐,烘焙,1,21.4,APP
O00550,U0022,2025-08-10,美式,咖啡,1,23.1,美团
O00551,U0022,2026-02-06,轻食沙拉,轻食,1,32.9,饿了么
O00552,U0022,2025-08-17,轻食沙拉,轻食,2,78.2,饿了么
O00553,U0022,2026-01-02,轻食沙拉,轻食,2,83.2,门店
O00554,U0022,2026-02-03,周边杯,周边,1,60.1,APP
O00555,U0022,2026-03-30,冷萃,咖啡,1,42.3,美团
O00556,U0022,2026-04-26,拿铁,咖啡,1,37.5,门店
O00557,U0022,2025-10-08,周边杯,周边,1,69.5,饿了么
O00558,U0022,2026-05-31,生椰拿铁,咖啡,3,127.5,饿了么
O00559,U0022,2026-04-14,周边杯,周边,1,58.7,美团
O00560,U0023,2026-06-10,周边杯,周边,1,50.1,小程序
O00561,U0023,2026-04-18,轻食沙拉,轻食,1,40.8,APP
O00562,U0023,2026-04-01,冷萃,咖啡,1,49.2,小程序
O00563,U0023,2026-03-19,美式,咖啡,1,25.7,门店
O00564,U0023,2026-01-30,烘焙早餐,烘焙,1,36.6,门店
O00565,U0023,2026-03-07,烘焙早餐,烘焙,2,46.8,APP
O00566,U0023,2026-05-18,轻食沙拉,轻食,2,58.0,门店
O00567,U0023,2026-03-04,美式,咖啡,1,24.6,饿了么
O00568,U0023,2026-04-12,美式,咖啡,1,32.1,小程序
O00569,U0023,2026-06-29,冷萃,咖啡,2,86.0,饿了么
O00570,U0023,2026-01-21,周边杯,周边,1,68.3,美团
O00571,U0023,2026-06-07,周边杯,周边,1,60.0,饿了么
O00572,U0023,2026-03-23,冷萃,咖啡,1,36.0,小程序
O00573,U0023,2026-05-25,周边杯,周边,2,131.8,小程序
O00574,U0023,2026-05-19,生椰拿铁,咖啡,1,37.1,APP
O00575,U0023,2026-05-08,拿铁,咖啡,1,39.9,小程序
O00576,U0023,2026-01-14,轻食沙拉,轻食,1,29.2,门店
O00577,U0023,2026-04-13,烘焙早餐,烘焙,1,35.2,门店
O00578,U0023,2026-03-12,生椰拿铁,咖啡,1,38.5,门店
O00579,U0023,2026-02-27,冷萃,咖啡,1,39.6,门店
O00580,U0023,2026-04-14,周边杯,周边,1,65.0,饿了么
O00581,U0023,2026-02-13,烘焙早餐,烘焙,2,63.4,门店
O00582,U0023,2026-03-12,烘焙早餐,烘焙,1,26.6,APP
O00583,U0023,2026-02-18,冷萃,咖啡,1,46.5,美团
O00584,U0023,2026-02-14,周边杯,周边,1,74.2,门店
O00585,U0023,2026-05-15,生椰拿铁,咖啡,2,69.0,小程序
O00586,U0023,2026-04-22,拿铁,咖啡,1,39.7,门店
O00587,U0023,2026-05-12,周边杯,周边,1,74.2,门店
O00588,U0023,2026-03-18,生椰拿铁,咖啡,1,36.5,门店
O00589,U0023,2026-04-09,拿铁,咖啡,1,35.0,饿了么
O00590,U0023,2026-03-02,烘焙早餐,烘焙,1,29.5,APP
O00591,U0023,2026-03-24,生椰拿铁,咖啡,1,35.9,美团
O00592,U0024,2026-06-15,烘焙早餐,烘焙,1,23.7,APP
O00593,U0024,2026-06-01,轻食沙拉,轻食,1,41.2,饿了么
O00594,U0024,2026-06-27,冷萃,咖啡,1,47.3,APP
O00595,U0024,2026-06-12,美式,咖啡,1,26.1,门店
O00596,U0024,2026-06-29,轻食沙拉,轻食,2,65.8,门店
O00597,U0024,2026-06-28,烘焙早餐,烘焙,1,37.3,APP
O00598,U0024,2026-05-23,美式,咖啡,1,31.5,小程序
O00599,U0024,2026-06-04,美式,咖啡,1,27.2,美团
O00600,U0024,2026-06-26,拿铁,咖啡,1,28.4,小程序
O00601,U0024,2026-05-28,生椰拿铁,咖啡,1,41.1,美团
O00602,U0024,2026-06-10,美式,咖啡,1,25.2,APP
O00603,U0024,2026-05-30,烘焙早餐,烘焙,1,34.8,门店
O00604,U0024,2026-06-11,周边杯,周边,3,204.0,饿了么
O00605,U0024,2026-06-08,烘焙早餐,烘焙,3,80.7,饿了么
O00606,U0024,2026-06-02,烘焙早餐,烘焙,1,30.0,饿了么
O00607,U0024,2026-06-18,烘焙早餐,烘焙,1,30.8,门店
O00608,U0024,2026-06-21,烘焙早餐,烘焙,1,22.5,门店
O00609,U0024,2026-06-14,冷萃,咖啡,1,36.7,小程序
O00610,U0024,2026-06-24,周边杯,周边,1,79.3,门店
O00611,U0024,2026-06-21,烘焙早餐,烘焙,2,36.4,美团
O00612,U0025,2026-01-08,周边杯,周边,1,66.2,APP
O00613,U0025,2026-01-07,烘焙早餐,烘焙,1,25.5,饿了么
O00614,U0025,2026-04-27,冷萃,咖啡,2,73.0,美团
O00615,U0025,2026-04-12,美式,咖啡,1,25.4,APP
O00616,U0025,2026-05-18,周边杯,周边,1,81.0,门店
O00617,U0025,2026-03-19,轻食沙拉,轻食,2,79.8,美团
O00618,U0025,2026-02-23,周边杯,周边,1,51.7,小程序
O00619,U0025,2026-06-18,冷萃,咖啡,1,43.1,饿了么
O00620,U0025,2026-05-11,美式,咖啡,1,26.2,饿了么
O00621,U0025,2026-01-11,美式,咖啡,1,34.6,APP
O00622,U0025,2026-04-28,轻食沙拉,轻食,1,25.2,小程序
O00623,U0025,2026-05-12,美式,咖啡,1,26.4,美团
O00624,U0025,2026-04-11,冷萃,咖啡,1,44.5,小程序
O00625,U0025,2026-02-12,拿铁,咖啡,1,32.5,饿了么
O00626,U0025,2026-05-06,美式,咖啡,2,49.0,美团
O00627,U0025,2026-01-09,拿铁,咖啡,2,89.2,美团
O00628,U0025,2026-04-29,美式,咖啡,1,31.6,美团
O00629,U0025,2026-01-30,烘焙早餐,烘焙,1,31.3,美团
O00630,U0025,2026-06-29,生椰拿铁,咖啡,1,46.9,小程序
O00631,U0025,2026-05-26,烘焙早餐,烘焙,1,20.4,门店
O00632,U0025,2026-02-25,生椰拿铁,咖啡,2,92.0,APP
O00633,U0025,2026-02-03,美式,咖啡,1,30.2,APP
O00634,U0025,2026-03-17,烘焙早餐,烘焙,2,40.8,小程序
O00635,U0025,2026-01-16,烘焙早餐,烘焙,1,33.7,饿了么
O00636,U0025,2026-02-14,生椰拿铁,咖啡,1,43.9,美团
O00637,U0025,2026-01-29,轻食沙拉,轻食,2,74.8,小程序
O00638,U0025,2026-01-21,生椰拿铁,咖啡,2,83.2,小程序
O00639,U0026,2026-06-24,美式,咖啡,1,26.1,门店
O00640,U0026,2026-06-23,轻食沙拉,轻食,1,28.9,门店
O00641,U0026,2026-06-13,生椰拿铁,咖啡,1,46.2,美团
O00642,U0026,2026-06-26,生椰拿铁,咖啡,1,39.8,饿了么
O00643,U0026,2026-06-14,烘焙早餐,烘焙,2,50.0,门店
O00644,U0026,2026-06-28,周边杯,周边,1,71.2,APP
O00645,U0026,2026-06-23,生椰拿铁,咖啡,1,44.7,美团
O00646,U0026,2026-06-09,周边杯,周边,1,74.5,APP
O00647,U0026,2026-06-09,烘焙早餐,烘焙,2,70.2,APP
O00648,U0026,2026-06-19,轻食沙拉,轻食,3,78.9,美团
O00649,U0026,2026-06-15,烘焙早餐,烘焙,2,63.4,APP
O00650,U0026,2026-06-28,生椰拿铁,咖啡,1,35.8,小程序
O00651,U0026,2026-06-12,烘焙早餐,烘焙,1,31.2,APP
O00652,U0026,2026-06-14,周边杯,周边,1,50.3,APP
O00653,U0026,2026-06-12,拿铁,咖啡,2,75.4,美团
O00654,U0026,2026-06-25,烘焙早餐,烘焙,1,32.0,门店
O00655,U0026,2026-06-16,烘焙早餐,烘焙,1,32.4,APP
O00656,U0026,2026-06-29,冷萃,咖啡,2,97.4,美团
O00657,U0026,2026-06-29,拿铁,咖啡,2,68.2,美团
O00658,U0026,2026-06-20,周边杯,周边,2,154.6,门店
O00659,U0026,2026-06-25,拿铁,咖啡,2,81.0,小程序
O00660,U0026,2026-06-15,烘焙早餐,烘焙,2,39.8,饿了么
O00661,U0027,2026-05-20,美式,咖啡,1,28.8,APP
O00662,U0027,2026-06-12,轻食沙拉,轻食,2,72.4,饿了么
O00663,U0027,2026-05-30,轻食沙拉,轻食,1,34.2,小程序
O00664,U0027,2026-05-18,周边杯,周边,1,56.2,门店
O00665,U0027,2026-06-19,美式,咖啡,1,28.9,门店
O00666,U0027,2026-05-28,烘焙早餐,烘焙,1,37.8,门店
O00667,U0027,2026-06-03,周边杯,周边,2,148.6,门店
O00668,U0027,2026-06-15,美式,咖啡,1,29.3,饿了么
O00669,U0027,2026-06-24,生椰拿铁,咖啡,1,36.5,美团
O00670,U0027,2026-05-08,轻食沙拉,轻食,1,25.7,小程序
O00671,U0027,2026-06-10,美式,咖啡,1,34.9,门店
O00672,U0027,2026-05-22,美式,咖啡,1,33.1,门店
O00673,U0027,2026-06-12,烘焙早餐,烘焙,2,58.2,APP
O00674,U0027,2026-05-14,拿铁,咖啡,1,35.8,门店
O00675,U0027,2026-05-31,烘焙早餐,烘焙,1,23.0,门店
O00676,U0027,2026-05-13,烘焙早餐,烘焙,2,52.0,小程序
O00677,U0027,2026-06-23,生椰拿铁,咖啡,1,44.3,饿了么
O00678,U0027,2026-06-29,拿铁,咖啡,1,38.1,饿了么
O00679,U0027,2026-06-01,拿铁,咖啡,2,82.6,门店
O00680,U0027,2026-05-30,周边杯,周边,2,132.8,小程序
O00681,U0027,2026-06-26,美式,咖啡,2,63.4,小程序
O00682,U0027,2026-06-17,周边杯,周边,1,74.3,饿了么
O00683,U0027,2026-05-10,生椰拿铁,咖啡,1,39.7,饿了么
O00684,U0027,2026-06-21,美式,咖啡,1,24.0,美团
O00685,U0027,2026-06-05,周边杯,周边,1,72.8,APP
O00686,U0027,2026-06-04,生椰拿铁,咖啡,1,44.2,门店
O00687,U0027,2026-05-13,冷萃,咖啡,1,42.3,美团
O00688,U0027,2026-05-24,拿铁,咖啡,1,34.8,APP
O00689,U0027,2026-06-25,美式,咖啡,1,28.3,美团
O00690,U0027,2026-06-18,烘焙早餐,烘焙,1,21.9,饿了么
O00691,U0028,2026-01-04,拿铁,咖啡,1,32.5,饿了么
O00692,U0028,2025-11-25,拿铁,咖啡,1,39.4,门店
O00693,U0028,2025-12-21,生椰拿铁,咖啡,1,36.2,门店
O00694,U0028,2025-12-16,生椰拿铁,咖啡,3,123.3,美团
O00695,U0028,2026-04-11,美式,咖啡,2,55.4,APP
O00696,U0028,2025-12-24,轻食沙拉,轻食,2,65.0,小程序
O00697,U0028,2025-12-01,轻食沙拉,轻食,2,52.2,APP
O00698,U0028,2026-06-13,周边杯,周边,1,81.8,小程序
O00699,U0028,2026-01-20,冷萃,咖啡,1,40.5,饿了么
O00700,U0028,2025-12-27,美式,咖啡,2,58.2,饿了么
O00701,U0028,2026-03-06,烘焙早餐,烘焙,1,32.6,小程序
O00702,U0028,2026-02-07,烘焙早餐,烘焙,1,36.1,门店
O00703,U0028,2025-12-16,拿铁,咖啡,2,65.6,饿了么
O00704,U0028,2026-01-11,拿铁,咖啡,2,71.8,小程序
O00705,U0028,2026-02-10,轻食沙拉,轻食,2,60.8,门店
O00706,U0028,2026-06-12,拿铁,咖啡,2,56.6,美团
O00707,U0028,2026-01-01,冷萃,咖啡,2,82.4,门店
O00708,U0028,2026-03-07,周边杯,周边,1,72.9,APP
O00709,U0028,2026-03-11,冷萃,咖啡,2,84.2,小程序
O00710,U0028,2026-01-05,烘焙早餐,烘焙,1,24.1,APP
O00711,U0028,2025-11-07,生椰拿铁,咖啡,1,42.3,门店
O00712,U0028,2026-01-02,烘焙早餐,烘焙,1,23.5,门店
O00713,U0028,2026-06-15,冷萃,咖啡,2,96.0,小程序
O00714,U0028,2026-03-25,生椰拿铁,咖啡,1,34.1,美团
O00715,U0028,2026-04-20,美式,咖啡,1,23.1,饿了么
O00716,U0029,2026-04-27,美式,咖啡,1,29.4,门店
O00717,U0029,2026-06-14,生椰拿铁,咖啡,1,38.1,APP
O00718,U0029,2026-06-08,烘焙早餐,烘焙,1,31.7,APP
O00719,U0029,2026-03-31,轻食沙拉,轻食,1,39.1,APP
O00720,U0029,2026-05-01,周边杯,周边,2,109.6,APP
O00721,U0029,2026-04-02,拿铁,咖啡,2,75.0,小程序
O00722,U0029,2026-02-27,生椰拿铁,咖啡,1,45.1,小程序
O00723,U0029,2026-04-02,冷萃,咖啡,1,49.3,门店
O00724,U0029,2026-02-18,周边杯,周边,1,56.5,小程序
O00725,U0029,2026-06-16,烘焙早餐,烘焙,1,23.3,APP
O00726,U0029,2026-06-12,美式,咖啡,1,25.0,小程序
O00727,U0029,2026-05-13,美式,咖啡,1,28.5,门店
O00728,U0029,2026-02-27,周边杯,周边,1,64.5,APP
O00729,U0029,2026-03-01,美式,咖啡,2,44.8,小程序
O00730,U0029,2026-03-21,冷萃,咖啡,1,36.0,APP
O00731,U0029,2026-03-04,拿铁,咖啡,3,93.0,美团
O00732,U0029,2026-06-17,冷萃,咖啡,2,88.8,APP
O00733,U0029,2026-04-30,冷萃,咖啡,1,46.0,美团
O00734,U0029,2026-04-01,冷萃,咖啡,2,86.0,饿了么
O00735,U0029,2026-05-28,烘焙早餐,烘焙,2,61.6,小程序
O00736,U0029,2026-05-24,拿铁,咖啡,2,71.4,小程序
O00737,U0029,2026-03-14,烘焙早餐,烘焙,3,86.4,小程序
O00738,U0029,2026-06-02,冷萃,咖啡,1,41.3,小程序
O00739,U0029,2026-02-28,生椰拿铁,咖啡,2,75.8,门店
O00740,U0029,2026-05-09,美式,咖啡,1,27.5,小程序
O00741,U0030,2026-06-09,美式,咖啡,1,28.0,小程序
O00742,U0030,2026-04-23,烘焙早餐,烘焙,2,40.6,饿了么
O00743,U0030,2025-11-24,冷萃,咖啡,1,39.4,APP
O00744,U0030,2026-02-14,烘焙早餐,烘焙,2,71.8,美团
O00745,U0030,2025-11-13,生椰拿铁,咖啡,1,35.8,APP
O00746,U0030,2026-04-22,轻食沙拉,轻食,1,27.5,美团
O00747,U0030,2026-04-01,生椰拿铁,咖啡,2,63.0,饿了么
O00748,U0030,2026-03-26,美式,咖啡,1,26.9,APP
O00749,U0030,2026-06-11,生椰拿铁,咖啡,1,40.2,APP
O00750,U0030,2025-12-01,周边杯,周边,2,109.6,小程序
O00751,U0030,2026-02-05,生椰拿铁,咖啡,2,71.2,美团
O00752,U0030,2026-01-02,轻食沙拉,轻食,2,57.2,APP
O00753,U0030,2025-10-21,烘焙早餐,烘焙,1,33.3,美团
O00754,U0030,2026-05-27,冷萃,咖啡,1,41.8,美团
O00755,U0030,2025-12-20,美式,咖啡,1,29.7,美团
O00756,U0030,2026-02-11,拿铁,咖啡,1,38.2,饿了么
O00757,U0030,2025-12-31,烘焙早餐,烘焙,2,61.2,APP
O00758,U0030,2025-11-02,美式,咖啡,1,23.9,小程序
O00759,U0030,2025-11-27,周边杯,周边,1,50.3,饿了么
O00760,U0030,2026-01-05,生椰拿铁,咖啡,1,46.6,美团
O00761,U0030,2025-12-05,美式,咖啡,1,30.7,饿了么
O00762,U0030,2026-03-16,周边杯,周边,3,214.5,饿了么
O00763,U0030,2026-01-21,拿铁,咖啡,1,29.6,门店
O00764,U0030,2026-06-07,冷萃,咖啡,2,93.6,饿了么
O00765,U0030,2025-11-06,生椰拿铁,咖啡,1,38.5,门店
O00766,U0030,2026-01-13,烘焙早餐,烘焙,1,26.3,APP
O00767,U0030,2026-03-26,拿铁,咖啡,2,59.8,饿了么
O00768,U0030,2026-06-30,拿铁,咖啡,1,36.2,门店
O00769,U0030,2026-02-07,烘焙早餐,烘焙,1,35.0,饿了么
O00770,U0030,2026-03-29,生椰拿铁,咖啡,1,46.7,美团
O00771,U0030,2026-03-03,轻食沙拉,轻食,1,37.6,APP
O00772,U0030,2026-06-04,烘焙早餐,烘焙,1,22.7,APP
O00773,U0030,2025-10-21,拿铁,咖啡,1,28.4,小程序
O00774,U0030,2026-04-27,周边杯,周边,1,57.3,美团
O00775,U0031,2025-11-06,生椰拿铁,咖啡,2,72.6,APP
O00776,U0031,2025-10-28,轻食沙拉,轻食,1,29.0,小程序
O00777,U0031,2026-01-12,生椰拿铁,咖啡,1,39.1,小程序
O00778,U0031,2025-11-24,轻食沙拉,轻食,1,31.7,饿了么
O00779,U0031,2026-04-01,拿铁,咖啡,1,42.1,门店
O00780,U0031,2026-06-19,轻食沙拉,轻食,1,34.6,小程序
O00781,U0031,2026-04-09,美式,咖啡,1,28.3,饿了么
O00782,U0031,2026-06-12,生椰拿铁,咖啡,2,76.6,小程序
O00783,U0031,2026-05-27,烘焙早餐,烘焙,2,48.0,门店
O00784,U0031,2026-03-17,烘焙早餐,烘焙,1,18.4,门店
O00785,U0031,2026-05-18,周边杯,周边,3,189.3,门店
O00786,U0031,2026-05-29,拿铁,咖啡,1,33.8,饿了么
O00787,U0031,2026-05-29,美式,咖啡,1,29.4,饿了么
O00788,U0031,2025-11-24,周边杯,周边,1,80.3,门店
O00789,U0031,2026-04-25,拿铁,咖啡,1,32.6,APP
O00790,U0031,2026-01-29,冷萃,咖啡,1,46.9,饿了么
O00791,U0031,2026-01-11,美式,咖啡,2,47.0,APP
O00792,U0031,2026-06-16,拿铁,咖啡,1,35.5,美团
O00793,U0031,2026-06-14,烘焙早餐,烘焙,1,21.1,美团
O00794,U0031,2026-05-01,周边杯,周边,2,139.8,APP
O00795,U0031,2026-05-10,周边杯,周边,3,158.7,饿了么
O00796,U0031,2026-04-17,美式,咖啡,1,24.7,美团
O00797,U0031,2026-04-26,周边杯,周边,1,69.9,小程序
O00798,U0031,2026-04-19,周边杯,周边,1,72.8,美团
O00799,U0031,2026-06-10,拿铁,咖啡,2,59.6,门店
O00800,U0031,2025-10-31,烘焙早餐,烘焙,1,33.2,APP
O00801,U0031,2026-01-16,美式,咖啡,1,24.5,门店
O00802,U0031,2026-05-11,冷萃,咖啡,1,44.1,APP
O00803,U0031,2026-01-04,拿铁,咖啡,1,28.3,饿了么
O00804,U0031,2025-11-21,美式,咖啡,1,29.1,门店
O00805,U0031,2025-12-01,轻食沙拉,轻食,1,41.1,APP
O00806,U0032,2026-04-11,烘焙早餐,烘焙,1,35.8,小程序
O00807,U0032,2026-02-24,拿铁,咖啡,1,36.0,小程序
O00808,U0032,2026-04-30,拿铁,咖啡,1,29.5,饿了么
O00809,U0032,2026-06-22,轻食沙拉,轻食,1,41.7,饿了么
O00810,U0032,2026-04-23,生椰拿铁,咖啡,1,36.0,饿了么
O00811,U0032,2026-02-11,周边杯,周边,1,79.6,小程序
O00812,U0032,2026-05-21,拿铁,咖啡,1,35.7,美团
O00813,U0032,2026-05-22,美式,咖啡,1,34.3,饿了么
O00814,U0032,2026-03-29,生椰拿铁,咖啡,1,37.1,门店
O00815,U0032,2026-04-15,冷萃,咖啡,1,40.8,小程序
O00816,U0032,2026-04-21,冷萃,咖啡,1,40.3,门店
O00817,U0032,2026-06-25,烘焙早餐,烘焙,1,20.5,小程序
O00818,U0032,2026-04-15,烘焙早餐,烘焙,2,62.0,饿了么
O00819,U0032,2026-05-20,冷萃,咖啡,1,42.6,APP
O00820,U0032,2026-06-11,美式,咖啡,1,34.7,门店
O00821,U0032,2026-03-16,周边杯,周边,1,76.8,美团
O00822,U0032,2026-06-16,周边杯,周边,1,62.7,APP
O00823,U0032,2026-02-10,轻食沙拉,轻食,1,43.6,美团
O00824,U0032,2026-02-20,烘焙早餐,烘焙,1,29.9,小程序
O00825,U0032,2026-05-15,美式,咖啡,1,26.0,饿了么
O00826,U0033,2026-04-29,生椰拿铁,咖啡,1,38.9,小程序
O00827,U0033,2026-02-05,周边杯,周边,1,54.6,小程序
O00828,U0033,2025-12-31,轻食沙拉,轻食,1,28.0,美团
O00829,U0033,2026-06-02,美式,咖啡,2,49.4,门店
O00830,U0033,2026-03-21,冷萃,咖啡,2,89.8,小程序
O00831,U0033,2025-10-21,烘焙早餐,烘焙,1,37.7,APP
O00832,U0033,2026-03-16,拿铁,咖啡,1,34.3,小程序
O00833,U0033,2025-10-17,轻食沙拉,轻食,3,108.6,小程序
O00834,U0033,2026-03-10,周边杯,周边,1,50.2,饿了么
O00835,U0033,2026-05-06,轻食沙拉,轻食,1,31.4,美团
O00836,U0033,2026-05-27,烘焙早餐,烘焙,1,22.2,APP
O00837,U0033,2026-01-21,烘焙早餐,烘焙,2,51.4,美团
O00838,U0033,2026-01-03,生椰拿铁,咖啡,1,48.0,APP
O00839,U0033,2025-10-22,拿铁,咖啡,1,39.0,美团
O00840,U0033,2026-05-28,美式,咖啡,1,23.1,美团
O00841,U0033,2026-06-07,周边杯,周边,2,153.6,饿了么
O00842,U0033,2026-01-17,冷萃,咖啡,1,41.2,美团
O00843,U0033,2026-05-01,生椰拿铁,咖啡,1,34.1,小程序
O00844,U0033,2026-06-29,周边杯,周边,2,156.4,门店
O00845,U0033,2026-05-15,烘焙早餐,烘焙,1,29.5,小程序
O00846,U0033,2026-06-21,轻食沙拉,轻食,1,32.4,小程序
O00847,U0034,2026-03-09,冷萃,咖啡,1,41.3,饿了么
O00848,U0034,2025-12-01,美式,咖啡,2,56.2,小程序
O00849,U0034,2026-03-25,烘焙早餐,烘焙,1,19.1,小程序
O00850,U0034,2026-06-14,冷萃,咖啡,1,41.2,门店
O00851,U0034,2026-05-20,生椰拿铁,咖啡,2,94.6,门店
O00852,U0034,2026-01-10,拿铁,咖啡,1,39.8,门店
O00853,U0034,2026-02-27,拿铁,咖啡,1,38.7,饿了么
O00854,U0034,2025-11-12,轻食沙拉,轻食,2,89.6,饿了么
O00855,U0034,2025-10-30,生椰拿铁,咖啡,1,38.7,小程序
O00856,U0034,2026-03-08,生椰拿铁,咖啡,1,32.4,门店
O00857,U0034,2025-10-24,轻食沙拉,轻食,1,27.2,饿了么
O00858,U0034,2026-01-02,轻食沙拉,轻食,2,67.8,门店
O00859,U0034,2026-02-14,冷萃,咖啡,1,35.3,小程序
O00860,U0034,2026-04-10,拿铁,咖啡,1,44.4,APP
O00861,U0034,2026-06-27,周边杯,周边,2,177.4,APP
O00862,U0034,2026-05-30,轻食沙拉,轻食,1,37.8,门店
O00863,U0034,2025-11-13,轻食沙拉,轻食,2,60.6,小程序
O00864,U0034,2026-01-10,冷萃,咖啡,1,39.2,饿了么
O00865,U0034,2026-02-13,冷萃,咖啡,1,44.3,门店
O00866,U0034,2025-12-30,烘焙早餐,烘焙,1,35.4,美团
O00867,U0034,2026-04-30,轻食沙拉,轻食,1,31.3,小程序
O00868,U0034,2025-12-05,烘焙早餐,烘焙,3,92.1,美团
O00869,U0035,2026-06-16,生椰拿铁,咖啡,1,34.8,饿了么
O00870,U0035,2026-06-20,冷萃,咖啡,2,91.8,饿了么
O00871,U0035,2026-06-07,烘焙早餐,烘焙,1,24.7,APP
O00872,U0035,2026-06-15,烘焙早餐,烘焙,1,18.2,小程序
O00873,U0035,2026-05-26,冷萃,咖啡,1,33.8,美团
O00874,U0035,2026-06-17,美式,咖啡,1,31.4,小程序
O00875,U0035,2026-05-27,烘焙早餐,烘焙,2,39.6,APP
O00876,U0035,2026-06-02,轻食沙拉,轻食,1,44.2,饿了么
O00877,U0035,2026-06-03,冷萃,咖啡,2,87.6,饿了么
O00878,U0035,2026-06-06,拿铁,咖啡,1,39.8,美团
O00879,U0035,2026-05-30,轻食沙拉,轻食,3,102.3,美团
O00880,U0035,2026-06-15,生椰拿铁,咖啡,1,32.9,小程序
O00881,U0035,2026-06-19,冷萃,咖啡,1,38.0,门店
O00882,U0035,2026-06-06,冷萃,咖啡,3,99.6,APP
O00883,U0035,2026-06-20,美式,咖啡,1,30.4,饿了么
O00884,U0035,2026-06-22,美式,咖啡,1,30.0,美团
O00885,U0035,2026-06-11,拿铁,咖啡,1,28.6,门店
O00886,U0035,2026-06-23,拿铁,咖啡,1,43.2,小程序
O00887,U0035,2026-05-28,轻食沙拉,轻食,1,32.8,门店
O00888,U0035,2026-06-20,烘焙早餐,烘焙,2,36.2,美团
O00889,U0035,2026-06-25,冷萃,咖啡,2,78.6,小程序
O00890,U0035,2026-06-29,美式,咖啡,3,66.0,美团
O00891,U0035,2026-06-02,烘焙早餐,烘焙,3,86.1,门店
O00892,U0035,2026-06-14,冷萃,咖啡,3,99.0,小程序
O00893,U0035,2026-06-18,烘焙早餐,烘焙,1,35.1,美团
O00894,U0035,2026-06-13,轻食沙拉,轻食,1,29.1,美团
O00895,U0036,2026-01-28,轻食沙拉,轻食,1,32.8,门店
O00896,U0036,2026-03-17,拿铁,咖啡,1,43.0,APP
O00897,U0036,2025-12-18,拿铁,咖啡,2,62.6,饿了么
O00898,U0036,2026-01-13,冷萃,咖啡,2,78.0,门店
O00899,U0036,2026-03-20,烘焙早餐,烘焙,2,74.6,小程序
O00900,U0036,2025-11-22,生椰拿铁,咖啡,2,62.0,小程序
O00901,U0036,2026-02-24,拿铁,咖啡,1,31.6,饿了么
O00902,U0036,2026-03-10,轻食沙拉,轻食,1,42.4,饿了么
O00903,U0036,2026-01-11,拿铁,咖啡,1,28.6,小程序
O00904,U0036,2026-03-13,烘焙早餐,烘焙,2,37.8,APP
O00905,U0036,2025-11-16,美式,咖啡,2,60.4,小程序
O00906,U0036,2026-03-09,烘焙早餐,烘焙,1,21.4,小程序
O00907,U0036,2025-12-12,冷萃,咖啡,1,42.7,小程序
O00908,U0036,2026-06-06,美式,咖啡,2,55.0,美团
O00909,U0036,2026-02-04,拿铁,咖啡,1,44.6,APP
O00910,U0036,2026-02-03,周边杯,周边,1,87.6,小程序
O00911,U0036,2026-04-13,美式,咖啡,1,26.4,APP
O00912,U0036,2026-05-25,冷萃,咖啡,1,35.0,APP
O00913,U0036,2026-03-05,美式,咖啡,1,34.0,小程序
O00914,U0036,2026-06-03,周边杯,周边,1,74.3,APP
O00915,U0036,2025-11-17,冷萃,咖啡,1,33.5,小程序
O00916,U0036,2026-05-12,轻食沙拉,轻食,1,36.9,美团
O00917,U0036,2026-05-09,美式,咖啡,1,24.7,饿了么
O00918,U0036,2026-03-08,冷萃,咖啡,1,36.3,小程序
O00919,U0037,2026-06-16,烘焙早餐,烘焙,1,37.0,门店
O00920,U0037,2026-05-28,冷萃,咖啡,1,32.1,小程序
O00921,U0037,2026-06-20,拿铁,咖啡,2,77.0,饿了么
O00922,U0037,2026-06-17,美式,咖啡,1,28.0,APP
O00923,U0037,2026-05-19,拿铁,咖啡,2,62.6,美团
O00924,U0037,2026-06-16,美式,咖啡,2,48.2,小程序
O00925,U0037,2026-05-30,生椰拿铁,咖啡,1,33.8,饿了么
O00926,U0037,2026-06-11,拿铁,咖啡,1,29.8,饿了么
O00927,U0037,2026-05-06,美式,咖啡,1,32.2,小程序
O00928,U0037,2026-04-23,美式,咖啡,1,31.4,门店
O00929,U0037,2026-06-06,美式,咖啡,2,63.4,APP
O00930,U0037,2026-04-28,生椰拿铁,咖啡,1,34.1,美团
O00931,U0037,2026-05-09,冷萃,咖啡,1,48.0,饿了么
O00932,U0037,2026-06-15,拿铁,咖啡,1,43.1,饿了么
O00933,U0037,2026-06-11,美式,咖啡,1,27.0,APP
O00934,U0037,2026-05-29,生椰拿铁,咖啡,1,33.6,饿了么
O00935,U0037,2026-04-21,生椰拿铁,咖啡,2,65.0,美团
O00936,U0037,2026-06-06,美式,咖啡,1,31.9,门店
O00937,U0037,2026-06-30,美式,咖啡,1,32.3,饿了么
O00938,U0037,2026-05-05,烘焙早餐,烘焙,2,74.8,小程序
O00939,U0037,2026-06-05,周边杯,周边,2,139.8,APP
O00940,U0037,2026-06-28,冷萃,咖啡,1,47.1,美团
O00941,U0037,2026-05-15,美式,咖啡,1,26.3,饿了么
O00942,U0038,2026-04-26,冷萃,咖啡,1,49.6,美团
O00943,U0038,2026-06-29,拿铁,咖啡,1,35.2,小程序
O00944,U0038,2026-06-22,冷萃,咖啡,1,36.3,小程序
O00945,U0038,2026-06-17,美式,咖啡,1,23.7,小程序
O00946,U0038,2026-04-28,冷萃,咖啡,1,44.0,美团
O00947,U0038,2026-04-29,冷萃,咖啡,1,40.3,美团
O00948,U0038,2026-05-19,周边杯,周边,1,83.9,小程序
O00949,U0038,2026-05-05,冷萃,咖啡,1,48.1,小程序
O00950,U0038,2026-06-02,冷萃,咖啡,1,45.6,饿了么
O00951,U0038,2026-05-22,周边杯,周边,1,76.4,门店
O00952,U0038,2026-05-03,烘焙早餐,烘焙,1,36.9,小程序
O00953,U0038,2026-05-10,冷萃,咖啡,1,38.6,门店
O00954,U0038,2026-06-11,美式,咖啡,2,60.8,饿了么
O00955,U0038,2026-05-22,美式,咖啡,1,34.8,小程序
O00956,U0038,2026-06-26,轻食沙拉,轻食,1,43.8,APP
O00957,U0038,2026-05-24,生椰拿铁,咖啡,1,36.3,美团
O00958,U0038,2026-05-31,拿铁,咖啡,1,29.1,美团
O00959,U0038,2026-06-29,烘焙早餐,烘焙,1,34.6,饿了么
O00960,U0038,2026-06-02,冷萃,咖啡,2,86.4,小程序
O00961,U0038,2026-05-20,冷萃,咖啡,1,33.6,APP
O00962,U0038,2026-06-01,拿铁,咖啡,1,29.9,APP
O00963,U0038,2026-06-28,美式,咖啡,1,33.4,小程序
O00964,U0039,2026-05-07,轻食沙拉,轻食,1,35.8,门店
O00965,U0039,2026-05-08,冷萃,咖啡,1,45.3,APP
O00966,U0039,2026-02-06,拿铁,咖啡,1,42.8,饿了么
O00967,U0039,2026-04-16,冷萃,咖啡,1,42.4,门店
O00968,U0039,2026-05-25,烘焙早餐,烘焙,1,31.3,饿了么
O00969,U0039,2026-05-14,冷萃,咖啡,1,37.5,门店
O00970,U0039,2026-03-05,周边杯,周边,1,59.4,门店
O00971,U0039,2026-02-02,美式,咖啡,1,26.6,APP
O00972,U0039,2026-06-28,美式,咖啡,1,31.3,APP
O00973,U0039,2026-03-01,美式,咖啡,1,25.1,门店
O00974,U0039,2026-06-17,美式,咖啡,1,27.7,APP
O00975,U0039,2026-06-13,轻食沙拉,轻食,1,25.7,门店
O00976,U0039,2026-02-27,生椰拿铁,咖啡,3,114.3,饿了么
O00977,U0039,2026-04-08,拿铁,咖啡,1,43.6,美团
O00978,U0039,2026-02-27,冷萃,咖啡,1,48.7,饿了么
O00979,U0039,2026-05-30,生椰拿铁,咖啡,1,41.7,门店
O00980,U0039,2026-06-16,轻食沙拉,轻食,1,27.9,美团
O00981,U0039,2026-04-17,轻食沙拉,轻食,1,27.2,小程序
O00982,U0039,2026-02-25,轻食沙拉,轻食,1,36.0,美团
O00983,U0039,2026-06-28,周边杯,周边,1,57.8,门店
O00984,U0039,2026-02-04,烘焙早餐,烘焙,1,30.8,APP
O00985,U0039,2026-04-02,美式,咖啡,1,22.3,美团
O00986,U0039,2026-02-12,烘焙早餐,烘焙,1,25.9,饿了么
O00987,U0039,2026-06-24,烘焙早餐,烘焙,2,73.8,门店
O00988,U0039,2026-05-02,美式,咖啡,1,31.3,美团
O00989,U0039,2026-04-26,拿铁,咖啡,1,32.8,美团
O00990,U0039,2026-06-13,拿铁,咖啡,2,63.4,美团
O00991,U0040,2026-02-03,美式,咖啡,3,97.5,美团
O00992,U0040,2026-04-09,美式,咖啡,1,32.9,APP
O00993,U0040,2025-12-24,生椰拿铁,咖啡,2,77.0,门店
O00994,U0040,2025-10-12,烘焙早餐,烘焙,1,33.1,美团
O00995,U0040,2026-01-26,冷萃,咖啡,1,35.1,饿了么
O00996,U0040,2025-11-18,美式,咖啡,1,24.4,饿了么
O00997,U0040,2026-05-18,拿铁,咖啡,1,42.0,饿了么
O00998,U0040,2026-02-11,冷萃,咖啡,1,42.1,小程序
O00999,U0040,2025-09-10,美式,咖啡,3,76.2,美团
O01000,U0040,2025-11-11,轻食沙拉,轻食,1,38.3,APP
O01001,U0040,2026-05-18,轻食沙拉,轻食,1,37.9,门店
O01002,U0040,2026-05-19,拿铁,咖啡,1,38.2,美团
O01003,U0040,2026-06-25,冷萃,咖啡,1,47.6,美团
O01004,U0040,2025-11-09,生椰拿铁,咖啡,1,39.2,门店
O01005,U0040,2025-12-01,烘焙早餐,烘焙,1,19.2,APP
O01006,U0040,2026-03-10,美式,咖啡,1,22.7,门店
O01007,U0040,2025-10-03,生椰拿铁,咖啡,1,35.2,小程序
O01008,U0040,2026-05-30,美式,咖啡,1,32.0,小程序
O01009,U0040,2025-12-03,烘焙早餐,烘焙,1,24.5,门店
O01010,U0040,2026-01-25,轻食沙拉,轻食,1,39.0,饿了么
O01011,U0040,2026-03-08,周边杯,周边,1,54.7,门店
O01012,U0040,2026-03-18,周边杯,周边,1,68.4,APP
O01013,U0040,2025-10-31,美式,咖啡,1,24.0,APP
O01014,U0040,2026-06-22,烘焙早餐,烘焙,3,95.4,饿了么
O01015,U0040,2026-06-18,轻食沙拉,轻食,1,40.1,美团
O01016,U0040,2025-10-18,拿铁,咖啡,2,83.8,美团
O01017,U0040,2026-03-06,生椰拿铁,咖啡,1,42.4,美团
O01018,U0040,2026-06-03,周边杯,周边,1,87.8,门店
O01019,U0040,2025-09-23,轻食沙拉,轻食,1,41.3,APP
O01020,U0040,2026-01-03,生椰拿铁,咖啡,1,32.3,小程序
O01021,U0040,2026-04-14,轻食沙拉,轻食,1,40.3,小程序
O01022,U0040,2026-05-14,周边杯,周边,1,66.2,小程序
O01023,U0041,2026-06-15,拿铁,咖啡,2,72.0,小程序
O01024,U0041,2025-09-18,生椰拿铁,咖啡,2,84.0,小程序
O01025,U0041,2026-06-20,美式,咖啡,1,29.6,门店
O01026,U0041,2025-08-30,拿铁,咖啡,2,61.0,门店
O01027,U0041,2026-06-08,生椰拿铁,咖啡,2,72.6,饿了么
O01028,U0041,2025-12-17,烘焙早餐,烘焙,1,29.4,饿了么
O01029,U0041,2025-08-23,烘焙早餐,烘焙,1,22.3,门店
O01030,U0041,2025-11-11,周边杯,周边,3,211.5,小程序
O01031,U0041,2025-12-03,烘焙早餐,烘焙,1,35.0,饿了么
O01032,U0041,2025-11-18,冷萃,咖啡,1,44.1,门店
O01033,U0041,2026-02-26,冷萃,咖啡,1,35.9,小程序
O01034,U0041,2026-01-23,拿铁,咖啡,1,35.9,美团
O01035,U0041,2026-02-16,轻食沙拉,轻食,2,61.6,小程序
O01036,U0041,2026-01-30,冷萃,咖啡,1,34.1,饿了么
O01037,U0041,2026-01-22,轻食沙拉,轻食,1,44.5,饿了么
O01038,U0041,2026-03-12,生椰拿铁,咖啡,1,47.7,小程序
O01039,U0041,2026-04-16,轻食沙拉,轻食,1,32.3,美团
O01040,U0041,2025-10-08,冷萃,咖啡,1,39.9,小程序
O01041,U0041,2025-10-16,美式,咖啡,1,27.1,小程序
O01042,U0041,2025-11-10,拿铁,咖啡,1,34.2,APP
O01043,U0041,2026-06-16,周边杯,周边,1,88.6,美团
O01044,U0041,2026-04-28,生椰拿铁,咖啡,2,87.6,饿了么
O01045,U0041,2026-01-02,周边杯,周边,1,80.6,美团
O01046,U0041,2026-02-14,冷萃,咖啡,3,132.0,美团
O01047,U0041,2026-05-04,生椰拿铁,咖啡,1,32.7,小程序
O01048,U0041,2025-12-22,冷萃,咖啡,1,41.0,APP
O01049,U0041,2025-08-31,拿铁,咖啡,2,81.0,美团
O01050,U0041,2025-08-29,美式,咖啡,1,27.0,APP
O01051,U0041,2026-01-18,烘焙早餐,烘焙,2,61.0,饿了么
O01052,U0041,2026-04-25,周边杯,周边,1,67.6,美团
O01053,U0041,2026-04-24,烘焙早餐,烘焙,1,23.2,饿了么
O01054,U0041,2026-05-22,拿铁,咖啡,1,44.2,美团
O01055,U0041,2025-10-15,冷萃,咖啡,2,80.2,美团
O01056,U0041,2026-04-08,拿铁,咖啡,1,28.6,门店
O01057,U0042,2026-05-26,冷萃,咖啡,2,68.8,美团
O01058,U0042,2025-11-12,烘焙早餐,烘焙,1,31.5,饿了么
O01059,U0042,2026-05-15,冷萃,咖啡,1,42.1,小程序
O01060,U0042,2026-04-05,生椰拿铁,咖啡,3,116.7,饿了么
O01061,U0042,2026-03-16,周边杯,周边,1,88.1,小程序
O01062,U0042,2025-10-10,美式,咖啡,1,32.9,饿了么
O01063,U0042,2025-09-30,周边杯,周边,1,84.7,小程序
O01064,U0042,2026-04-24,生椰拿铁,咖啡,1,47.9,小程序
O01065,U0042,2026-01-20,美式,咖啡,1,25.1,小程序
O01066,U0042,2025-10-20,周边杯,周边,1,61.2,小程序
O01067,U0042,2026-06-19,生椰拿铁,咖啡,1,30.7,美团
O01068,U0042,2026-06-07,冷萃,咖啡,1,36.8,饿了么
O01069,U0042,2025-09-28,生椰拿铁,咖啡,1,36.8,饿了么
O01070,U0042,2025-11-06,周边杯,周边,1,68.5,APP
O01071,U0042,2026-03-08,冷萃,咖啡,2,82.0,门店
O01072,U0042,2025-12-11,烘焙早餐,烘焙,3,72.0,APP
O01073,U0042,2026-05-29,轻食沙拉,轻食,2,83.8,饿了么
O01074,U0042,2026-01-04,生椰拿铁,咖啡,1,34.8,饿了么
O01075,U0042,2026-04-10,周边杯,周边,2,116.0,小程序
O01076,U0042,2025-11-04,烘焙早餐,烘焙,1,24.7,饿了么
O01077,U0042,2026-05-18,冷萃,咖啡,2,71.6,门店
O01078,U0042,2026-06-02,周边杯,周边,1,61.0,门店
O01079,U0042,2025-12-28,冷萃,咖啡,1,39.2,美团
O01080,U0043,2026-05-13,拿铁,咖啡,1,38.7,APP
O01081,U0043,2026-06-07,冷萃,咖啡,3,107.4,美团
O01082,U0043,2026-05-19,轻食沙拉,轻食,1,35.7,美团
O01083,U0043,2026-06-30,烘焙早餐,烘焙,1,32.5,APP
O01084,U0043,2026-05-25,冷萃,咖啡,1,34.7,门店
O01085,U0043,2026-06-25,冷萃,咖啡,2,78.8,小程序
O01086,U0043,2026-06-11,美式,咖啡,1,33.0,门店
O01087,U0043,2026-06-12,美式,咖啡,1,25.3,美团
O01088,U0043,2026-05-17,拿铁,咖啡,1,30.5,门店
O01089,U0043,2026-05-31,冷萃,咖啡,1,42.1,小程序
O01090,U0043,2026-05-14,美式,咖啡,1,25.5,门店
O01091,U0043,2026-06-13,烘焙早餐,烘焙,2,43.0,美团
O01092,U0043,2026-06-21,拿铁,咖啡,2,57.8,门店
O01093,U0043,2026-06-09,生椰拿铁,咖啡,2,91.2,美团
O01094,U0043,2026-06-28,生椰拿铁,咖啡,2,84.2,美团
O01095,U0043,2026-06-24,轻食沙拉,轻食,1,41.9,饿了么
O01096,U0043,2026-06-18,烘焙早餐,烘焙,1,36.7,饿了么
O01097,U0043,2026-06-20,烘焙早餐,烘焙,2,46.0,APP
O01098,U0043,2026-06-09,拿铁,咖啡,1,41.1,饿了么
O01099,U0043,2026-06-18,冷萃,咖啡,2,93.0,美团
O01100,U0043,2026-05-15,美式,咖啡,1,23.4,门店
O01101,U0043,2026-05-30,冷萃,咖啡,1,36.6,美团
O01102,U0043,2026-06-05,生椰拿铁,咖啡,1,42.6,饿了么
O01103,U0043,2026-05-29,冷萃,咖啡,3,132.9,APP
O01104,U0043,2026-05-25,冷萃,咖啡,2,89.8,小程序
O01105,U0043,2026-06-12,烘焙早餐,烘焙,2,37.4,小程序
O01106,U0043,2026-06-15,周边杯,周边,1,75.9,美团
O01107,U0043,2026-05-21,轻食沙拉,轻食,1,44.2,小程序
O01108,U0043,2026-06-05,周边杯,周边,1,58.5,小程序
O01109,U0043,2026-06-29,冷萃,咖啡,2,97.4,门店
O01110,U0043,2026-05-07,周边杯,周边,1,79.3,APP
O01111,U0043,2026-06-29,冷萃,咖啡,2,86.8,美团
O01112,U0043,2026-06-21,拿铁,咖啡,1,32.7,美团
O01113,U0043,2026-06-01,轻食沙拉,轻食,2,66.6,美团
O01114,U0043,2026-06-27,周边杯,周边,1,53.0,门店
O01115,U0044,2026-01-28,生椰拿铁,咖啡,2,75.2,饿了么
O01116,U0044,2026-04-05,冷萃,咖啡,2,89.0,APP
O01117,U0044,2026-06-22,冷萃,咖啡,1,46.2,美团
O01118,U0044,2026-03-04,轻食沙拉,轻食,1,31.1,小程序
O01119,U0044,2026-02-21,美式,咖啡,3,86.1,APP
O01120,U0044,2026-06-13,轻食沙拉,轻食,2,66.4,美团
O01121,U0044,2026-05-14,周边杯,周边,1,78.4,饿了么
O01122,U0044,2026-04-05,周边杯,周边,1,60.3,门店
O01123,U0044,2026-02-27,冷萃,咖啡,2,95.6,饿了么
O01124,U0044,2026-03-10,拿铁,咖啡,2,88.2,饿了么
O01125,U0044,2026-06-21,美式,咖啡,3,101.4,APP
O01126,U0044,2026-03-20,轻食沙拉,轻食,1,42.0,饿了么
O01127,U0044,2026-05-01,烘焙早餐,烘焙,1,23.2,门店
O01128,U0044,2026-02-24,烘焙早餐,烘焙,2,40.6,美团
O01129,U0044,2026-05-08,周边杯,周边,1,75.9,APP
O01130,U0044,2026-03-01,周边杯,周边,1,81.5,美团
O01131,U0044,2026-04-19,美式,咖啡,1,27.6,APP
O01132,U0044,2026-03-25,轻食沙拉,轻食,1,38.5,美团
O01133,U0044,2026-02-18,拿铁,咖啡,1,32.9,饿了么
O01134,U0044,2026-05-07,美式,咖啡,1,26.8,美团
O01135,U0044,2026-02-02,拿铁,咖啡,2,72.0,美团
O01136,U0044,2026-03-07,轻食沙拉,轻食,1,32.7,饿了么
O01137,U0044,2026-03-18,拿铁,咖啡,1,29.6,门店
O01138,U0044,2026-03-13,冷萃,咖啡,3,144.9,饿了么
O01139,U0044,2026-01-23,拿铁,咖啡,1,32.3,门店
O01140,U0044,2026-04-23,轻食沙拉,轻食,3,97.2,饿了么
O01141,U0044,2026-01-22,烘焙早餐,烘焙,1,21.6,美团
O01142,U0044,2026-04-08,冷萃,咖啡,1,34.4,饿了么
O01143,U0044,2026-05-02,美式,咖啡,1,25.4,APP
O01144,U0044,2026-05-19,周边杯,周边,1,87.9,门店
O01145,U0044,2026-05-02,生椰拿铁,咖啡,1,46.3,门店
O01146,U0044,2026-05-24,生椰拿铁,咖啡,1,37.8,美团
O01147,U0044,2026-02-19,烘焙早餐,烘焙,1,35.1,美团
O01148,U0044,2026-01-25,美式,咖啡,1,23.9,小程序
O01149,U0045,2026-04-30,美式,咖啡,1,31.2,美团
O01150,U0045,2026-04-02,冷萃,咖啡,2,76.8,美团
O01151,U0045,2026-05-25,冷萃,咖啡,2,68.0,APP
O01152,U0045,2026-04-12,生椰拿铁,咖啡,2,63.4,APP
O01153,U0045,2026-04-18,轻食沙拉,轻食,1,35.2,饿了么
O01154,U0045,2026-04-24,烘焙早餐,烘焙,1,38.0,饿了么
O01155,U0045,2026-04-20,冷萃,咖啡,1,48.6,美团
O01156,U0045,2026-06-22,拿铁,咖啡,1,43.1,小程序
O01157,U0045,2026-05-17,生椰拿铁,咖啡,3,121.8,门店
O01158,U0045,2026-04-16,拿铁,咖啡,2,58.8,美团
O01159,U0045,2026-05-25,轻食沙拉,轻食,1,44.1,小程序
O01160,U0045,2026-05-09,拿铁,咖啡,3,117.6,门店
O01161,U0045,2026-06-29,轻食沙拉,轻食,2,86.2,APP
O01162,U0045,2026-04-24,周边杯,周边,1,50.9,门店
O01163,U0045,2026-04-04,轻食沙拉,轻食,3,79.2,美团
O01164,U0045,2026-04-08,冷萃,咖啡,1,36.6,美团
O01165,U0045,2026-04-08,拿铁,咖啡,1,42.5,美团
O01166,U0045,2026-05-03,轻食沙拉,轻食,1,40.1,小程序
O01167,U0045,2026-05-05,冷萃,咖啡,2,92.8,门店
O01168,U0045,2026-06-23,烘焙早餐,烘焙,1,20.6,门店
O01169,U0045,2026-06-01,美式,咖啡,2,56.8,美团
O01170,U0045,2026-05-01,烘焙早餐,烘焙,1,30.0,美团
O01171,U0045,2026-05-14,烘焙早餐,烘焙,1,21.7,小程序
O01172,U0045,2026-04-02,烘焙早餐,烘焙,1,24.8,APP
O01173,U0045,2026-06-18,轻食沙拉,轻食,2,78.6,饿了么
O01174,U0045,2026-06-16,轻食沙拉,轻食,1,35.5,美团
O01175,U0045,2026-04-07,周边杯,周边,1,68.1,APP
O01176,U0045,2026-06-23,生椰拿铁,咖啡,1,45.1,门店
O01177,U0045,2026-06-08,拿铁,咖啡,2,74.8,饿了么
O01178,U0045,2026-04-10,烘焙早餐,烘焙,1,26.5,饿了么
O01179,U0045,2026-04-29,生椰拿铁,咖啡,1,34.6,饿了么
O01180,U0045,2026-03-30,拿铁,咖啡,1,40.6,APP
O01181,U0045,2026-05-17,拿铁,咖啡,2,58.8,门店
O01182,U0046,2026-05-02,轻食沙拉,轻食,1,34.1,饿了么
O01183,U0046,2025-11-18,生椰拿铁,咖啡,2,94.8,APP
O01184,U0046,2025-10-22,美式,咖啡,3,69.0,门店
O01185,U0046,2026-06-15,拿铁,咖啡,1,35.4,美团
O01186,U0046,2025-09-03,拿铁,咖啡,1,30.9,美团
O01187,U0046,2026-06-07,轻食沙拉,轻食,1,37.0,饿了么
O01188,U0046,2026-05-17,生椰拿铁,咖啡,3,127.2,美团
O01189,U0046,2025-12-07,拿铁,咖啡,1,30.1,小程序
O01190,U0046,2025-07-14,轻食沙拉,轻食,2,88.8,APP
O01191,U0046,2026-03-09,轻食沙拉,轻食,1,27.9,饿了么
O01192,U0046,2025-10-11,拿铁,咖啡,1,33.1,美团
O01193,U0046,2026-02-07,拿铁,咖啡,2,60.0,美团
O01194,U0046,2026-03-11,冷萃,咖啡,1,32.4,APP
O01195,U0046,2025-10-17,生椰拿铁,咖啡,2,80.4,小程序
O01196,U0046,2025-12-23,拿铁,咖啡,2,59.4,美团
O01197,U0046,2026-02-03,周边杯,周边,1,68.8,饿了么
O01198,U0046,2025-12-01,拿铁,咖啡,1,36.3,饿了么
O01199,U0046,2026-05-15,轻食沙拉,轻食,2,86.2,APP
O01200,U0046,2025-08-06,烘焙早餐,烘焙,1,18.4,饿了么
O01201,U0046,2025-08-07,生椰拿铁,咖啡,1,46.1,美团
O01202,U0046,2025-09-03,冷萃,咖啡,1,43.2,美团
O01203,U0046,2026-06-28,冷萃,咖啡,1,32.4,APP
O01204,U0046,2026-03-03,生椰拿铁,咖啡,1,37.9,饿了么
O01205,U0046,2026-06-21,生椰拿铁,咖啡,2,93.2,美团
O01206,U0046,2025-09-11,生椰拿铁,咖啡,1,43.0,美团
O01207,U0046,2026-06-15,轻食沙拉,轻食,2,79.4,APP
O01208,U0046,2026-05-20,美式,咖啡,2,51.4,美团
O01209,U0046,2025-09-10,美式,咖啡,1,24.6,小程序
O01210,U0047,2026-03-20,生椰拿铁,咖啡,1,34.2,小程序
O01211,U0047,2026-02-13,生椰拿铁,咖啡,1,36.4,饿了么
O01212,U0047,2025-11-22,周边杯,周边,1,51.5,饿了么
O01213,U0047,2026-01-11,拿铁,咖啡,1,37.6,门店
O01214,U0047,2026-06-02,生椰拿铁,咖啡,2,87.6,饿了么
O01215,U0047,2026-01-21,美式,咖啡,2,66.2,饿了么
O01216,U0047,2026-05-04,拿铁,咖啡,2,80.0,美团
O01217,U0047,2026-06-06,冷萃,咖啡,2,98.6,小程序
O01218,U0047,2026-06-02,烘焙早餐,烘焙,2,60.4,小程序
O01219,U0047,2026-06-12,烘焙早餐,烘焙,1,18.8,小程序
O01220,U0047,2026-06-24,美式,咖啡,1,33.8,门店
O01221,U0047,2026-05-14,冷萃,咖啡,1,45.7,小程序
O01222,U0047,2025-12-23,轻食沙拉,轻食,2,64.6,小程序
O01223,U0047,2026-06-19,美式,咖啡,1,27.7,小程序
O01224,U0047,2026-01-15,周边杯,周边,1,81.4,饿了么
O01225,U0047,2025-12-27,拿铁,咖啡,2,65.0,美团
O01226,U0047,2026-02-14,轻食沙拉,轻食,1,38.3,饿了么
O01227,U0047,2026-03-01,周边杯,周边,2,116.2,美团
O01228,U0047,2026-02-26,冷萃,咖啡,1,49.1,门店
O01229,U0047,2025-11-21,冷萃,咖啡,1,34.6,饿了么
O01230,U0047,2025-12-01,拿铁,咖啡,1,33.8,APP
O01231,U0047,2026-03-05,拿铁,咖啡,1,34.7,APP
O01232,U0047,2026-04-10,拿铁,咖啡,3,133.8,饿了么
O01233,U0047,2026-01-28,冷萃,咖啡,1,39.2,饿了么
O01234,U0047,2026-06-25,生椰拿铁,咖啡,1,43.0,门店
O01235,U0047,2025-11-16,周边杯,周边,1,60.2,APP
O01236,U0047,2026-05-12,冷萃,咖啡,1,40.0,饿了么
O01237,U0047,2026-04-22,周边杯,周边,1,73.7,门店
O01238,U0047,2026-06-29,周边杯,周边,1,80.3,APP
O01239,U0047,2026-06-27,生椰拿铁,咖啡,1,31.5,美团
O01240,U0047,2026-05-18,轻食沙拉,轻食,1,39.8,饿了么
O01241,U0048,2026-01-21,拿铁,咖啡,1,36.7,门店
O01242,U0048,2026-06-09,轻食沙拉,轻食,1,28.2,饿了么
O01243,U0048,2026-04-28,生椰拿铁,咖啡,2,68.6,美团
O01244,U0048,2026-04-06,拿铁,咖啡,2,80.8,门店
O01245,U0048,2026-05-07,烘焙早餐,烘焙,1,25.1,小程序
O01246,U0048,2026-03-22,生椰拿铁,咖啡,1,40.3,门店
O01247,U0048,2026-01-27,周边杯,周边,1,78.8,饿了么
O01248,U0048,2026-04-29,美式,咖啡,1,26.6,饿了么
O01249,U0048,2026-05-19,美式,咖啡,1,31.3,APP
O01250,U0048,2025-12-24,生椰拿铁,咖啡,1,39.3,门店
O01251,U0048,2026-03-24,拿铁,咖啡,1,30.5,美团
O01252,U0048,2025-12-18,拿铁,咖啡,2,58.2,美团
O01253,U0048,2026-01-21,冷萃,咖啡,1,33.4,美团
O01254,U0048,2026-04-27,烘焙早餐,烘焙,1,28.4,门店
O01255,U0048,2026-04-26,冷萃,咖啡,3,130.5,美团
O01256,U0048,2026-06-03,冷萃,咖啡,1,46.8,APP
O01257,U0048,2026-04-01,轻食沙拉,轻食,3,102.6,饿了么
O01258,U0048,2026-04-12,拿铁,咖啡,1,39.8,小程序
O01259,U0048,2026-06-07,美式,咖啡,1,34.3,小程序
O01260,U0048,2026-05-01,周边杯,周边,1,65.3,饿了么
O01261,U0048,2026-02-10,拿铁,咖啡,1,36.9,门店
O01262,U0048,2026-03-03,生椰拿铁,咖啡,1,35.3,APP
O01263,U0048,2026-01-03,周边杯,周边,1,72.6,门店
O01264,U0048,2026-02-08,美式,咖啡,2,48.8,小程序
O01265,U0048,2025-12-29,烘焙早餐,烘焙,2,50.0,美团
O01266,U0048,2026-03-31,烘焙早餐,烘焙,1,24.2,门店
O01267,U0048,2026-06-16,冷萃,咖啡,2,81.2,饿了么
O01268,U0049,2026-03-25,烘焙早餐,烘焙,2,61.4,美团
O01269,U0049,2026-03-28,周边杯,周边,1,78.1,饿了么
O01270,U0049,2026-06-02,冷萃,咖啡,1,36.2,饿了么
O01271,U0049,2026-03-01,轻食沙拉,轻食,2,85.6,小程序
O01272,U0049,2026-04-01,轻食沙拉,轻食,1,25.5,门店
O01273,U0049,2026-03-21,轻食沙拉,轻食,1,36.2,饿了么
O01274,U0049,2026-03-03,烘焙早餐,烘焙,2,56.8,饿了么
O01275,U0049,2026-02-22,拿铁,咖啡,1,39.2,小程序
O01276,U0049,2026-04-29,周边杯,周边,2,114.4,饿了么
O01277,U0049,2026-06-11,拿铁,咖啡,1,41.7,美团
O01278,U0049,2026-03-01,冷萃,咖啡,1,47.5,美团
O01279,U0049,2026-04-05,冷萃,咖啡,1,32.4,美团
O01280,U0049,2026-04-24,拿铁,咖啡,1,29.9,APP
O01281,U0049,2026-05-02,美式,咖啡,2,48.8,APP
O01282,U0049,2026-05-07,冷萃,咖啡,1,44.2,门店
O01283,U0049,2026-04-05,拿铁,咖啡,1,40.1,小程序
O01284,U0049,2026-05-10,美式,咖啡,1,27.4,美团
O01285,U0049,2026-03-20,拿铁,咖啡,2,62.8,饿了么
O01286,U0049,2026-04-19,冷萃,咖啡,1,41.2,小程序
O01287,U0049,2026-04-27,拿铁,咖啡,1,33.4,小程序
O01288,U0049,2026-06-21,拿铁,咖啡,1,34.9,小程序
O01289,U0049,2026-04-27,烘焙早餐,烘焙,1,37.3,APP
O01290,U0050,2026-06-05,周边杯,周边,1,54.0,美团
O01291,U0050,2026-03-24,周边杯,周边,1,74.4,APP
O01292,U0050,2026-04-30,烘焙早餐,烘焙,2,75.4,饿了么
O01293,U0050,2026-05-07,烘焙早餐,烘焙,1,27.0,美团
O01294,U0050,2026-06-28,烘焙早餐,烘焙,3,71.4,小程序
O01295,U0050,2026-03-21,冷萃,咖啡,1,36.9,美团
O01296,U0050,2026-04-27,周边杯,周边,1,74.3,饿了么
O01297,U0050,2026-04-19,拿铁,咖啡,1,30.7,小程序
O01298,U0050,2026-04-21,拿铁,咖啡,1,34.7,APP
O01299,U0050,2026-06-14,烘焙早餐,烘焙,2,76.0,APP
O01300,U0050,2026-05-31,烘焙早餐,烘焙,1,37.1,门店
O01301,U0050,2026-06-03,生椰拿铁,咖啡,2,95.2,门店
O01302,U0050,2026-04-14,轻食沙拉,轻食,1,44.7,美团
O01303,U0050,2026-05-29,生椰拿铁,咖啡,1,30.3,小程序
O01304,U0050,2026-05-30,冷萃,咖啡,1,32.1,APP
O01305,U0050,2026-05-05,烘焙早餐,烘焙,2,71.8,美团
O01306,U0050,2026-05-21,拿铁,咖啡,1,41.4,小程序
O01307,U0050,2026-05-21,拿铁,咖啡,2,86.4,美团
O01308,U0050,2026-06-08,拿铁,咖啡,2,68.0,饿了么
O01309,U0050,2026-04-28,冷萃,咖啡,2,70.4,小程序
O01310,U0050,2026-03-29,冷萃,咖啡,1,38.7,小程序
O01311,U0050,2026-04-11,轻食沙拉,轻食,1,25.4,门店
O01312,U0050,2026-04-07,拿铁,咖啡,1,41.9,APP
O01313,U0050,2026-04-12,冷萃,咖啡,1,49.4,美团
O01314,U0050,2026-06-12,轻食沙拉,轻食,1,37.1,美团
O01315,U0050,2026-03-28,周边杯,周边,1,60.1,APP
O01316,U0050,2026-05-23,美式,咖啡,1,30.6,饿了么
O01317,U0050,2026-05-25,美式,咖啡,1,22.8,小程序
O01318,U0050,2026-03-30,生椰拿铁,咖啡,2,93.6,饿了么
O01319,U0050,2026-06-15,周边杯,周边,2,120.0,小程序
O01320,U0050,2026-06-10,轻食沙拉,轻食,1,35.7,饿了么
O01321,U0050,2026-05-11,拿铁,咖啡,1,43.9,小程序
O01322,U0050,2026-04-24,冷萃,咖啡,1,47.2,小程序
O01323,U0050,2026-06-09,烘焙早餐,烘焙,1,27.3,小程序
O01324,U0050,2026-06-14,美式,咖啡,2,45.2,饿了么
O01325,U0051,2026-02-01,拿铁,咖啡,1,34.7,饿了么
O01326,U0051,2025-09-05,轻食沙拉,轻食,1,29.5,小程序
O01327,U0051,2025-12-29,美式,咖啡,1,24.1,小程序
O01328,U0051,2025-09-07,冷萃,咖啡,1,39.8,门店
O01329,U0051,2025-12-30,美式,咖啡,1,23.4,门店
O01330,U0051,2025-09-20,周边杯,周边,2,124.6,小程序
O01331,U0051,2026-06-27,烘焙早餐,烘焙,1,26.8,美团
O01332,U0051,2026-06-16,拿铁,咖啡,1,29.5,小程序
O01333,U0051,2026-03-05,生椰拿铁,咖啡,1,46.0,APP
O01334,U0051,2025-09-24,周边杯,周边,1,66.7,美团
O01335,U0051,2025-09-26,拿铁,咖啡,1,39.5,门店
O01336,U0051,2026-03-07,冷萃,咖啡,2,67.4,APP
O01337,U0051,2026-06-26,周边杯,周边,1,75.4,美团
O01338,U0051,2026-04-18,周边杯,周边,1,66.1,小程序
O01339,U0051,2026-02-13,轻食沙拉,轻食,2,87.6,美团
O01340,U0051,2026-05-15,生椰拿铁,咖啡,1,40.6,小程序
O01341,U0051,2026-06-24,轻食沙拉,轻食,2,52.8,APP
O01342,U0051,2026-06-13,美式,咖啡,1,30.3,美团
O01343,U0051,2026-04-27,轻食沙拉,轻食,1,37.4,APP
O01344,U0051,2025-09-15,拿铁,咖啡,1,30.2,饿了么
O01345,U0051,2026-02-23,生椰拿铁,咖啡,1,40.5,APP
O01346,U0051,2025-11-07,冷萃,咖啡,1,37.6,门店
O01347,U0051,2025-08-28,烘焙早餐,烘焙,1,29.7,小程序
O01348,U0051,2025-12-23,烘焙早餐,烘焙,1,34.4,小程序
O01349,U0051,2026-03-28,生椰拿铁,咖啡,1,33.5,APP
O01350,U0051,2025-09-28,生椰拿铁,咖啡,1,33.4,美团
O01351,U0051,2026-06-27,轻食沙拉,轻食,1,31.6,门店
O01352,U0051,2026-01-24,冷萃,咖啡,1,37.9,小程序
O01353,U0051,2026-05-04,美式,咖啡,1,34.0,APP
O01354,U0051,2026-04-19,烘焙早餐,烘焙,1,22.3,门店
O01355,U0051,2026-03-04,美式,咖啡,2,54.4,小程序
O01356,U0051,2026-02-25,拿铁,咖啡,1,29.3,小程序
O01357,U0052,2026-05-26,冷萃,咖啡,1,35.5,门店
O01358,U0052,2026-05-10,拿铁,咖啡,1,31.4,APP
O01359,U0052,2026-05-24,轻食沙拉,轻食,2,57.0,APP
O01360,U0052,2026-05-19,美式,咖啡,2,44.6,小程序
O01361,U0052,2026-05-09,周边杯,周边,1,76.1,小程序
O01362,U0052,2026-05-29,美式,咖啡,1,26.0,门店
O01363,U0052,2026-06-19,美式,咖啡,3,102.6,饿了么
O01364,U0052,2026-06-04,轻食沙拉,轻食,1,26.3,APP
O01365,U0052,2026-06-27,美式,咖啡,1,24.5,门店
O01366,U0052,2026-05-28,烘焙早餐,烘焙,1,26.6,小程序
O01367,U0052,2026-06-25,烘焙早餐,烘焙,2,59.4,门店
O01368,U0052,2026-06-27,美式,咖啡,1,26.3,门店
O01369,U0052,2026-05-16,周边杯,周边,1,69.3,美团
O01370,U0052,2026-05-21,轻食沙拉,轻食,1,26.6,饿了么
O01371,U0052,2026-05-12,美式,咖啡,2,57.2,饿了么
O01372,U0052,2026-05-31,冷萃,咖啡,1,41.3,门店
O01373,U0052,2026-06-10,轻食沙拉,轻食,3,104.1,美团
O01374,U0052,2026-05-25,烘焙早餐,烘焙,2,52.0,饿了么
O01375,U0052,2026-06-18,拿铁,咖啡,2,63.0,美团
O01376,U0052,2026-05-23,冷萃,咖啡,1,35.9,美团
O01377,U0052,2026-06-13,美式,咖啡,1,34.2,饿了么
O01378,U0052,2026-05-13,美式,咖啡,1,31.8,饿了么
O01379,U0053,2026-03-07,烘焙早餐,烘焙,1,18.8,门店
O01380,U0053,2026-04-27,冷萃,咖啡,1,40.4,美团
O01381,U0053,2026-03-30,生椰拿铁,咖啡,1,36.9,APP
O01382,U0053,2026-03-16,轻食沙拉,轻食,2,53.0,门店
O01383,U0053,2026-05-16,烘焙早餐,烘焙,1,28.9,门店
O01384,U0053,2026-03-07,拿铁,咖啡,1,30.0,饿了么
O01385,U0053,2026-02-28,生椰拿铁,咖啡,1,33.5,门店
O01386,U0053,2026-03-19,美式,咖啡,3,93.6,饿了么
O01387,U0053,2026-03-15,拿铁,咖啡,1,41.1,门店
O01388,U0053,2026-04-21,冷萃,咖啡,2,93.6,小程序
O01389,U0053,2026-05-08,轻食沙拉,轻食,2,70.6,APP
O01390,U0053,2026-04-19,美式,咖啡,2,50.0,美团
O01391,U0053,2026-03-08,烘焙早餐,烘焙,1,29.7,美团
O01392,U0053,2026-05-06,生椰拿铁,咖啡,1,44.3,APP
O01393,U0053,2026-04-27,周边杯,周边,1,86.7,美团
O01394,U0053,2026-05-03,周边杯,周边,1,71.3,饿了么
O01395,U0053,2026-02-09,生椰拿铁,咖啡,1,47.0,门店
O01396,U0053,2026-04-04,美式,咖啡,1,27.4,美团
O01397,U0053,2026-05-25,生椰拿铁,咖啡,1,35.9,小程序
O01398,U0053,2026-02-12,美式,咖啡,3,104.1,饿了么
O01399,U0053,2026-06-18,周边杯,周边,1,73.1,美团
O01400,U0053,2026-04-15,美式,咖啡,1,34.3,美团
O01401,U0053,2026-02-25,冷萃,咖啡,1,34.0,美团
O01402,U0053,2026-06-20,生椰拿铁,咖啡,1,31.7,饿了么
O01403,U0053,2026-02-22,拿铁,咖啡,1,42.1,小程序
O01404,U0053,2026-02-24,美式,咖啡,3,68.7,门店
O01405,U0053,2026-03-01,美式,咖啡,1,25.8,美团
O01406,U0053,2026-01-22,生椰拿铁,咖啡,1,39.3,美团
O01407,U0053,2026-04-18,美式,咖啡,1,34.9,美团
O01408,U0054,2026-04-06,冷萃,咖啡,2,98.4,APP
O01409,U0054,2026-04-24,生椰拿铁,咖啡,2,75.6,美团
O01410,U0054,2026-04-18,烘焙早餐,烘焙,1,29.5,APP
O01411,U0054,2026-06-01,轻食沙拉,轻食,1,38.7,小程序
O01412,U0054,2026-04-16,冷萃,咖啡,1,33.2,APP
O01413,U0054,2026-06-04,生椰拿铁,咖啡,2,92.8,美团
O01414,U0054,2026-05-27,烘焙早餐,烘焙,1,18.8,美团
O01415,U0054,2026-05-12,轻食沙拉,轻食,2,83.8,美团
O01416,U0054,2026-06-15,周边杯,周边,1,81.4,APP
O01417,U0054,2026-04-20,烘焙早餐,烘焙,1,32.7,APP
O01418,U0054,2026-06-26,烘焙早餐,烘焙,1,19.9,小程序
O01419,U0054,2026-04-28,周边杯,周边,2,110.6,饿了么
O01420,U0054,2026-05-05,轻食沙拉,轻食,1,43.3,APP
O01421,U0054,2026-05-31,冷萃,咖啡,1,49.9,门店
O01422,U0054,2026-04-07,周边杯,周边,2,106.4,门店
O01423,U0054,2026-05-20,冷萃,咖啡,1,35.0,小程序
O01424,U0054,2026-05-27,拿铁,咖啡,1,29.2,美团
O01425,U0054,2026-05-16,生椰拿铁,咖啡,2,86.8,美团
O01426,U0054,2026-04-02,拿铁,咖啡,2,64.6,APP
O01427,U0054,2026-05-09,轻食沙拉,轻食,1,40.0,小程序
O01428,U0054,2026-04-08,烘焙早餐,烘焙,2,62.2,美团
O01429,U0054,2026-04-15,冷萃,咖啡,2,93.6,APP
O01430,U0054,2026-03-31,烘焙早餐,烘焙,1,20.0,饿了么
O01431,U0054,2026-05-18,美式,咖啡,2,46.0,门店
O01432,U0054,2026-04-17,冷萃,咖啡,1,38.4,小程序
O01433,U0054,2026-06-23,烘焙早餐,烘焙,1,22.3,饿了么
O01434,U0054,2026-06-19,轻食沙拉,轻食,2,78.6,美团
O01435,U0054,2026-06-25,生椰拿铁,咖啡,1,38.0,小程序
O01436,U0054,2026-05-16,周边杯,周边,1,57.1,APP
O01437,U0054,2026-04-23,拿铁,咖啡,1,28.3,小程序
O01438,U0054,2026-05-11,周边杯,周边,1,56.7,APP
O01439,U0054,2026-04-10,周边杯,周边,1,82.4,APP
O01440,U0054,2026-04-03,冷萃,咖啡,2,82.4,门店
O01441,U0055,2026-05-22,美式,咖啡,2,60.2,美团
O01442,U0055,2026-04-01,拿铁,咖啡,1,32.0,门店
O01443,U0055,2026-01-26,拿铁,咖啡,1,34.8,美团
O01444,U0055,2026-02-05,冷萃,咖啡,1,36.0,门店
O01445,U0055,2026-05-28,烘焙早餐,烘焙,1,25.4,APP
O01446,U0055,2026-03-28,生椰拿铁,咖啡,1,43.8,小程序
O01447,U0055,2026-06-13,烘焙早餐,烘焙,2,67.6,饿了么
O01448,U0055,2026-01-25,生椰拿铁,咖啡,1,47.3,美团
O01449,U0055,2026-06-04,周边杯,周边,1,76.7,门店
O01450,U0055,2026-06-01,冷萃,咖啡,1,33.2,饿了么
O01451,U0055,2026-04-06,冷萃,咖啡,2,82.4,饿了么
O01452,U0055,2026-05-12,轻食沙拉,轻食,1,44.8,饿了么
O01453,U0055,2026-06-25,拿铁,咖啡,2,66.6,APP
O01454,U0055,2026-05-20,拿铁,咖啡,1,29.0,门店
O01455,U0055,2026-02-02,美式,咖啡,1,26.9,APP
O01456,U0055,2026-06-16,烘焙早餐,烘焙,1,37.8,门店
O01457,U0055,2026-01-16,生椰拿铁,咖啡,2,71.4,小程序
O01458,U0055,2026-04-25,周边杯,周边,1,88.1,门店
O01459,U0055,2026-06-23,拿铁,咖啡,2,63.8,门店
O01460,U0055,2026-02-13,美式,咖啡,2,58.0,APP
O01461,U0055,2026-06-06,轻食沙拉,轻食,1,39.4,美团
O01462,U0055,2026-04-25,生椰拿铁,咖啡,1,33.3,小程序
O01463,U0055,2026-04-17,拿铁,咖啡,1,44.2,APP
O01464,U0055,2026-02-03,美式,咖啡,1,23.2,APP
O01465,U0055,2026-02-11,烘焙早餐,烘焙,2,39.2,门店
O01466,U0055,2026-01-24,轻食沙拉,轻食,1,29.0,饿了么
O01467,U0055,2026-02-14,生椰拿铁,咖啡,1,35.1,APP
O01468,U0055,2026-02-20,周边杯,周边,1,80.3,门店
O01469,U0055,2026-03-24,冷萃,咖啡,1,35.0,饿了么
O01470,U0055,2026-05-18,轻食沙拉,轻食,1,33.7,美团
O01471,U0055,2025-12-18,周边杯,周边,2,128.6,门店
O01472,U0055,2026-05-14,烘焙早餐,烘焙,2,42.2,门店
O01473,U0055,2026-03-20,冷萃,咖啡,1,37.5,饿了么
O01474,U0055,2026-05-17,冷萃,咖啡,1,33.3,美团
O01475,U0055,2026-02-01,美式,咖啡,1,33.9,饿了么
O01476,U0056,2026-05-05,冷萃,咖啡,2,97.4,门店
O01477,U0056,2026-03-11,冷萃,咖啡,3,112.5,小程序
O01478,U0056,2026-03-24,拿铁,咖啡,1,44.9,饿了么
O01479,U0056,2025-11-18,美式,咖啡,3,95.7,门店
O01480,U0056,2026-05-14,轻食沙拉,轻食,1,34.8,小程序
O01481,U0056,2026-03-12,冷萃,咖啡,1,45.2,小程序
O01482,U0056,2026-02-28,轻食沙拉,轻食,1,39.1,APP
O01483,U0056,2026-01-07,烘焙早餐,烘焙,1,27.1,门店
O01484,U0056,2025-12-31,烘焙早餐,烘焙,1,29.6,APP
O01485,U0056,2025-09-02,拿铁,咖啡,1,41.1,美团
O01486,U0056,2026-03-18,轻食沙拉,轻食,2,73.4,饿了么
O01487,U0056,2025-12-01,冷萃,咖啡,1,35.0,门店
O01488,U0056,2026-05-10,烘焙早餐,烘焙,1,31.2,门店
O01489,U0056,2026-03-25,周边杯,周边,2,168.2,小程序
O01490,U0056,2025-10-21,轻食沙拉,轻食,2,73.0,APP
O01491,U0056,2026-01-11,轻食沙拉,轻食,2,58.4,门店
O01492,U0056,2025-08-30,美式,咖啡,1,32.6,小程序
O01493,U0056,2026-03-28,烘焙早餐,烘焙,1,26.3,美团
O01494,U0056,2025-11-22,美式,咖啡,2,53.8,APP
O01495,U0056,2026-05-03,美式,咖啡,1,28.5,饿了么
O01496,U0056,2025-12-13,美式,咖啡,2,49.2,APP
O01497,U0056,2026-01-06,周边杯,周边,1,65.4,饿了么
O01498,U0056,2025-10-21,周边杯,周边,1,74.5,小程序
O01499,U0056,2026-03-08,拿铁,咖啡,1,32.7,饿了么
O01500,U0056,2025-12-25,冷萃,咖啡,2,81.4,小程序
O01501,U0056,2025-09-27,生椰拿铁,咖啡,1,43.5,饿了么
O01502,U0056,2025-09-17,拿铁,咖啡,2,63.2,美团
O01503,U0056,2026-05-20,周边杯,周边,1,59.6,门店
O01504,U0056,2026-04-03,生椰拿铁,咖啡,2,73.4,门店
O01505,U0057,2026-06-28,生椰拿铁,咖啡,1,42.0,小程序
O01506,U0057,2026-01-30,周边杯,周边,1,62.2,美团
O01507,U0057,2026-06-10,轻食沙拉,轻食,2,66.0,APP
O01508,U0057,2025-11-06,烘焙早餐,烘焙,1,20.5,APP
O01509,U0057,2026-02-02,冷萃,咖啡,1,43.1,美团
O01510,U0057,2026-03-11,冷萃,咖啡,1,43.9,门店
O01511,U0057,2025-11-04,轻食沙拉,轻食,1,32.2,门店
O01512,U0057,2026-04-22,冷萃,咖啡,1,36.2,饿了么
O01513,U0057,2026-05-22,拿铁,咖啡,2,67.8,美团
O01514,U0057,2026-04-17,周边杯,周边,1,77.0,美团
O01515,U0057,2026-01-14,烘焙早餐,烘焙,1,21.9,饿了么
O01516,U0057,2026-06-12,烘焙早餐,烘焙,2,67.4,小程序
O01517,U0057,2025-12-02,冷萃,咖啡,1,46.3,饿了么
O01518,U0057,2026-06-11,冷萃,咖啡,1,35.0,小程序
O01519,U0057,2026-03-03,轻食沙拉,轻食,1,35.8,APP
O01520,U0057,2026-05-11,轻食沙拉,轻食,1,39.0,小程序
O01521,U0057,2025-12-11,生椰拿铁,咖啡,2,92.4,APP
O01522,U0057,2026-05-03,生椰拿铁,咖啡,3,126.0,小程序
O01523,U0057,2026-04-19,美式,咖啡,1,34.0,美团
O01524,U0057,2025-11-23,周边杯,周边,2,153.4,饿了么
O01525,U0057,2026-05-15,烘焙早餐,烘焙,1,19.3,美团
O01526,U0057,2026-04-16,轻食沙拉,轻食,3,122.1,美团
O01527,U0057,2026-05-25,美式,咖啡,1,24.9,小程序
O01528,U0057,2025-11-28,拿铁,咖啡,1,33.8,APP
O01529,U0057,2026-05-09,拿铁,咖啡,1,37.7,门店
O01530,U0058,2026-06-29,轻食沙拉,轻食,1,25.0,饿了么
O01531,U0058,2026-05-11,周边杯,周边,1,64.5,门店
O01532,U0058,2026-05-03,烘焙早餐,烘焙,1,31.3,小程序
O01533,U0058,2026-06-06,拿铁,咖啡,1,37.2,APP
O01534,U0058,2026-05-24,周边杯,周边,1,57.8,APP
O01535,U0058,2026-05-23,美式,咖啡,2,63.4,小程序
O01536,U0058,2026-05-27,生椰拿铁,咖啡,1,39.0,门店
O01537,U0058,2026-06-29,冷萃,咖啡,1,43.4,门店
O01538,U0058,2026-06-04,拿铁,咖啡,1,44.7,APP
O01539,U0058,2026-05-15,轻食沙拉,轻食,2,79.4,APP
O01540,U0058,2026-06-18,轻食沙拉,轻食,3,98.4,APP
O01541,U0058,2026-04-19,烘焙早餐,烘焙,1,25.8,美团
O01542,U0058,2026-05-31,周边杯,周边,1,64.7,门店
O01543,U0058,2026-05-23,轻食沙拉,轻食,2,87.0,饿了么
O01544,U0058,2026-06-06,拿铁,咖啡,2,60.4,饿了么
O01545,U0058,2026-04-23,周边杯,周边,1,86.4,APP
O01546,U0058,2026-06-29,美式,咖啡,1,27.7,APP
O01547,U0058,2026-05-13,美式,咖啡,1,32.5,小程序
O01548,U0058,2026-06-02,轻食沙拉,轻食,1,42.1,APP
O01549,U0058,2026-06-04,冷萃,咖啡,1,44.2,小程序
O01550,U0058,2026-04-29,生椰拿铁,咖啡,1,47.5,小程序
O01551,U0058,2026-05-02,烘焙早餐,烘焙,1,31.0,APP
O01552,U0058,2026-06-07,美式,咖啡,1,22.4,美团
O01553,U0058,2026-05-25,轻食沙拉,轻食,1,36.9,美团
O01554,U0058,2026-04-28,周边杯,周边,2,135.0,美团
O01555,U0058,2026-05-22,轻食沙拉,轻食,1,38.1,小程序
O01556,U0058,2026-05-01,拿铁,咖啡,1,30.1,饿了么
O01557,U0058,2026-05-15,拿铁,咖啡,3,114.0,美团
O01558,U0058,2026-05-22,轻食沙拉,轻食,2,79.8,APP
O01559,U0058,2026-06-05,冷萃,咖啡,2,100.0,门店
O01560,U0059,2026-03-18,生椰拿铁,咖啡,2,62.2,饿了么
O01561,U0059,2026-03-29,冷萃,咖啡,1,46.6,饿了么
O01562,U0059,2026-06-18,烘焙早餐,烘焙,1,33.7,小程序
O01563,U0059,2026-05-11,周边杯,周边,2,144.8,小程序
O01564,U0059,2026-06-10,周边杯,周边,1,57.3,小程序
O01565,U0059,2026-03-29,周边杯,周边,1,73.0,饿了么
O01566,U0059,2026-05-02,周边杯,周边,1,61.6,饿了么
O01567,U0059,2026-04-01,轻食沙拉,轻食,1,28.2,小程序
O01568,U0059,2026-03-16,拿铁,咖啡,1,36.6,饿了么
O01569,U0059,2026-03-27,冷萃,咖啡,1,49.6,APP
O01570,U0059,2026-04-13,拿铁,咖啡,1,44.1,门店
O01571,U0059,2026-05-29,烘焙早餐,烘焙,1,26.9,门店
O01572,U0059,2026-05-11,生椰拿铁,咖啡,1,40.9,小程序
O01573,U0059,2026-05-29,周边杯,周边,1,50.8,APP
O01574,U0059,2026-04-13,周边杯,周边,3,246.9,饿了么
O01575,U0059,2026-05-15,美式,咖啡,1,29.7,饿了么
O01576,U0059,2026-04-29,拿铁,咖啡,1,37.3,APP
O01577,U0059,2026-04-26,冷萃,咖啡,1,33.5,美团
O01578,U0059,2026-06-02,美式,咖啡,1,29.0,门店
O01579,U0059,2026-05-26,轻食沙拉,轻食,2,75.8,饿了么
O01580,U0059,2026-05-29,轻食沙拉,轻食,1,41.4,美团
O01581,U0059,2026-06-19,美式,咖啡,2,52.2,美团
O01582,U0060,2026-01-07,拿铁,咖啡,1,32.6,饿了么
O01583,U0060,2026-03-30,拿铁,咖啡,1,33.6,门店
O01584,U0060,2026-01-20,美式,咖啡,1,33.3,小程序
O01585,U0060,2025-10-23,冷萃,咖啡,1,49.6,小程序
O01586,U0060,2025-11-05,美式,咖啡,2,57.6,饿了么
O01587,U0060,2026-05-11,拿铁,咖啡,2,74.0,门店
O01588,U0060,2026-06-12,生椰拿铁,咖啡,2,81.8,APP
O01589,U0060,2026-02-12,周边杯,周边,1,64.6,饿了么
O01590,U0060,2026-06-12,烘焙早餐,烘焙,1,35.6,饿了么
O01591,U0060,2025-11-07,生椰拿铁,咖啡,1,30.2,APP
O01592,U0060,2025-11-06,美式,咖啡,2,53.8,小程序
O01593,U0060,2026-03-11,轻食沙拉,轻食,1,40.6,美团
O01594,U0060,2026-04-25,美式,咖啡,1,27.7,美团
O01595,U0060,2026-05-18,生椰拿铁,咖啡,1,35.0,APP
O01596,U0060,2026-02-06,轻食沙拉,轻食,2,84.4,美团
O01597,U0060,2026-02-10,周边杯,周边,1,52.6,APP
O01598,U0060,2025-10-20,美式,咖啡,1,29.5,门店
O01599,U0060,2026-06-13,冷萃,咖啡,1,46.6,美团
O01600,U0061,2026-04-25,冷萃,咖啡,1,41.0,饿了么
O01601,U0061,2026-04-23,冷萃,咖啡,1,32.3,小程序
O01602,U0061,2026-06-01,轻食沙拉,轻食,1,35.7,饿了么
O01603,U0061,2026-06-24,拿铁,咖啡,3,114.9,饿了么
O01604,U0061,2026-05-06,美式,咖啡,2,46.0,饿了么
O01605,U0061,2026-05-23,拿铁,咖啡,1,35.2,门店
O01606,U0061,2026-04-22,生椰拿铁,咖啡,1,46.5,饿了么
O01607,U0061,2026-04-23,生椰拿铁,咖啡,1,35.4,APP
O01608,U0061,2026-04-08,轻食沙拉,轻食,1,37.6,门店
O01609,U0061,2026-06-29,烘焙早餐,烘焙,1,34.5,美团
O01610,U0061,2026-06-26,周边杯,周边,1,68.5,饿了么
O01611,U0061,2026-06-05,生椰拿铁,咖啡,1,35.4,门店
O01612,U0061,2026-05-01,冷萃,咖啡,1,38.4,美团
O01613,U0061,2026-05-03,拿铁,咖啡,2,74.0,美团
O01614,U0061,2026-04-23,冷萃,咖啡,2,64.2,门店
O01615,U0061,2026-05-06,冷萃,咖啡,1,39.1,美团
O01616,U0061,2026-05-01,烘焙早餐,烘焙,1,34.2,美团
O01617,U0061,2026-06-03,美式,咖啡,2,47.6,小程序
O01618,U0061,2026-05-23,周边杯,周边,1,77.4,门店
O01619,U0061,2026-04-13,美式,咖啡,2,54.2,小程序
O01620,U0061,2026-04-28,轻食沙拉,轻食,1,29.0,门店
O01621,U0061,2026-04-23,冷萃,咖啡,1,40.8,APP
O01622,U0061,2026-05-19,周边杯,周边,2,159.2,饿了么
O01623,U0061,2026-05-27,美式,咖啡,1,23.4,小程序
O01624,U0061,2026-04-24,美式,咖啡,1,26.5,APP
O01625,U0061,2026-04-14,轻食沙拉,轻食,1,41.6,饿了么
O01626,U0061,2026-04-09,冷萃,咖啡,1,40.6,小程序
O01627,U0061,2026-06-01,美式,咖啡,2,60.0,APP
O01628,U0061,2026-05-09,生椰拿铁,咖啡,2,87.6,APP
O01629,U0061,2026-06-01,美式,咖啡,2,56.4,小程序
O01630,U0061,2026-06-11,烘焙早餐,烘焙,3,64.8,饿了么
O01631,U0061,2026-06-27,轻食沙拉,轻食,1,28.0,美团
O01632,U0061,2026-04-12,生椰拿铁,咖啡,2,95.6,美团
O01633,U0061,2026-04-10,烘焙早餐,烘焙,2,44.0,美团
O01634,U0062,2026-06-03,生椰拿铁,咖啡,3,127.8,APP
O01635,U0062,2026-05-10,冷萃,咖啡,1,40.6,小程序
O01636,U0062,2026-05-05,拿铁,咖啡,1,32.6,门店
O01637,U0062,2026-06-27,冷萃,咖啡,2,72.8,APP
O01638,U0062,2026-04-02,拿铁,咖啡,2,57.8,APP
O01639,U0062,2026-05-03,冷萃,咖啡,1,37.0,美团
O01640,U0062,2026-04-20,生椰拿铁,咖啡,1,47.1,门店
O01641,U0062,2026-04-11,拿铁,咖啡,1,39.4,APP
O01642,U0062,2026-05-09,生椰拿铁,咖啡,1,43.3,饿了么
O01643,U0062,2026-06-03,烘焙早餐,烘焙,1,25.4,APP
O01644,U0062,2026-06-10,冷萃,咖啡,1,33.6,饿了么
O01645,U0062,2026-04-12,拿铁,咖啡,2,76.0,APP
O01646,U0062,2026-04-21,轻食沙拉,轻食,1,33.9,饿了么
O01647,U0062,2026-06-15,生椰拿铁,咖啡,1,35.4,APP
O01648,U0062,2026-06-04,轻食沙拉,轻食,1,28.1,美团
O01649,U0062,2026-06-06,轻食沙拉,轻食,2,60.2,饿了么
O01650,U0062,2026-05-11,生椰拿铁,咖啡,2,76.2,美团
O01651,U0062,2026-04-05,冷萃,咖啡,2,79.0,饿了么
O01652,U0062,2026-03-30,美式,咖啡,1,29.8,APP
O01653,U0062,2026-05-04,拿铁,咖啡,1,44.2,APP
O01654,U0062,2026-06-30,周边杯,周边,1,64.9,饿了么
O01655,U0062,2026-04-06,美式,咖啡,1,27.7,饿了么
O01656,U0062,2026-05-16,冷萃,咖啡,1,42.9,小程序
O01657,U0062,2026-04-17,烘焙早餐,烘焙,1,22.4,饿了么
O01658,U0062,2026-05-25,烘焙早餐,烘焙,1,32.2,门店
O01659,U0062,2026-04-25,生椰拿铁,咖啡,1,42.7,APP
O01660,U0062,2026-04-25,拿铁,咖啡,1,37.1,APP
O01661,U0062,2026-05-02,美式,咖啡,2,51.0,APP
O01662,U0062,2026-04-23,烘焙早餐,烘焙,1,20.3,饿了么
O01663,U0062,2026-05-14,生椰拿铁,咖啡,2,63.0,饿了么
O01664,U0062,2026-04-30,轻食沙拉,轻食,2,55.4,门店
O01665,U0063,2025-11-15,轻食沙拉,轻食,2,82.6,APP
O01666,U0063,2026-03-09,美式,咖啡,1,25.3,饿了么
O01667,U0063,2025-12-10,轻食沙拉,轻食,1,39.9,门店
O01668,U0063,2026-01-30,周边杯,周边,1,66.7,APP
O01669,U0063,2026-05-07,美式,咖啡,2,55.6,美团
O01670,U0063,2026-04-23,美式,咖啡,1,33.7,APP
O01671,U0063,2026-06-09,美式,咖啡,1,32.6,饿了么
O01672,U0063,2026-06-25,轻食沙拉,轻食,1,28.6,门店
O01673,U0063,2026-01-08,美式,咖啡,1,32.6,APP
O01674,U0063,2025-11-21,美式,咖啡,1,22.9,美团
O01675,U0063,2025-12-07,轻食沙拉,轻食,2,71.0,小程序
O01676,U0063,2025-12-07,冷萃,咖啡,1,38.9,小程序
O01677,U0063,2025-11-08,美式,咖啡,1,25.2,APP
O01678,U0063,2025-10-23,周边杯,周边,3,263.1,小程序
O01679,U0063,2026-04-08,周边杯,周边,1,77.3,美团
O01680,U0063,2026-06-01,周边杯,周边,1,55.5,APP
O01681,U0063,2026-02-18,拿铁,咖啡,1,37.2,饿了么
O01682,U0063,2025-12-19,拿铁,咖啡,1,42.0,门店
O01683,U0063,2025-12-08,烘焙早餐,烘焙,1,35.7,小程序
O01684,U0063,2026-02-08,拿铁,咖啡,1,31.9,门店
O01685,U0063,2026-03-12,美式,咖啡,1,34.0,小程序
O01686,U0063,2026-06-25,美式,咖啡,1,34.9,门店
O01687,U0063,2026-04-17,拿铁,咖啡,1,38.5,小程序
O01688,U0063,2025-11-08,烘焙早餐,烘焙,1,21.0,门店
O01689,U0063,2026-01-17,轻食沙拉,轻食,2,67.0,门店
O01690,U0063,2026-03-12,生椰拿铁,咖啡,1,45.8,美团
O01691,U0063,2026-04-23,生椰拿铁,咖啡,2,89.2,小程序
O01692,U0063,2025-10-18,周边杯,周边,1,86.3,APP
O01693,U0064,2026-01-13,冷萃,咖啡,2,80.0,美团
O01694,U0064,2025-12-24,拿铁,咖啡,3,113.4,门店
O01695,U0064,2026-01-13,拿铁,咖啡,1,33.5,美团
O01696,U0064,2026-03-07,生椰拿铁,咖啡,1,38.9,美团
O01697,U0064,2026-05-10,周边杯,周边,1,74.5,APP
O01698,U0064,2026-03-15,冷萃,咖啡,1,41.9,美团
O01699,U0064,2026-04-22,烘焙早餐,烘焙,1,34.4,饿了么
O01700,U0064,2026-06-08,冷萃,咖啡,2,83.0,APP
O01701,U0064,2026-06-04,拿铁,咖啡,1,32.0,小程序
O01702,U0064,2026-03-09,烘焙早餐,烘焙,1,27.5,小程序
O01703,U0064,2025-12-22,生椰拿铁,咖啡,2,73.0,APP
O01704,U0064,2026-02-20,冷萃,咖啡,2,69.2,美团
O01705,U0064,2026-02-07,美式,咖啡,1,32.8,APP
O01706,U0064,2026-01-06,轻食沙拉,轻食,1,39.1,小程序
O01707,U0064,2026-06-03,冷萃,咖啡,2,77.4,饿了么
O01708,U0064,2025-12-25,冷萃,咖啡,2,94.2,小程序
O01709,U0064,2026-01-13,生椰拿铁,咖啡,1,32.5,小程序
O01710,U0064,2026-05-01,周边杯,周边,1,81.5,APP
O01711,U0064,2026-04-06,轻食沙拉,轻食,1,27.8,门店
O01712,U0064,2026-04-06,冷萃,咖啡,1,45.0,小程序
O01713,U0064,2026-02-18,拿铁,咖啡,2,61.4,小程序
O01714,U0064,2026-05-10,周边杯,周边,1,55.9,美团
O01715,U0064,2026-03-25,轻食沙拉,轻食,1,44.0,门店
O01716,U0064,2026-05-02,烘焙早餐,烘焙,1,24.1,APP
O01717,U0064,2026-02-14,拿铁,咖啡,3,110.7,APP
O01718,U0064,2026-06-15,美式,咖啡,1,27.2,美团
O01719,U0064,2026-01-23,周边杯,周边,1,78.8,小程序
O01720,U0064,2026-06-02,冷萃,咖啡,1,40.6,美团
O01721,U0065,2026-03-24,拿铁,咖啡,1,41.7,APP
O01722,U0065,2026-04-20,拿铁,咖啡,1,29.8,门店
O01723,U0065,2026-02-17,美式,咖啡,1,25.7,小程序
O01724,U0065,2026-04-05,烘焙早餐,烘焙,2,36.4,APP
O01725,U0065,2026-04-02,轻食沙拉,轻食,1,43.6,小程序
O01726,U0065,2026-02-21,烘焙早餐,烘焙,1,37.7,小程序
O01727,U0065,2026-05-01,拿铁,咖啡,1,44.0,门店
O01728,U0065,2026-04-23,冷萃,咖啡,1,41.0,美团
O01729,U0065,2026-05-12,美式,咖啡,1,31.1,美团
O01730,U0065,2026-06-18,拿铁,咖啡,2,73.0,小程序
O01731,U0065,2026-05-18,冷萃,咖啡,2,85.2,门店
O01732,U0065,2026-03-23,美式,咖啡,1,30.9,小程序
O01733,U0065,2026-04-10,美式,咖啡,1,32.5,APP
O01734,U0065,2026-06-18,烘焙早餐,烘焙,1,37.8,饿了么
O01735,U0065,2026-05-08,冷萃,咖啡,1,46.1,门店
O01736,U0065,2026-05-31,拿铁,咖啡,2,86.2,美团
O01737,U0065,2026-04-12,美式,咖啡,1,35.0,APP
O01738,U0065,2026-06-17,拿铁,咖啡,1,41.7,门店
O01739,U0065,2026-06-30,周边杯,周边,2,175.6,小程序
O01740,U0065,2026-06-17,拿铁,咖啡,1,35.7,门店
O01741,U0065,2026-03-23,拿铁,咖啡,1,32.8,小程序
O01742,U0065,2026-02-28,美式,咖啡,1,31.2,美团
O01743,U0065,2026-04-16,周边杯,周边,1,84.1,APP
O01744,U0065,2026-03-13,烘焙早餐,烘焙,1,27.8,门店
O01745,U0065,2026-05-23,冷萃,咖啡,2,94.8,APP
O01746,U0065,2026-06-02,生椰拿铁,咖啡,1,39.2,门店
O01747,U0065,2026-05-16,拿铁,咖啡,1,39.6,门店
O01748,U0065,2026-02-20,烘焙早餐,烘焙,1,37.5,APP
O01749,U0065,2026-02-12,美式,咖啡,1,33.1,APP
O01750,U0065,2026-05-23,周边杯,周边,1,51.9,美团
O01751,U0066,2026-02-25,冷萃,咖啡,1,40.4,美团
O01752,U0066,2025-10-25,拿铁,咖啡,1,31.1,美团
O01753,U0066,2026-04-09,美式,咖啡,1,27.2,门店
O01754,U0066,2026-05-06,美式,咖啡,1,31.1,门店
O01755,U0066,2026-04-20,拿铁,咖啡,2,74.6,APP
O01756,U0066,2025-12-18,生椰拿铁,咖啡,3,120.6,美团
O01757,U0066,2025-10-01,周边杯,周边,1,63.5,美团
O01758,U0066,2025-12-18,拿铁,咖啡,1,31.6,美团
O01759,U0066,2026-01-16,生椰拿铁,咖啡,1,41.4,小程序
O01760,U0066,2026-01-18,冷萃,咖啡,2,67.0,美团
O01761,U0066,2026-04-02,烘焙早餐,烘焙,2,44.6,APP
O01762,U0066,2025-09-27,拿铁,咖啡,1,43.2,门店
O01763,U0066,2025-11-23,美式,咖啡,1,26.5,美团
O01764,U0066,2026-06-01,轻食沙拉,轻食,3,122.1,美团
O01765,U0066,2026-02-28,轻食沙拉,轻食,2,72.8,饿了么
O01766,U0066,2025-12-10,拿铁,咖啡,1,40.3,APP
O01767,U0066,2026-02-12,轻食沙拉,轻食,2,89.4,门店
O01768,U0066,2025-09-07,美式,咖啡,2,67.4,美团
O01769,U0066,2026-02-09,拿铁,咖啡,1,41.5,门店
O01770,U0066,2026-05-24,轻食沙拉,轻食,1,25.1,APP
O01771,U0067,2026-06-25,烘焙早餐,烘焙,1,19.9,APP
O01772,U0067,2026-03-05,轻食沙拉,轻食,1,35.9,美团
O01773,U0067,2025-11-20,生椰拿铁,咖啡,1,33.8,饿了么
O01774,U0067,2025-08-09,生椰拿铁,咖啡,1,44.6,门店
O01775,U0067,2026-04-16,周边杯,周边,1,83.7,美团
O01776,U0067,2026-03-01,冷萃,咖啡,2,76.6,美团
O01777,U0067,2026-04-26,周边杯,周边,2,124.8,美团
O01778,U0067,2026-03-09,生椰拿铁,咖啡,1,33.2,饿了么
O01779,U0067,2026-03-13,冷萃,咖啡,1,37.1,美团
O01780,U0067,2026-06-22,生椰拿铁,咖啡,2,85.2,小程序
O01781,U0067,2025-09-15,周边杯,周边,1,82.5,小程序
O01782,U0067,2026-06-13,冷萃,咖啡,2,67.8,饿了么
O01783,U0067,2026-05-07,拿铁,咖啡,1,38.8,小程序
O01784,U0067,2025-12-28,周边杯,周边,1,65.8,美团
O01785,U0067,2026-05-11,冷萃,咖啡,2,68.2,小程序
O01786,U0067,2026-01-28,周边杯,周边,1,85.6,美团
O01787,U0067,2025-08-05,生椰拿铁,咖啡,1,44.1,门店
O01788,U0067,2025-12-15,生椰拿铁,咖啡,2,90.2,美团
O01789,U0067,2025-12-03,拿铁,咖啡,1,43.3,小程序
O01790,U0067,2025-08-15,美式,咖啡,2,64.6,饿了么
O01791,U0067,2026-06-05,生椰拿铁,咖啡,3,108.0,美团
O01792,U0067,2025-12-03,烘焙早餐,烘焙,1,37.5,美团
O01793,U0067,2025-08-28,周边杯,周边,1,86.3,美团
O01794,U0067,2025-10-29,冷萃,咖啡,1,48.3,美团
O01795,U0067,2025-11-28,拿铁,咖啡,1,40.1,小程序
O01796,U0067,2026-06-21,烘焙早餐,烘焙,2,67.4,门店
O01797,U0067,2026-05-12,美式,咖啡,1,34.3,小程序
O01798,U0067,2025-08-15,冷萃,咖啡,2,64.4,APP
O01799,U0067,2025-08-16,烘焙早餐,烘焙,2,64.4,小程序
O01800,U0067,2026-05-21,冷萃,咖啡,2,65.0,美团
O01801,U0067,2026-06-22,轻食沙拉,轻食,1,40.6,APP
O01802,U0067,2026-01-01,美式,咖啡,1,29.0,美团
O01803,U0068,2026-05-04,生椰拿铁,咖啡,1,31.5,小程序
O01804,U0068,2026-05-11,拿铁,咖啡,1,35.8,小程序
O01805,U0068,2026-05-16,生椰拿铁,咖啡,1,34.7,小程序
O01806,U0068,2026-06-30,周边杯,周边,2,127.0,美团
O01807,U0068,2026-05-10,冷萃,咖啡,1,46.3,美团
O01808,U0068,2026-05-07,美式,咖啡,1,30.9,门店
O01809,U0068,2026-06-24,周边杯,周边,1,55.4,APP
O01810,U0068,2026-05-02,拿铁,咖啡,3,133.8,美团
O01811,U0068,2026-04-28,美式,咖啡,1,28.8,小程序
O01812,U0068,2026-05-22,烘焙早餐,烘焙,1,18.6,饿了么
O01813,U0068,2026-05-17,美式,咖啡,1,33.3,APP
O01814,U0068,2026-05-01,生椰拿铁,咖啡,1,32.5,APP
O01815,U0068,2026-06-01,生椰拿铁,咖啡,3,116.1,门店
O01816,U0068,2026-06-04,冷萃,咖啡,1,45.4,饿了么
O01817,U0068,2026-06-18,美式,咖啡,1,25.3,门店
O01818,U0068,2026-06-17,拿铁,咖啡,2,75.8,门店
O01819,U0068,2026-05-19,周边杯,周边,2,114.4,美团
O01820,U0068,2026-06-24,冷萃,咖啡,1,42.7,门店
O01821,U0068,2026-05-11,烘焙早餐,烘焙,1,25.7,门店
O01822,U0068,2026-06-14,轻食沙拉,轻食,1,41.4,小程序
O01823,U0068,2026-05-30,烘焙早餐,烘焙,1,26.2,饿了么
O01824,U0068,2026-06-12,冷萃,咖啡,1,32.5,门店
O01825,U0068,2026-06-21,周边杯,周边,1,56.4,APP
O01826,U0068,2026-06-14,生椰拿铁,咖啡,1,32.6,小程序
O01827,U0068,2026-06-07,轻食沙拉,轻食,1,25.2,美团
O01828,U0068,2026-06-08,美式,咖啡,1,29.3,饿了么
O01829,U0069,2026-05-25,拿铁,咖啡,2,75.0,小程序
O01830,U0069,2026-06-20,轻食沙拉,轻食,1,40.1,门店
O01831,U0069,2026-05-23,美式,咖啡,1,22.6,小程序
O01832,U0069,2026-06-02,冷萃,咖啡,1,34.1,饿了么
O01833,U0069,2026-06-08,烘焙早餐,烘焙,1,25.7,门店
O01834,U0069,2026-04-30,轻食沙拉,轻食,1,40.7,小程序
O01835,U0069,2026-06-26,生椰拿铁,咖啡,3,97.2,小程序
O01836,U0069,2026-05-03,生椰拿铁,咖啡,1,41.6,小程序
O01837,U0069,2026-06-20,轻食沙拉,轻食,1,31.0,门店
O01838,U0069,2026-06-18,拿铁,咖啡,1,37.5,饿了么
O01839,U0069,2026-05-04,冷萃,咖啡,3,112.2,美团
O01840,U0069,2026-05-13,周边杯,周边,1,64.0,小程序
O01841,U0069,2026-05-26,拿铁,咖啡,1,42.0,门店
O01842,U0069,2026-06-22,美式,咖啡,1,24.2,门店
O01843,U0069,2026-04-28,轻食沙拉,轻食,1,42.4,小程序
O01844,U0069,2026-05-12,拿铁,咖啡,1,44.1,门店
O01845,U0069,2026-06-15,生椰拿铁,咖啡,2,85.2,饿了么
O01846,U0069,2026-06-25,拿铁,咖啡,2,60.2,饿了么
O01847,U0069,2026-06-19,轻食沙拉,轻食,1,33.9,饿了么
O01848,U0069,2026-05-28,烘焙早餐,烘焙,1,27.6,门店
O01849,U0069,2026-06-08,周边杯,周边,1,78.2,门店
O01850,U0069,2026-06-04,轻食沙拉,轻食,1,26.7,APP
O01851,U0069,2026-05-24,轻食沙拉,轻食,3,79.8,小程序
O01852,U0069,2026-05-25,拿铁,咖啡,1,39.4,美团
O01853,U0070,2026-04-12,拿铁,咖啡,2,67.6,饿了么
O01854,U0070,2026-04-26,周边杯,周边,2,123.0,美团
O01855,U0070,2025-10-23,周边杯,周边,2,138.4,APP
O01856,U0070,2026-02-08,冷萃,咖啡,2,99.2,饿了么
O01857,U0070,2025-11-17,周边杯,周边,1,65.0,美团
O01858,U0070,2025-10-29,轻食沙拉,轻食,2,62.2,小程序
O01859,U0070,2025-10-20,冷萃,咖啡,2,95.6,APP
O01860,U0070,2025-08-14,冷萃,咖啡,1,35.4,饿了么
O01861,U0070,2026-03-25,生椰拿铁,咖啡,2,69.6,小程序
O01862,U0070,2026-02-03,冷萃,咖啡,1,35.8,美团
O01863,U0070,2026-04-23,生椰拿铁,咖啡,1,31.0,小程序
O01864,U0070,2025-08-31,轻食沙拉,轻食,2,65.4,APP
O01865,U0070,2026-01-03,美式,咖啡,1,27.2,饿了么
O01866,U0070,2026-06-13,冷萃,咖啡,1,41.3,小程序
O01867,U0070,2025-12-11,拿铁,咖啡,1,31.7,小程序
O01868,U0070,2026-05-27,生椰拿铁,咖啡,1,34.3,门店
O01869,U0070,2025-11-29,烘焙早餐,烘焙,1,32.0,美团
O01870,U0070,2025-09-26,美式,咖啡,2,63.0,门店
O01871,U0070,2026-04-16,美式,咖啡,1,24.2,门店
O01872,U0070,2026-06-07,生椰拿铁,咖啡,1,43.2,饿了么
O01873,U0070,2026-06-20,冷萃,咖啡,2,90.6,APP
O01874,U0070,2025-11-01,生椰拿铁,咖啡,1,42.3,门店
O01875,U0070,2026-03-27,美式,咖啡,1,34.5,美团
O01876,U0070,2026-01-24,拿铁,咖啡,1,31.0,小程序
O01877,U0071,2025-08-08,烘焙早餐,烘焙,1,25.0,小程序
O01878,U0071,2026-04-11,周边杯,周边,1,58.9,小程序
O01879,U0071,2026-05-21,轻食沙拉,轻食,2,89.6,饿了么
O01880,U0071,2026-04-18,美式,咖啡,2,63.6,小程序
O01881,U0071,2026-01-06,周边杯,周边,1,78.4,门店
O01882,U0071,2026-05-10,生椰拿铁,咖啡,1,41.9,美团
O01883,U0071,2025-08-10,周边杯,周边,2,126.2,饿了么
O01884,U0071,2026-06-05,冷萃,咖啡,1,34.0,小程序
O01885,U0071,2025-10-18,冷萃,咖啡,1,47.4,APP
O01886,U0071,2026-02-02,冷萃,咖啡,1,32.6,美团
O01887,U0071,2026-02-04,美式,咖啡,1,31.7,美团
O01888,U0071,2026-06-27,拿铁,咖啡,2,88.8,饿了么
O01889,U0071,2026-03-22,烘焙早餐,烘焙,2,43.0,门店
O01890,U0071,2026-01-20,冷萃,咖啡,2,85.2,门店
O01891,U0071,2026-01-09,美式,咖啡,1,22.5,门店
O01892,U0071,2026-06-13,拿铁,咖啡,1,35.4,门店
O01893,U0071,2025-12-29,拿铁,咖啡,1,44.5,APP
O01894,U0071,2026-03-30,轻食沙拉,轻食,3,84.0,饿了么
O01895,U0071,2026-05-16,轻食沙拉,轻食,1,28.3,小程序
O01896,U0071,2026-01-01,拿铁,咖啡,1,35.7,饿了么
O01897,U0071,2025-10-06,拿铁,咖啡,1,36.3,门店
O01898,U0071,2025-08-04,拿铁,咖啡,1,32.3,门店
O01899,U0071,2026-04-18,轻食沙拉,轻食,1,44.2,小程序
O01900,U0072,2025-10-18,轻食沙拉,轻食,1,28.9,小程序
O01901,U0072,2026-01-01,美式,咖啡,2,44.8,APP
O01902,U0072,2026-06-28,冷萃,咖啡,3,118.8,小程序
O01903,U0072,2025-12-17,生椰拿铁,咖啡,1,40.7,美团
O01904,U0072,2026-01-18,周边杯,周边,1,72.1,APP
O01905,U0072,2025-12-12,美式,咖啡,1,27.4,门店
O01906,U0072,2025-09-18,生椰拿铁,咖啡,1,40.2,饿了么
O01907,U0072,2025-11-07,冷萃,咖啡,2,92.2,小程序
O01908,U0072,2025-10-15,烘焙早餐,烘焙,1,26.8,门店
O01909,U0072,2026-04-02,生椰拿铁,咖啡,1,37.7,美团
O01910,U0072,2026-03-30,拿铁,咖啡,1,43.5,美团
O01911,U0072,2025-09-20,周边杯,周边,2,109.2,APP
O01912,U0072,2026-05-30,烘焙早餐,烘焙,1,25.5,饿了么
O01913,U0072,2026-01-03,拿铁,咖啡,1,40.8,美团
O01914,U0072,2025-08-09,冷萃,咖啡,2,93.0,美团
O01915,U0072,2025-09-02,拿铁,咖啡,2,57.8,小程序
O01916,U0072,2026-01-23,烘焙早餐,烘焙,1,19.9,美团
O01917,U0072,2026-01-22,周边杯,周边,2,102.8,饿了么
O01918,U0072,2025-09-02,轻食沙拉,轻食,1,29.1,美团
O01919,U0072,2025-10-14,美式,咖啡,1,33.6,APP
O01920,U0072,2026-01-07,轻食沙拉,轻食,3,93.6,小程序
O01921,U0072,2026-04-11,烘焙早餐,烘焙,1,31.8,小程序
O01922,U0072,2025-10-23,烘焙早餐,烘焙,1,35.6,APP
O01923,U0072,2025-11-18,拿铁,咖啡,2,72.2,美团
O01924,U0072,2026-02-22,拿铁,咖啡,1,43.7,美团
O01925,U0072,2025-11-08,周边杯,周边,2,116.8,门店
O01926,U0073,2026-06-27,轻食沙拉,轻食,1,37.3,小程序
O01927,U0073,2026-01-06,美式,咖啡,1,32.6,APP
O01928,U0073,2026-03-30,轻食沙拉,轻食,1,39.0,美团
O01929,U0073,2026-02-02,生椰拿铁,咖啡,3,126.0,美团
O01930,U0073,2026-02-22,轻食沙拉,轻食,1,30.5,小程序
O01931,U0073,2026-03-18,冷萃,咖啡,1,46.6,门店
O01932,U0073,2026-03-17,拿铁,咖啡,1,37.6,门店
O01933,U0073,2025-11-28,轻食沙拉,轻食,1,38.0,美团
O01934,U0073,2025-11-30,生椰拿铁,咖啡,1,47.3,美团
O01935,U0073,2026-01-29,拿铁,咖啡,1,44.7,饿了么
O01936,U0073,2026-01-12,生椰拿铁,咖啡,1,46.2,饿了么
O01937,U0073,2025-12-06,美式,咖啡,1,30.5,饿了么
O01938,U0073,2026-02-14,冷萃,咖啡,2,89.8,门店
O01939,U0073,2026-06-08,周边杯,周边,2,150.6,小程序
O01940,U0073,2026-06-22,轻食沙拉,轻食,3,104.1,饿了么
O01941,U0073,2026-05-07,美式,咖啡,2,59.0,饿了么
O01942,U0073,2026-01-25,美式,咖啡,1,31.1,饿了么
O01943,U0073,2026-02-17,烘焙早餐,烘焙,1,30.3,小程序
O01944,U0073,2025-11-27,周边杯,周边,1,78.3,小程序
O01945,U0073,2026-03-27,轻食沙拉,轻食,2,69.0,APP
O01946,U0073,2025-12-16,美式,咖啡,1,31.5,美团
O01947,U0073,2025-12-06,拿铁,咖啡,1,38.4,小程序
O01948,U0073,2026-03-13,周边杯,周边,1,64.0,小程序
O01949,U0073,2026-01-03,生椰拿铁,咖啡,1,31.9,APP
O01950,U0073,2026-05-02,烘焙早餐,烘焙,1,29.1,美团
O01951,U0073,2026-03-12,轻食沙拉,轻食,1,30.7,APP
O01952,U0073,2026-03-11,周边杯,周边,2,140.2,小程序
O01953,U0073,2026-04-18,拿铁,咖啡,1,38.7,APP
O01954,U0073,2025-11-28,周边杯,周边,1,54.6,美团
O01955,U0073,2026-04-14,烘焙早餐,烘焙,1,35.3,饿了么
O01956,U0073,2026-03-27,美式,咖啡,1,32.8,美团
O01957,U0073,2026-03-28,生椰拿铁,咖啡,2,72.8,APP
O01958,U0074,2026-05-29,冷萃,咖啡,2,86.6,饿了么
O01959,U0074,2026-04-13,美式,咖啡,1,32.2,小程序
O01960,U0074,2026-06-05,美式,咖啡,1,22.7,小程序
O01961,U0074,2026-05-01,周边杯,周边,2,173.2,门店
O01962,U0074,2026-05-22,轻食沙拉,轻食,2,64.4,APP
O01963,U0074,2026-05-09,拿铁,咖啡,1,37.1,饿了么
O01964,U0074,2026-06-20,烘焙早餐,烘焙,1,24.2,饿了么
O01965,U0074,2026-04-17,烘焙早餐,烘焙,2,54.8,门店
O01966,U0074,2026-06-25,拿铁,咖啡,1,28.5,APP
O01967,U0074,2026-05-15,周边杯,周边,1,51.4,门店
O01968,U0074,2026-06-26,拿铁,咖啡,1,32.0,饿了么
O01969,U0074,2026-06-20,轻食沙拉,轻食,2,83.4,门店
O01970,U0074,2026-04-12,冷萃,咖啡,1,42.8,小程序
O01971,U0074,2026-06-12,冷萃,咖啡,1,49.0,小程序
O01972,U0074,2026-04-16,拿铁,咖啡,1,36.4,门店
O01973,U0074,2026-05-28,冷萃,咖啡,2,75.0,APP
O01974,U0074,2026-04-05,拿铁,咖啡,2,56.8,APP
O01975,U0074,2026-06-10,烘焙早餐,烘焙,1,35.2,小程序
O01976,U0074,2026-06-12,冷萃,咖啡,2,65.8,APP
O01977,U0074,2026-05-28,轻食沙拉,轻食,1,33.5,美团
O01978,U0075,2026-06-08,生椰拿铁,咖啡,1,33.5,小程序
O01979,U0075,2026-05-22,美式,咖啡,1,23.2,美团
O01980,U0075,2026-06-29,烘焙早餐,烘焙,2,37.8,APP
O01981,U0075,2026-04-29,拿铁,咖啡,1,29.0,门店
O01982,U0075,2026-04-27,生椰拿铁,咖啡,1,36.3,APP
O01983,U0075,2026-05-29,美式,咖啡,1,29.9,小程序
O01984,U0075,2026-05-01,拿铁,咖啡,1,32.3,美团
O01985,U0075,2026-06-06,周边杯,周边,2,115.6,门店
O01986,U0075,2026-05-29,周边杯,周边,1,75.1,门店
O01987,U0075,2026-06-01,轻食沙拉,轻食,1,35.8,门店
O01988,U0075,2026-06-13,轻食沙拉,轻食,1,44.0,小程序
O01989,U0075,2026-05-18,美式,咖啡,1,32.9,门店
O01990,U0075,2026-05-18,拿铁,咖啡,2,68.6,APP
O01991,U0075,2026-04-26,美式,咖啡,1,31.1,美团
O01992,U0075,2026-05-06,拿铁,咖啡,1,36.5,门店
O01993,U0075,2026-06-10,生椰拿铁,咖啡,1,44.9,门店
O01994,U0075,2026-06-10,冷萃,咖啡,1,32.3,美团
O01995,U0075,2026-04-27,美式,咖啡,1,24.7,美团
O01996,U0075,2026-06-29,拿铁,咖啡,1,39.2,门店
O01997,U0075,2026-04-25,烘焙早餐,烘焙,1,33.1,门店
O01998,U0075,2026-05-19,周边杯,周边,2,100.2,饿了么
O01999,U0076,2026-06-18,冷萃,咖啡,2,92.2,小程序
O02000,U0076,2026-06-11,拿铁,咖啡,3,112.2,门店
O02001,U0076,2026-06-17,烘焙早餐,烘焙,1,27.3,饿了么
O02002,U0076,2026-06-06,烘焙早餐,烘焙,3,69.6,美团
O02003,U0076,2026-06-03,美式,咖啡,1,23.7,门店
O02004,U0076,2026-03-10,美式,咖啡,1,32.0,饿了么
O02005,U0076,2026-04-19,拿铁,咖啡,1,38.5,门店
O02006,U0076,2026-06-08,轻食沙拉,轻食,1,41.2,小程序
O02007,U0076,2026-04-08,烘焙早餐,烘焙,2,62.4,APP
O02008,U0076,2026-04-25,冷萃,咖啡,1,32.3,小程序
O02009,U0076,2026-04-14,冷萃,咖啡,1,43.5,美团
O02010,U0076,2026-03-07,烘焙早餐,烘焙,1,36.8,饿了么
O02011,U0076,2026-05-09,生椰拿铁,咖啡,1,47.2,门店
O02012,U0076,2026-06-06,周边杯,周边,2,120.0,APP
O02013,U0076,2026-03-29,轻食沙拉,轻食,2,57.0,小程序
O02014,U0076,2026-03-29,拿铁,咖啡,1,39.1,饿了么
O02015,U0076,2026-06-18,冷萃,咖啡,1,42.4,APP
O02016,U0076,2026-03-07,轻食沙拉,轻食,3,134.4,小程序
O02017,U0076,2026-05-25,周边杯,周边,1,83.3,小程序
O02018,U0076,2026-05-15,美式,咖啡,1,26.5,美团
O02019,U0076,2026-03-14,烘焙早餐,烘焙,1,19.5,饿了么
O02020,U0076,2026-04-16,周边杯,周边,1,81.9,美团
O02021,U0076,2026-06-20,生椰拿铁,咖啡,1,32.6,门店
O02022,U0076,2026-04-11,冷萃,咖啡,1,48.2,门店
O02023,U0076,2026-05-18,拿铁,咖啡,1,30.7,APP
O02024,U0076,2026-06-24,烘焙早餐,烘焙,1,18.5,门店
O02025,U0076,2026-05-04,轻食沙拉,轻食,1,40.6,饿了么
O02026,U0076,2026-05-30,生椰拿铁,咖啡,1,46.9,饿了么
O02027,U0076,2026-03-04,轻食沙拉,轻食,1,39.5,小程序
O02028,U0076,2026-06-30,拿铁,咖啡,3,132.9,饿了么
O02029,U0076,2026-05-03,烘焙早餐,烘焙,2,61.2,饿了么
O02030,U0077,2026-05-15,周边杯,周边,1,51.1,饿了么
O02031,U0077,2026-05-11,冷萃,咖啡,1,37.7,饿了么
O02032,U0077,2026-01-15,美式,咖啡,2,52.6,门店
O02033,U0077,2025-12-14,冷萃,咖啡,3,113.1,APP
O02034,U0077,2026-04-02,轻食沙拉,轻食,1,44.2,小程序
O02035,U0077,2026-02-14,烘焙早餐,烘焙,2,56.2,美团
O02036,U0077,2026-06-23,美式,咖啡,1,27.8,饿了么
O02037,U0077,2025-10-21,烘焙早餐,烘焙,2,45.8,饿了么
O02038,U0077,2025-10-27,烘焙早餐,烘焙,1,23.2,门店
O02039,U0077,2025-10-17,拿铁,咖啡,1,34.9,APP
O02040,U0077,2026-06-08,冷萃,咖啡,2,86.8,APP
O02041,U0077,2026-04-07,拿铁,咖啡,1,30.8,饿了么
O02042,U0077,2026-04-15,轻食沙拉,轻食,2,54.0,美团
O02043,U0077,2025-08-30,轻食沙拉,轻食,1,28.3,饿了么
O02044,U0077,2026-05-16,冷萃,咖啡,1,48.3,美团
O02045,U0077,2026-05-30,美式,咖啡,1,31.3,门店
O02046,U0077,2026-06-16,烘焙早餐,烘焙,3,90.9,小程序
O02047,U0077,2025-09-24,轻食沙拉,轻食,2,86.8,美团
O02048,U0077,2026-04-05,轻食沙拉,轻食,1,41.7,美团
O02049,U0077,2025-10-25,轻食沙拉,轻食,2,57.4,饿了么
O02050,U0077,2025-09-29,美式,咖啡,1,33.6,门店
O02051,U0078,2026-04-05,生椰拿铁,咖啡,1,37.9,饿了么
O02052,U0078,2026-03-10,周边杯,周边,1,52.9,门店
O02053,U0078,2026-01-10,烘焙早餐,烘焙,1,28.4,饿了么
O02054,U0078,2026-04-17,生椰拿铁,咖啡,1,35.8,APP
O02055,U0078,2026-02-03,拿铁,咖啡,2,83.6,APP
O02056,U0078,2026-04-18,烘焙早餐,烘焙,2,47.2,门店
O02057,U0078,2026-01-23,生椰拿铁,咖啡,1,35.1,门店
O02058,U0078,2026-05-02,冷萃,咖啡,1,36.0,门店
O02059,U0078,2026-06-02,周边杯,周边,1,53.2,门店
O02060,U0078,2026-02-03,拿铁,咖啡,2,63.0,APP
O02061,U0078,2026-01-05,烘焙早餐,烘焙,3,108.3,饿了么
O02062,U0078,2026-05-15,周边杯,周边,1,56.8,小程序
O02063,U0078,2026-04-02,美式,咖啡,2,51.4,美团
O02064,U0078,2026-04-21,烘焙早餐,烘焙,1,20.5,小程序
O02065,U0078,2026-06-30,轻食沙拉,轻食,1,43.4,美团
O02066,U0078,2026-05-04,生椰拿铁,咖啡,1,31.6,门店
O02067,U0078,2026-06-18,拿铁,咖啡,2,89.0,APP
O02068,U0078,2026-01-17,生椰拿铁,咖啡,1,32.8,美团
O02069,U0078,2026-06-08,轻食沙拉,轻食,2,70.6,门店
O02070,U0078,2026-01-07,冷萃,咖啡,2,67.6,饿了么
O02071,U0078,2026-03-20,美式,咖啡,1,32.9,小程序
O02072,U0078,2026-06-09,轻食沙拉,轻食,1,25.2,美团
O02073,U0078,2026-02-23,轻食沙拉,轻食,1,28.9,美团
O02074,U0078,2026-02-14,轻食沙拉,轻食,1,34.9,小程序
O02075,U0078,2026-05-10,周边杯,周边,1,77.9,美团
O02076,U0078,2026-01-15,冷萃,咖啡,1,42.0,APP
O02077,U0078,2026-01-07,冷萃,咖啡,1,44.4,饿了么
O02078,U0078,2026-02-27,轻食沙拉,轻食,1,32.0,APP
O02079,U0078,2026-03-15,周边杯,周边,1,58.3,美团
O02080,U0078,2026-05-03,周边杯,周边,1,74.2,饿了么
O02081,U0078,2026-05-01,生椰拿铁,咖啡,1,31.7,门店
O02082,U0078,2026-04-15,冷萃,咖啡,1,37.9,小程序
O02083,U0079,2026-04-25,生椰拿铁,咖啡,1,41.9,美团
O02084,U0079,2026-05-26,美式,咖啡,1,32.1,美团
O02085,U0079,2026-05-12,冷萃,咖啡,1,44.4,门店
O02086,U0079,2026-04-30,美式,咖啡,2,67.2,小程序
O02087,U0079,2026-05-07,周边杯,周边,1,61.9,美团
O02088,U0079,2026-04-16,周边杯,周边,1,66.7,小程序
O02089,U0079,2026-03-31,冷萃,咖啡,1,45.1,小程序
O02090,U0079,2026-04-05,冷萃,咖啡,1,39.4,APP
O02091,U0079,2026-05-04,美式,咖啡,1,32.1,饿了么
O02092,U0079,2026-05-14,生椰拿铁,咖啡,1,32.3,小程序
O02093,U0079,2026-06-07,冷萃,咖啡,2,67.2,门店
O02094,U0079,2026-06-03,周边杯,周边,1,71.1,饿了么
O02095,U0079,2026-03-23,生椰拿铁,咖啡,3,118.8,饿了么
O02096,U0079,2026-04-16,周边杯,周边,1,77.7,APP
O02097,U0079,2026-06-21,生椰拿铁,咖啡,1,36.0,APP
O02098,U0079,2026-06-25,拿铁,咖啡,1,28.6,饿了么
O02099,U0079,2026-03-10,烘焙早餐,烘焙,1,26.0,APP
O02100,U0079,2026-04-02,生椰拿铁,咖啡,1,30.4,APP
O02101,U0079,2026-03-01,生椰拿铁,咖啡,2,87.0,美团
O02102,U0079,2026-05-19,冷萃,咖啡,2,68.8,门店
O02103,U0079,2026-06-15,拿铁,咖啡,1,29.3,美团
O02104,U0079,2026-02-27,拿铁,咖啡,1,40.6,APP
O02105,U0079,2026-03-09,轻食沙拉,轻食,1,36.8,饿了么
O02106,U0080,2026-01-13,冷萃,咖啡,1,41.2,门店
O02107,U0080,2026-03-23,美式,咖啡,3,69.9,饿了么
O02108,U0080,2026-03-30,冷萃,咖啡,1,37.2,美团
O02109,U0080,2026-05-15,生椰拿铁,咖啡,2,77.4,饿了么
O02110,U0080,2026-04-17,美式,咖啡,3,81.0,美团
O02111,U0080,2026-02-07,周边杯,周边,1,70.9,APP
O02112,U0080,2026-05-23,拿铁,咖啡,1,34.8,门店
O02113,U0080,2026-04-02,烘焙早餐,烘焙,1,20.2,APP
O02114,U0080,2026-06-19,拿铁,咖啡,1,29.6,美团
O02115,U0080,2026-05-31,美式,咖啡,1,23.1,美团
O02116,U0080,2026-04-25,轻食沙拉,轻食,2,83.6,小程序
O02117,U0080,2026-04-10,生椰拿铁,咖啡,2,74.8,APP
O02118,U0080,2025-08-19,生椰拿铁,咖啡,1,42.4,小程序
O02119,U0080,2025-12-16,轻食沙拉,轻食,1,29.2,美团
O02120,U0080,2026-05-07,冷萃,咖啡,1,37.6,门店
O02121,U0080,2026-03-25,轻食沙拉,轻食,1,34.7,小程序
O02122,U0080,2025-09-23,冷萃,咖啡,1,44.6,小程序
O02123,U0080,2025-10-22,烘焙早餐,烘焙,1,33.0,美团
O02124,U0080,2025-09-28,拿铁,咖啡,1,43.1,饿了么
O02125,U0080,2026-04-07,美式,咖啡,1,31.7,美团
O02126,U0080,2025-08-05,生椰拿铁,咖啡,3,96.3,门店
O02127,U0080,2026-04-25,生椰拿铁,咖啡,1,41.1,APP
O02128,U0080,2025-10-12,生椰拿铁,咖啡,1,39.4,饿了么
O02129,U0080,2026-02-07,烘焙早餐,烘焙,1,30.1,APP
O02130,U0080,2026-01-17,轻食沙拉,轻食,2,78.8,APP
O02131,U0080,2025-10-24,烘焙早餐,烘焙,1,32.3,门店
O02132,U0080,2026-03-02,美式,咖啡,1,24.0,小程序
O02133,U0081,2025-11-29,美式,咖啡,1,31.0,门店
O02134,U0081,2025-10-12,拿铁,咖啡,1,38.6,小程序
O02135,U0081,2026-02-20,轻食沙拉,轻食,1,36.2,小程序
O02136,U0081,2025-12-01,生椰拿铁,咖啡,2,70.2,美团
O02137,U0081,2026-06-20,轻食沙拉,轻食,1,31.1,美团
O02138,U0081,2026-01-02,烘焙早餐,烘焙,1,28.8,小程序
O02139,U0081,2026-06-24,美式,咖啡,1,23.3,APP
O02140,U0081,2026-01-06,烘焙早餐,烘焙,2,40.0,饿了么
O02141,U0081,2026-03-09,生椰拿铁,咖啡,2,80.8,饿了么
O02142,U0081,2026-01-13,周边杯,周边,1,78.5,美团
O02143,U0081,2025-12-10,美式,咖啡,1,22.0,APP
O02144,U0081,2025-10-10,周边杯,周边,1,73.6,美团
O02145,U0081,2025-08-25,生椰拿铁,咖啡,3,94.2,APP
O02146,U0081,2026-05-13,周边杯,周边,1,66.6,门店
O02147,U0081,2026-01-26,烘焙早餐,烘焙,1,33.2,美团
O02148,U0081,2026-03-06,周边杯,周边,1,64.4,门店
O02149,U0081,2026-05-19,生椰拿铁,咖啡,2,79.2,APP
O02150,U0081,2025-11-18,轻食沙拉,轻食,2,83.4,美团
O02151,U0081,2026-06-07,冷萃,咖啡,2,81.6,小程序
O02152,U0081,2026-06-06,冷萃,咖啡,1,43.7,门店
O02153,U0081,2026-04-20,周边杯,周边,2,151.6,APP
O02154,U0081,2026-06-07,美式,咖啡,1,27.0,小程序
O02155,U0081,2025-12-03,冷萃,咖啡,1,38.5,饿了么
O02156,U0081,2026-01-30,生椰拿铁,咖啡,1,31.7,门店
O02157,U0081,2026-05-09,拿铁,咖啡,1,38.3,门店
O02158,U0081,2026-04-27,冷萃,咖啡,1,32.8,门店
O02159,U0081,2026-01-12,轻食沙拉,轻食,1,26.1,小程序
O02160,U0082,2026-05-26,冷萃,咖啡,2,70.2,饿了么
O02161,U0082,2025-11-28,拿铁,咖啡,1,34.3,APP
O02162,U0082,2026-01-04,周边杯,周边,1,83.0,小程序
O02163,U0082,2025-11-03,冷萃,咖啡,1,43.5,小程序
O02164,U0082,2026-02-25,周边杯,周边,1,56.8,小程序
O02165,U0082,2026-03-25,周边杯,周边,2,151.8,APP
O02166,U0082,2026-04-11,烘焙早餐,烘焙,1,18.3,美团
O02167,U0082,2025-11-06,拿铁,咖啡,2,62.6,APP
O02168,U0082,2026-02-19,拿铁,咖啡,1,30.9,饿了么
O02169,U0082,2026-01-15,轻食沙拉,轻食,1,35.1,小程序
O02170,U0082,2026-03-14,生椰拿铁,咖啡,1,40.1,美团
O02171,U0082,2025-11-19,烘焙早餐,烘焙,1,36.6,小程序
O02172,U0082,2026-01-07,轻食沙拉,轻食,1,26.7,小程序
O02173,U0082,2025-12-31,周边杯,周边,1,49.4,美团
O02174,U0082,2025-11-16,轻食沙拉,轻食,1,43.9,APP
O02175,U0082,2025-12-12,生椰拿铁,咖啡,2,62.0,APP
O02176,U0082,2026-02-25,美式,咖啡,1,29.3,APP
O02177,U0082,2026-02-22,美式,咖啡,1,24.3,美团
O02178,U0082,2026-02-18,拿铁,咖啡,1,36.3,门店
O02179,U0082,2026-06-30,冷萃,咖啡,1,46.9,APP
O02180,U0082,2025-10-24,周边杯,周边,1,72.4,饿了么
O02181,U0082,2026-01-21,轻食沙拉,轻食,1,33.7,门店
O02182,U0082,2026-01-20,生椰拿铁,咖啡,1,42.6,门店
O02183,U0082,2025-11-21,烘焙早餐,烘焙,1,33.5,美团
O02184,U0082,2026-02-16,拿铁,咖啡,1,43.7,APP
O02185,U0082,2026-06-06,美式,咖啡,1,28.1,饿了么
O02186,U0082,2026-04-17,轻食沙拉,轻食,1,36.8,小程序
O02187,U0082,2026-04-07,周边杯,周边,1,85.0,美团
O02188,U0082,2026-03-26,生椰拿铁,咖啡,1,41.7,门店
O02189,U0082,2026-03-11,美式,咖啡,1,28.1,小程序
O02190,U0082,2026-05-18,周边杯,周边,1,73.7,美团
O02191,U0082,2026-04-28,冷萃,咖啡,1,47.0,门店
O02192,U0082,2026-03-27,冷萃,咖啡,1,44.2,APP
O02193,U0083,2025-11-04,冷萃,咖啡,1,39.7,饿了么
O02194,U0083,2026-04-03,烘焙早餐,烘焙,1,18.6,门店
O02195,U0083,2026-06-05,美式,咖啡,1,34.4,APP
O02196,U0083,2025-11-15,轻食沙拉,轻食,3,95.1,小程序
O02197,U0083,2026-02-15,周边杯,周边,2,159.2,美团
O02198,U0083,2026-03-31,美式,咖啡,1,28.0,APP
O02199,U0083,2025-12-07,生椰拿铁,咖啡,1,35.5,APP
O02200,U0083,2026-04-21,拿铁,咖啡,1,40.3,饿了么
O02201,U0083,2026-03-20,拿铁,咖啡,1,36.1,美团
O02202,U0083,2026-06-18,轻食沙拉,轻食,1,32.9,美团
O02203,U0083,2026-03-21,周边杯,周边,1,67.5,小程序
O02204,U0083,2026-03-27,美式,咖啡,2,52.2,美团
O02205,U0083,2026-02-24,生椰拿铁,咖啡,2,89.6,美团
O02206,U0083,2026-03-30,烘焙早餐,烘焙,1,19.4,饿了么
O02207,U0083,2025-09-23,美式,咖啡,1,33.5,APP
O02208,U0083,2026-03-17,生椰拿铁,咖啡,2,72.2,饿了么
O02209,U0083,2026-04-01,拿铁,咖啡,1,39.0,APP
O02210,U0083,2025-10-02,美式,咖啡,1,25.9,美团
O02211,U0083,2025-12-11,冷萃,咖啡,1,34.7,美团
O02212,U0083,2025-09-27,生椰拿铁,咖啡,1,47.3,APP
O02213,U0083,2026-04-01,轻食沙拉,轻食,1,35.3,小程序
O02214,U0083,2026-03-06,轻食沙拉,轻食,1,39.7,美团
O02215,U0083,2025-09-16,美式,咖啡,1,26.1,美团
O02216,U0083,2026-04-30,拿铁,咖啡,3,108.9,美团
O02217,U0083,2026-04-14,周边杯,周边,1,51.2,小程序
O02218,U0083,2026-04-28,烘焙早餐,烘焙,1,25.5,门店
O02219,U0083,2026-06-10,生椰拿铁,咖啡,1,32.0,美团
O02220,U0083,2026-06-09,周边杯,周边,1,64.3,APP
O02221,U0083,2025-09-13,生椰拿铁,咖啡,2,94.2,门店
O02222,U0083,2025-12-20,烘焙早餐,烘焙,2,68.6,美团
O02223,U0083,2026-04-20,拿铁,咖啡,1,35.9,美团
O02224,U0083,2026-05-03,生椰拿铁,咖啡,1,30.9,门店
O02225,U0083,2026-01-17,冷萃,咖啡,1,38.1,小程序
O02226,U0083,2026-06-14,生椰拿铁,咖啡,1,33.2,小程序
O02227,U0084,2026-02-11,生椰拿铁,咖啡,1,41.4,门店
O02228,U0084,2026-05-26,拿铁,咖啡,1,37.0,APP
O02229,U0084,2025-12-11,烘焙早餐,烘焙,2,39.8,美团
O02230,U0084,2026-03-10,生椰拿铁,咖啡,1,36.2,饿了么
O02231,U0084,2026-01-21,周边杯,周边,2,170.2,饿了么
O02232,U0084,2026-04-14,冷萃,咖啡,1,32.7,小程序
O02233,U0084,2025-12-27,烘焙早餐,烘焙,1,37.5,小程序
O02234,U0084,2026-02-25,烘焙早餐,烘焙,1,37.6,门店
O02235,U0084,2026-03-08,冷萃,咖啡,3,97.2,门店
O02236,U0084,2026-05-23,轻食沙拉,轻食,1,39.9,美团
O02237,U0084,2025-12-19,周边杯,周边,1,56.7,门店
O02238,U0084,2026-04-26,烘焙早餐,烘焙,2,57.6,小程序
O02239,U0084,2026-02-23,烘焙早餐,烘焙,2,55.0,美团
O02240,U0084,2026-01-29,轻食沙拉,轻食,1,38.8,饿了么
O02241,U0084,2026-05-10,拿铁,咖啡,2,76.6,门店
O02242,U0084,2026-01-28,拿铁,咖啡,1,34.9,美团
O02243,U0084,2026-05-07,美式,咖啡,1,25.6,门店
O02244,U0084,2025-12-14,美式,咖啡,2,49.8,APP
O02245,U0084,2025-12-06,烘焙早餐,烘焙,2,47.6,美团
O02246,U0084,2026-04-19,冷萃,咖啡,1,43.4,美团
O02247,U0084,2026-03-21,烘焙早餐,烘焙,1,18.3,门店
O02248,U0084,2026-06-18,冷萃,咖啡,2,69.4,美团
O02249,U0084,2026-01-12,烘焙早餐,烘焙,1,32.0,门店
O02250,U0084,2026-03-03,拿铁,咖啡,1,39.2,小程序
O02251,U0084,2026-04-30,冷萃,咖啡,1,42.1,APP
O02252,U0084,2026-05-30,烘焙早餐,烘焙,1,25.4,门店
O02253,U0084,2026-03-15,轻食沙拉,轻食,1,34.3,饿了么
O02254,U0084,2026-01-01,烘焙早餐,烘焙,1,25.0,小程序
O02255,U0084,2026-05-31,生椰拿铁,咖啡,1,40.0,APP
O02256,U0084,2026-02-24,烘焙早餐,烘焙,1,20.6,小程序
O02257,U0084,2025-12-14,冷萃,咖啡,3,107.7,饿了么
O02258,U0084,2026-02-02,美式,咖啡,2,66.4,美团
O02259,U0085,2026-03-05,生椰拿铁,咖啡,1,43.5,饿了么
O02260,U0085,2025-12-28,生椰拿铁,咖啡,1,43.9,门店
O02261,U0085,2026-04-22,烘焙早餐,烘焙,1,28.7,美团
O02262,U0085,2026-04-18,周边杯,周边,2,135.2,美团
O02263,U0085,2025-10-27,周边杯,周边,1,56.1,饿了么
O02264,U0085,2026-01-26,周边杯,周边,1,67.6,小程序
O02265,U0085,2026-02-20,烘焙早餐,烘焙,3,93.3,美团
O02266,U0085,2025-11-12,轻食沙拉,轻食,1,25.6,饿了么
O02267,U0085,2026-06-21,烘焙早餐,烘焙,1,38.0,美团
O02268,U0085,2025-08-19,生椰拿铁,咖啡,1,41.0,美团
O02269,U0085,2025-09-23,生椰拿铁,咖啡,1,30.4,美团
O02270,U0085,2026-05-17,烘焙早餐,烘焙,2,70.6,APP
O02271,U0085,2026-03-30,生椰拿铁,咖啡,1,43.0,美团
O02272,U0085,2025-11-18,生椰拿铁,咖啡,1,32.4,小程序
O02273,U0085,2025-11-21,烘焙早餐,烘焙,1,27.2,饿了么
O02274,U0085,2026-03-23,美式,咖啡,3,97.2,饿了么
O02275,U0085,2025-10-03,周边杯,周边,1,73.2,APP
O02276,U0085,2025-12-11,冷萃,咖啡,1,45.0,小程序
O02277,U0085,2026-03-04,周边杯,周边,1,69.8,美团
O02278,U0085,2025-09-13,周边杯,周边,1,65.7,饿了么
O02279,U0085,2025-10-08,轻食沙拉,轻食,1,40.5,饿了么
O02280,U0085,2025-08-20,冷萃,咖啡,2,81.4,门店
O02281,U0085,2026-02-27,周边杯,周边,2,163.8,门店
O02282,U0085,2026-02-28,轻食沙拉,轻食,1,43.5,美团
O02283,U0085,2026-03-15,周边杯,周边,1,54.0,门店
O02284,U0085,2026-05-31,周边杯,周边,2,161.4,门店
O02285,U0085,2026-03-07,轻食沙拉,轻食,2,63.6,美团
O02286,U0085,2025-11-23,生椰拿铁,咖啡,1,31.7,小程序
O02287,U0085,2026-03-30,轻食沙拉,轻食,1,34.8,门店
O02288,U0085,2026-01-30,生椰拿铁,咖啡,1,42.4,美团
O02289,U0085,2025-12-18,烘焙早餐,烘焙,1,23.5,APP
O02290,U0085,2025-10-22,烘焙早餐,烘焙,1,23.8,门店
O02291,U0085,2026-05-23,生椰拿铁,咖啡,1,42.8,APP
O02292,U0085,2026-05-25,轻食沙拉,轻食,2,62.2,门店
O02293,U0085,2025-10-26,轻食沙拉,轻食,1,41.1,饿了么
O02294,U0086,2026-03-04,生椰拿铁,咖啡,1,41.5,APP
O02295,U0086,2026-06-14,生椰拿铁,咖啡,1,32.7,门店
O02296,U0086,2026-05-07,轻食沙拉,轻食,1,42.4,美团
O02297,U0086,2025-11-15,生椰拿铁,咖啡,1,41.6,饿了么
O02298,U0086,2026-01-27,烘焙早餐,烘焙,2,51.0,美团
O02299,U0086,2025-11-14,周边杯,周边,1,70.0,美团
O02300,U0086,2025-08-27,轻食沙拉,轻食,1,43.9,门店
O02301,U0086,2025-12-03,美式,咖啡,1,24.0,小程序
O02302,U0086,2025-11-28,生椰拿铁,咖啡,1,39.0,小程序
O02303,U0086,2026-05-15,美式,咖啡,1,31.6,小程序
O02304,U0086,2026-03-12,轻食沙拉,轻食,1,27.0,小程序
O02305,U0086,2026-01-05,烘焙早餐,烘焙,2,74.4,饿了么
O02306,U0086,2025-09-29,周边杯,周边,1,51.2,APP
O02307,U0086,2025-12-23,生椰拿铁,咖啡,1,44.4,APP
O02308,U0086,2025-12-14,轻食沙拉,轻食,1,39.3,饿了么
O02309,U0086,2026-01-03,烘焙早餐,烘焙,2,47.0,小程序
O02310,U0086,2025-10-26,烘焙早餐,烘焙,1,24.1,APP
O02311,U0086,2026-06-15,周边杯,周边,1,72.3,饿了么
O02312,U0086,2025-09-15,生椰拿铁,咖啡,1,44.2,美团
O02313,U0086,2025-10-18,冷萃,咖啡,1,33.5,饿了么
O02314,U0086,2026-06-17,美式,咖啡,1,29.8,小程序
O02315,U0086,2026-06-13,冷萃,咖啡,1,47.5,美团
O02316,U0086,2025-11-27,烘焙早餐,烘焙,1,34.1,美团
O02317,U0086,2025-08-20,生椰拿铁,咖啡,1,43.6,美团
O02318,U0086,2025-11-18,生椰拿铁,咖啡,1,39.1,门店
O02319,U0086,2026-01-02,周边杯,周边,1,70.3,饿了么
O02320,U0086,2026-05-04,生椰拿铁,咖啡,1,41.3,APP
O02321,U0087,2025-07-11,生椰拿铁,咖啡,1,46.1,美团
O02322,U0087,2025-09-29,美式,咖啡,1,22.9,门店
O02323,U0087,2025-08-25,周边杯,周边,1,66.7,饿了么
O02324,U0087,2025-10-09,美式,咖啡,2,64.2,APP
O02325,U0087,2025-12-12,烘焙早餐,烘焙,2,48.2,美团
O02326,U0087,2025-08-29,轻食沙拉,轻食,1,31.0,饿了么
O02327,U0087,2026-06-17,美式,咖啡,1,26.2,美团
O02328,U0087,2025-10-03,周边杯,周边,1,55.3,门店
O02329,U0087,2026-03-29,冷萃,咖啡,2,87.6,门店
O02330,U0087,2025-11-02,生椰拿铁,咖啡,2,77.0,门店
O02331,U0087,2026-01-13,美式,咖啡,2,52.0,门店
O02332,U0087,2026-02-23,生椰拿铁,咖啡,1,37.7,美团
O02333,U0087,2025-07-10,周边杯,周边,1,86.6,美团
O02334,U0087,2026-01-05,轻食沙拉,轻食,3,123.3,门店
O02335,U0087,2025-07-17,周边杯,周边,1,77.2,门店
O02336,U0087,2025-12-05,周边杯,周边,1,63.9,美团
O02337,U0087,2025-12-21,烘焙早餐,烘焙,1,29.2,APP
O02338,U0087,2026-05-20,烘焙早餐,烘焙,1,26.8,小程序
O02339,U0087,2025-11-09,美式,咖啡,1,26.2,饿了么
O02340,U0087,2026-03-05,拿铁,咖啡,1,41.3,美团
O02341,U0087,2025-11-12,生椰拿铁,咖啡,1,47.8,小程序
O02342,U0087,2025-08-28,拿铁,咖啡,1,38.9,门店
O02343,U0087,2026-02-17,生椰拿铁,咖啡,1,32.0,小程序
O02344,U0087,2025-12-21,周边杯,周边,2,156.6,APP
O02345,U0087,2026-05-05,生椰拿铁,咖啡,1,40.3,美团
O02346,U0087,2025-11-10,生椰拿铁,咖啡,2,80.6,门店
O02347,U0087,2026-04-19,烘焙早餐,烘焙,1,34.3,APP
O02348,U0087,2025-08-11,周边杯,周边,2,160.8,门店
O02349,U0087,2026-01-08,周边杯,周边,2,133.6,APP
O02350,U0087,2025-12-19,冷萃,咖啡,1,36.1,APP
O02351,U0087,2026-06-19,轻食沙拉,轻食,1,30.2,小程序
O02352,U0087,2025-09-17,拿铁,咖啡,1,38.9,美团
O02353,U0087,2025-08-01,周边杯,周边,2,140.2,饿了么
O02354,U0088,2025-10-02,烘焙早餐,烘焙,1,26.7,饿了么
O02355,U0088,2026-03-10,周边杯,周边,1,70.6,门店
O02356,U0088,2025-10-28,轻食沙拉,轻食,1,26.5,饿了么
O02357,U0088,2025-11-20,烘焙早餐,烘焙,1,21.2,小程序
O02358,U0088,2026-05-21,烘焙早餐,烘焙,1,31.0,小程序
O02359,U0088,2026-05-02,周边杯,周边,1,60.1,APP
O02360,U0088,2026-03-12,拿铁,咖啡,1,31.1,美团
O02361,U0088,2026-06-21,周边杯,周边,2,153.4,美团
O02362,U0088,2025-10-04,冷萃,咖啡,1,42.3,美团
O02363,U0088,2025-10-03,拿铁,咖啡,1,31.8,门店
O02364,U0088,2026-01-16,烘焙早餐,烘焙,1,31.5,美团
O02365,U0088,2026-01-04,周边杯,周边,2,163.8,饿了么
O02366,U0088,2025-12-11,美式,咖啡,1,32.0,APP
O02367,U0088,2025-11-14,拿铁,咖啡,2,74.2,小程序
O02368,U0088,2025-11-28,烘焙早餐,烘焙,1,25.0,门店
O02369,U0088,2026-01-19,轻食沙拉,轻食,1,29.2,美团
O02370,U0088,2026-02-09,美式,咖啡,1,34.2,门店
O02371,U0088,2025-10-07,美式,咖啡,2,66.8,小程序
O02372,U0088,2026-04-04,拿铁,咖啡,2,71.0,APP
O02373,U0088,2026-04-06,拿铁,咖啡,1,35.6,APP
O02374,U0088,2026-04-06,烘焙早餐,烘焙,1,34.3,APP
O02375,U0088,2026-06-10,烘焙早餐,烘焙,1,32.5,APP
O02376,U0088,2025-11-24,冷萃,咖啡,1,45.3,门店
O02377,U0088,2026-04-24,美式,咖啡,1,24.7,饿了么
O02378,U0088,2026-03-27,冷萃,咖啡,1,36.6,美团
O02379,U0088,2025-10-02,拿铁,咖啡,1,34.5,小程序
O02380,U0088,2026-03-24,生椰拿铁,咖啡,2,94.0,美团
O02381,U0088,2026-02-24,美式,咖啡,1,35.0,美团
O02382,U0088,2026-05-23,拿铁,咖啡,1,44.2,门店
O02383,U0089,2026-03-22,周边杯,周边,1,59.0,APP
O02384,U0089,2026-05-09,美式,咖啡,1,23.8,小程序
O02385,U0089,2026-03-11,烘焙早餐,烘焙,2,68.0,门店
O02386,U0089,2026-04-20,烘焙早餐,烘焙,1,26.3,APP
O02387,U0089,2026-03-26,烘焙早餐,烘焙,2,74.6,APP
O02388,U0089,2026-04-19,拿铁,咖啡,1,41.4,APP
O02389,U0089,2026-04-12,冷萃,咖啡,2,86.6,门店
O02390,U0089,2026-05-22,生椰拿铁,咖啡,1,30.5,小程序
O02391,U0089,2026-06-25,冷萃,咖啡,2,65.2,美团
O02392,U0089,2026-03-09,烘焙早餐,烘焙,1,25.5,饿了么
O02393,U0089,2026-03-25,美式,咖啡,1,23.3,APP
O02394,U0089,2026-03-15,冷萃,咖啡,1,49.8,美团
O02395,U0089,2026-05-02,冷萃,咖啡,1,47.4,APP
O02396,U0089,2026-06-21,烘焙早餐,烘焙,1,34.2,美团
O02397,U0089,2026-05-03,生椰拿铁,咖啡,1,32.3,门店
O02398,U0089,2026-05-21,轻食沙拉,轻食,1,39.3,饿了么
O02399,U0089,2026-03-29,美式,咖啡,1,24.9,APP
O02400,U0089,2026-04-01,轻食沙拉,轻食,1,26.6,美团
O02401,U0089,2026-04-09,烘焙早餐,烘焙,1,20.1,APP
O02402,U0090,2026-01-15,轻食沙拉,轻食,1,44.5,饿了么
O02403,U0090,2026-04-21,烘焙早餐,烘焙,1,37.8,APP
O02404,U0090,2026-01-14,冷萃,咖啡,1,38.7,小程序
O02405,U0090,2026-02-13,轻食沙拉,轻食,1,26.0,APP
O02406,U0090,2025-08-07,美式,咖啡,2,60.6,APP
O02407,U0090,2025-10-21,冷萃,咖啡,1,37.8,美团
O02408,U0090,2026-01-23,美式,咖啡,2,60.4,饿了么
O02409,U0090,2026-02-23,冷萃,咖啡,1,49.9,门店
O02410,U0090,2026-05-06,冷萃,咖啡,1,34.1,饿了么
O02411,U0090,2026-01-19,生椰拿铁,咖啡,1,47.9,门店
O02412,U0090,2026-04-06,周边杯,周边,1,71.0,门店
O02413,U0090,2026-04-22,生椰拿铁,咖啡,1,31.1,小程序
O02414,U0090,2026-05-05,美式,咖啡,3,69.6,小程序
O02415,U0090,2025-09-30,烘焙早餐,烘焙,1,32.3,门店
O02416,U0090,2026-01-04,冷萃,咖啡,3,119.7,小程序
O02417,U0090,2026-04-15,美式,咖啡,2,54.4,饿了么
O02418,U0090,2025-11-07,美式,咖啡,1,32.9,小程序
O02419,U0090,2025-11-09,轻食沙拉,轻食,1,39.9,APP
O02420,U0090,2026-05-15,周边杯,周边,1,70.2,饿了么
O02421,U0090,2026-02-01,烘焙早餐,烘焙,2,45.2,饿了么
O02422,U0090,2025-10-24,生椰拿铁,咖啡,1,32.9,饿了么
O02423,U0090,2025-11-23,周边杯,周边,2,172.4,饿了么
O02424,U0090,2026-06-08,冷萃,咖啡,1,47.4,美团
O02425,U0090,2025-12-29,冷萃,咖啡,3,144.6,美团
O02426,U0090,2026-03-27,生椰拿铁,咖啡,2,65.0,小程序
O02427,U0090,2025-09-07,生椰拿铁,咖啡,1,42.8,APP
O02428,U0090,2026-06-09,烘焙早餐,烘焙,1,37.2,美团
O02429,U0091,2025-09-13,冷萃,咖啡,2,93.6,APP
O02430,U0091,2026-01-18,周边杯,周边,1,55.4,饿了么
O02431,U0091,2025-10-09,美式,咖啡,1,32.8,门店
O02432,U0091,2025-09-11,冷萃,咖啡,2,68.4,APP
O02433,U0091,2025-10-15,冷萃,咖啡,1,34.6,门店
O02434,U0091,2025-07-07,轻食沙拉,轻食,1,27.3,小程序
O02435,U0091,2026-05-19,烘焙早餐,烘焙,1,27.4,门店
O02436,U0091,2025-09-03,烘焙早餐,烘焙,1,32.9,小程序
O02437,U0091,2025-12-23,生椰拿铁,咖啡,1,47.1,门店
O02438,U0091,2025-08-28,轻食沙拉,轻食,1,34.3,美团
O02439,U0091,2025-11-28,美式,咖啡,1,28.8,饿了么
O02440,U0091,2026-05-04,周边杯,周边,2,127.0,美团
O02441,U0091,2026-06-26,冷萃,咖啡,1,39.6,门店
O02442,U0091,2025-11-20,生椰拿铁,咖啡,1,41.5,门店
O02443,U0091,2025-12-31,拿铁,咖啡,2,56.4,美团
O02444,U0091,2025-11-03,烘焙早餐,烘焙,1,27.9,门店
O02445,U0091,2025-08-24,周边杯,周边,1,82.1,饿了么
O02446,U0091,2026-04-17,冷萃,咖啡,2,85.8,美团
O02447,U0091,2025-07-23,烘焙早餐,烘焙,2,40.4,小程序
O02448,U0091,2026-04-22,拿铁,咖啡,2,60.0,门店
O02449,U0091,2026-04-25,轻食沙拉,轻食,1,39.2,美团
O02450,U0091,2025-07-22,生椰拿铁,咖啡,1,41.6,美团
O02451,U0092,2026-02-27,冷萃,咖啡,1,46.6,美团
O02452,U0092,2026-02-24,美式,咖啡,1,29.4,门店
O02453,U0092,2026-03-15,生椰拿铁,咖啡,2,93.2,美团
O02454,U0092,2026-04-23,生椰拿铁,咖啡,1,44.7,APP
O02455,U0092,2026-04-29,冷萃,咖啡,1,46.1,门店
O02456,U0092,2026-03-31,美式,咖啡,2,58.6,门店
O02457,U0092,2026-05-31,周边杯,周边,2,125.8,美团
O02458,U0092,2026-03-12,生椰拿铁,咖啡,1,36.3,APP
O02459,U0092,2026-05-10,周边杯,周边,2,122.4,小程序
O02460,U0092,2026-06-01,生椰拿铁,咖啡,1,41.2,美团
O02461,U0092,2026-04-10,生椰拿铁,咖啡,1,45.4,门店
O02462,U0092,2026-06-10,生椰拿铁,咖啡,3,130.8,门店
O02463,U0092,2026-02-22,拿铁,咖啡,1,31.2,饿了么
O02464,U0092,2026-05-04,周边杯,周边,1,71.4,饿了么
O02465,U0092,2026-03-09,美式,咖啡,2,46.4,美团
O02466,U0092,2026-04-26,美式,咖啡,1,31.3,美团
O02467,U0092,2026-03-24,冷萃,咖啡,3,101.7,门店
O02468,U0092,2026-03-11,生椰拿铁,咖啡,1,48.0,小程序
O02469,U0092,2026-04-21,烘焙早餐,烘焙,3,63.3,小程序
O02470,U0092,2026-06-24,美式,咖啡,3,98.4,APP
O02471,U0092,2026-04-16,冷萃,咖啡,1,43.7,小程序
O02472,U0092,2026-05-04,美式,咖啡,2,69.0,美团
O02473,U0092,2026-06-10,冷萃,咖啡,3,126.0,APP
O02474,U0092,2026-06-03,美式,咖啡,1,33.0,饿了么
O02475,U0092,2026-05-28,轻食沙拉,轻食,2,60.4,门店
O02476,U0092,2026-04-26,冷萃,咖啡,2,77.4,APP
O02477,U0092,2026-05-10,烘焙早餐,烘焙,3,75.3,APP
O02478,U0092,2026-05-11,周边杯,周边,2,164.2,饿了么
O02479,U0092,2026-03-22,拿铁,咖啡,2,89.4,饿了么
O02480,U0092,2026-06-19,烘焙早餐,烘焙,2,48.6,饿了么
O02481,U0092,2026-04-17,轻食沙拉,轻食,2,64.0,饿了么
O02482,U0092,2026-04-16,冷萃,咖啡,2,73.6,美团
O02483,U0092,2026-06-10,冷萃,咖啡,1,42.6,APP
O02484,U0092,2026-02-23,烘焙早餐,烘焙,1,27.0,门店
O02485,U0093,2026-06-24,拿铁,咖啡,1,39.6,门店
O02486,U0093,2026-06-26,轻食沙拉,轻食,1,25.6,美团
O02487,U0093,2026-06-24,冷萃,咖啡,1,35.9,饿了么
O02488,U0093,2026-06-26,生椰拿铁,咖啡,2,68.4,饿了么
O02489,U0093,2026-06-28,美式,咖啡,3,96.0,饿了么
O02490,U0093,2026-06-27,周边杯,周边,1,49.3,门店
O02491,U0093,2026-06-23,周边杯,周边,1,88.1,饿了么
O02492,U0093,2026-06-28,轻食沙拉,轻食,1,28.2,饿了么
O02493,U0093,2026-06-24,周边杯,周边,1,56.2,美团
O02494,U0093,2026-06-23,生椰拿铁,咖啡,2,63.2,饿了么
O02495,U0093,2026-06-28,周边杯,周边,1,65.3,APP
O02496,U0093,2026-06-27,美式,咖啡,1,23.2,美团
O02497,U0093,2026-06-26,冷萃,咖啡,1,33.6,APP
O02498,U0093,2026-06-25,生椰拿铁,咖啡,1,47.7,门店
O02499,U0093,2026-06-29,周边杯,周边,1,52.8,饿了么
O02500,U0093,2026-06-22,烘焙早餐,烘焙,1,19.2,APP
O02501,U0093,2026-06-22,烘焙早餐,烘焙,1,18.3,门店
O02502,U0093,2026-06-22,周边杯,周边,1,85.2,小程序
O02503,U0093,2026-06-24,美式,咖啡,1,30.3,饿了么
O02504,U0093,2026-06-25,生椰拿铁,咖啡,1,31.7,APP
O02505,U0093,2026-06-27,烘焙早餐,烘焙,1,21.5,APP
O02506,U0093,2026-06-30,美式,咖啡,1,32.6,饿了么
O02507,U0093,2026-06-22,烘焙早餐,烘焙,2,71.6,小程序
O02508,U0093,2026-06-26,生椰拿铁,咖啡,1,31.9,饿了么
O02509,U0093,2026-06-30,美式,咖啡,1,33.7,饿了么
O02510,U0093,2026-06-24,烘焙早餐,烘焙,2,72.8,饿了么
O02511,U0093,2026-06-28,周边杯,周边,1,66.9,饿了么
O02512,U0093,2026-06-23,生椰拿铁,咖啡,1,34.4,美团
O02513,U0093,2026-06-25,周边杯,周边,1,65.2,美团
O02514,U0093,2026-06-23,周边杯,周边,1,69.8,门店
O02515,U0093,2026-06-30,烘焙早餐,烘焙,1,29.5,美团
O02516,U0093,2026-06-30,轻食沙拉,轻食,1,29.0,美团
O02517,U0093,2026-06-25,生椰拿铁,咖啡,1,47.0,美团
O02518,U0094,2025-10-30,冷萃,咖啡,1,32.4,饿了么
O02519,U0094,2026-05-23,烘焙早餐,烘焙,1,25.8,门店
O02520,U0094,2025-10-16,烘焙早餐,烘焙,1,34.6,小程序
O02521,U0094,2026-02-22,烘焙早餐,烘焙,1,33.0,APP
O02522,U0094,2026-02-25,轻食沙拉,轻食,1,26.0,门店
O02523,U0094,2026-04-03,美式,咖啡,1,26.6,美团
O02524,U0094,2026-06-05,烘焙早餐,烘焙,1,35.0,小程序
O02525,U0094,2026-01-05,拿铁,咖啡,1,35.8,APP
O02526,U0094,2026-02-28,拿铁,咖啡,1,40.1,饿了么
O02527,U0094,2025-09-25,拿铁,咖啡,1,43.7,小程序
O02528,U0094,2026-02-13,拿铁,咖啡,1,43.4,门店
O02529,U0094,2025-12-17,冷萃,咖啡,1,46.9,美团
O02530,U0094,2025-10-10,美式,咖啡,1,23.8,门店
O02531,U0094,2026-04-22,轻食沙拉,轻食,2,72.8,门店
O02532,U0094,2025-12-31,轻食沙拉,轻食,1,39.7,小程序
O02533,U0094,2026-04-18,周边杯,周边,1,65.5,APP
O02534,U0094,2026-05-25,生椰拿铁,咖啡,1,40.8,美团
O02535,U0094,2025-10-09,轻食沙拉,轻食,1,40.3,APP
O02536,U0094,2025-10-24,轻食沙拉,轻食,1,27.3,美团
O02537,U0094,2025-10-22,美式,咖啡,1,29.0,门店
O02538,U0094,2026-04-09,生椰拿铁,咖啡,1,39.7,饿了么
O02539,U0094,2026-01-29,拿铁,咖啡,1,40.9,APP
O02540,U0094,2025-11-01,烘焙早餐,烘焙,1,34.9,饿了么
O02541,U0094,2025-10-06,冷萃,咖啡,1,40.6,小程序
O02542,U0094,2026-04-04,美式,咖啡,1,23.1,小程序
O02543,U0094,2026-01-19,冷萃,咖啡,1,43.1,APP
O02544,U0094,2026-05-02,烘焙早餐,烘焙,1,33.4,饿了么
O02545,U0094,2025-12-23,周边杯,周边,1,57.4,饿了么
O02546,U0094,2025-09-25,美式,咖啡,3,79.2,APP
O02547,U0094,2026-03-16,冷萃,咖啡,1,35.6,美团
O02548,U0095,2025-11-28,生椰拿铁,咖啡,1,39.1,APP
O02549,U0095,2026-01-13,轻食沙拉,轻食,1,39.4,美团
O02550,U0095,2025-11-06,周边杯,周边,1,58.8,饿了么
O02551,U0095,2025-11-30,美式,咖啡,1,29.1,小程序
O02552,U0095,2026-04-13,拿铁,咖啡,1,35.0,饿了么
O02553,U0095,2026-04-22,美式,咖啡,1,31.4,小程序
O02554,U0095,2025-11-25,拿铁,咖啡,1,39.6,小程序
O02555,U0095,2026-03-13,拿铁,咖啡,2,83.6,小程序
O02556,U0095,2026-05-27,美式,咖啡,1,31.9,饿了么
O02557,U0095,2025-11-07,拿铁,咖啡,2,78.0,饿了么
O02558,U0095,2026-04-03,冷萃,咖啡,1,37.1,美团
O02559,U0095,2026-06-10,轻食沙拉,轻食,1,29.8,门店
O02560,U0095,2026-01-16,轻食沙拉,轻食,2,68.2,APP
O02561,U0095,2026-02-13,烘焙早餐,烘焙,1,35.6,门店
O02562,U0095,2026-04-01,轻食沙拉,轻食,3,85.5,门店
O02563,U0095,2026-06-02,美式,咖啡,1,26.8,门店
O02564,U0095,2025-11-25,拿铁,咖啡,2,71.6,饿了么
O02565,U0095,2026-05-26,美式,咖啡,1,34.8,门店
O02566,U0095,2025-12-12,冷萃,咖啡,1,39.6,美团
O02567,U0095,2026-02-10,冷萃,咖啡,1,40.3,美团
O02568,U0095,2025-11-23,轻食沙拉,轻食,1,35.6,APP
O02569,U0095,2026-03-14,美式,咖啡,2,68.6,饿了么
O02570,U0095,2026-01-21,冷萃,咖啡,2,83.8,美团
O02571,U0095,2026-01-23,轻食沙拉,轻食,1,31.1,美团
O02572,U0095,2025-11-16,烘焙早餐,烘焙,1,31.0,饿了么
O02573,U0095,2026-02-02,拿铁,咖啡,1,31.4,APP
O02574,U0095,2026-04-06,冷萃,咖啡,1,48.9,美团
O02575,U0095,2025-10-26,轻食沙拉,轻食,1,29.1,APP
O02576,U0095,2025-12-28,轻食沙拉,轻食,2,77.2,美团
O02577,U0095,2026-03-16,周边杯,周边,1,81.0,门店
O02578,U0096,2026-05-05,周边杯,周边,2,157.0,美团
O02579,U0096,2026-05-14,烘焙早餐,烘焙,1,36.7,小程序
O02580,U0096,2026-06-29,拿铁,咖啡,1,41.4,小程序
O02581,U0096,2026-04-10,生椰拿铁,咖啡,1,45.3,门店
O02582,U0096,2026-04-29,轻食沙拉,轻食,1,28.0,小程序
O02583,U0096,2026-05-20,烘焙早餐,烘焙,1,36.2,美团
O02584,U0096,2026-06-03,生椰拿铁,咖啡,1,42.7,小程序
O02585,U0096,2026-06-14,美式,咖啡,1,33.7,美团
O02586,U0096,2026-04-19,烘焙早餐,烘焙,1,36.2,饿了么
O02587,U0096,2026-06-13,轻食沙拉,轻食,3,103.2,APP
O02588,U0096,2026-04-18,轻食沙拉,轻食,2,87.8,小程序
O02589,U0096,2026-04-09,美式,咖啡,1,33.4,美团
O02590,U0096,2026-04-25,周边杯,周边,1,49.8,门店
O02591,U0096,2026-05-30,烘焙早餐,烘焙,1,29.4,小程序
O02592,U0096,2026-06-05,轻食沙拉,轻食,2,72.6,小程序
O02593,U0096,2026-05-21,拿铁,咖啡,1,31.0,美团
O02594,U0096,2026-04-23,拿铁,咖啡,2,89.8,APP
O02595,U0096,2026-06-24,生椰拿铁,咖啡,2,70.6,小程序
O02596,U0096,2026-05-19,烘焙早餐,烘焙,1,37.7,饿了么
O02597,U0096,2026-06-18,冷萃,咖啡,1,49.9,门店
O02598,U0096,2026-04-28,烘焙早餐,烘焙,1,23.6,小程序
O02599,U0096,2026-06-05,生椰拿铁,咖啡,1,46.3,APP
O02600,U0096,2026-05-13,生椰拿铁,咖啡,1,38.1,小程序
O02601,U0096,2026-05-08,轻食沙拉,轻食,1,44.9,小程序
O02602,U0096,2026-05-16,烘焙早餐,烘焙,2,37.2,饿了么
O02603,U0096,2026-04-05,轻食沙拉,轻食,1,36.5,APP
O02604,U0096,2026-06-03,冷萃,咖啡,1,39.0,门店
O02605,U0096,2026-05-22,生椰拿铁,咖啡,1,36.6,美团
O02606,U0096,2026-05-26,轻食沙拉,轻食,2,63.6,门店
O02607,U0096,2026-06-13,美式,咖啡,1,28.4,美团
O02608,U0096,2026-06-28,拿铁,咖啡,2,83.4,饿了么
O02609,U0096,2026-04-18,拿铁,咖啡,2,83.6,小程序
O02610,U0097,2025-09-06,美式,咖啡,1,26.9,APP
O02611,U0097,2025-09-12,周边杯,周边,2,104.0,门店
O02612,U0097,2026-06-11,拿铁,咖啡,1,30.7,美团
O02613,U0097,2026-06-18,周边杯,周边,1,62.2,饿了么
O02614,U0097,2025-09-30,拿铁,咖啡,1,40.0,小程序
O02615,U0097,2025-11-02,拿铁,咖啡,1,40.2,美团
O02616,U0097,2025-11-26,美式,咖啡,1,22.6,门店
O02617,U0097,2026-06-15,烘焙早餐,烘焙,2,43.8,美团
O02618,U0097,2026-06-04,轻食沙拉,轻食,1,28.7,饿了么
O02619,U0097,2025-08-30,冷萃,咖啡,1,35.3,APP
O02620,U0097,2025-11-08,生椰拿铁,咖啡,1,32.6,APP
O02621,U0097,2025-10-01,轻食沙拉,轻食,1,40.2,门店
O02622,U0097,2025-11-23,美式,咖啡,2,54.2,门店
O02623,U0097,2026-06-02,冷萃,咖啡,1,41.1,美团
O02624,U0097,2025-12-05,周边杯,周边,1,62.8,小程序
O02625,U0097,2026-06-30,轻食沙拉,轻食,2,60.0,小程序
O02626,U0097,2025-08-30,拿铁,咖啡,2,72.8,小程序
O02627,U0097,2026-06-12,周边杯,周边,1,81.7,美团
O02628,U0097,2025-08-05,轻食沙拉,轻食,1,38.5,门店
O02629,U0097,2026-06-05,轻食沙拉,轻食,1,44.2,门店
O02630,U0097,2026-03-17,生椰拿铁,咖啡,1,43.4,美团
O02631,U0097,2025-12-30,周边杯,周边,1,68.6,APP
O02632,U0097,2025-11-23,烘焙早餐,烘焙,1,21.4,美团
O02633,U0097,2026-03-25,冷萃,咖啡,2,75.6,美团
O02634,U0097,2026-03-24,周边杯,周边,1,85.0,APP
O02635,U0098,2026-04-24,拿铁,咖啡,2,85.6,美团
O02636,U0098,2026-06-21,轻食沙拉,轻食,1,28.0,美团
O02637,U0098,2026-06-11,周边杯,周边,1,75.5,饿了么
O02638,U0098,2026-03-25,美式,咖啡,1,23.2,APP
O02639,U0098,2026-04-05,生椰拿铁,咖啡,1,33.6,APP
O02640,U0098,2026-04-09,周边杯,周边,1,87.2,APP
O02641,U0098,2026-03-26,冷萃,咖啡,1,42.9,美团
O02642,U0098,2026-06-19,美式,咖啡,1,28.3,门店
O02643,U0098,2026-03-15,拿铁,咖啡,2,88.4,饿了么
O02644,U0098,2026-04-08,美式,咖啡,2,50.2,APP
O02645,U0098,2026-04-24,冷萃,咖啡,1,32.2,APP
O02646,U0098,2026-04-14,轻食沙拉,轻食,1,31.2,饿了么
O02647,U0098,2026-03-17,烘焙早餐,烘焙,1,20.6,门店
O02648,U0098,2026-06-13,轻食沙拉,轻食,1,42.3,美团
O02649,U0098,2026-03-10,拿铁,咖啡,1,35.6,APP
O02650,U0098,2026-06-30,生椰拿铁,咖啡,2,84.8,门店
O02651,U0098,2026-05-22,冷萃,咖啡,1,46.2,饿了么
O02652,U0098,2026-06-11,生椰拿铁,咖啡,2,85.2,门店
O02653,U0098,2026-06-10,轻食沙拉,轻食,2,72.8,饿了么
O02654,U0098,2026-05-19,美式,咖啡,1,32.6,饿了么
O02655,U0098,2026-05-01,拿铁,咖啡,2,66.6,美团
O02656,U0098,2026-06-06,美式,咖啡,1,30.1,美团
O02657,U0098,2026-04-30,烘焙早餐,烘焙,2,72.0,门店
O02658,U0098,2026-03-10,冷萃,咖啡,1,39.0,门店
O02659,U0098,2026-06-01,美式,咖啡,2,53.4,美团
O02660,U0098,2026-04-02,美式,咖啡,1,30.2,饿了么
O02661,U0098,2026-05-02,烘焙早餐,烘焙,1,20.9,门店
O02662,U0098,2026-05-03,生椰拿铁,咖啡,1,40.9,APP
O02663,U0098,2026-06-28,烘焙早餐,烘焙,1,30.1,小程序
O02664,U0098,2026-06-04,美式,咖啡,1,28.8,APP
O02665,U0099,2026-04-23,轻食沙拉,轻食,1,41.4,门店
O02666,U0099,2026-01-01,美式,咖啡,1,25.8,美团
O02667,U0099,2025-10-29,生椰拿铁,咖啡,2,76.8,APP
O02668,U0099,2026-05-05,轻食沙拉,轻食,1,32.6,美团
O02669,U0099,2026-02-26,拿铁,咖啡,1,43.9,APP
O02670,U0099,2026-05-09,生椰拿铁,咖啡,1,32.9,小程序
O02671,U0099,2025-11-21,拿铁,咖啡,1,42.8,门店
O02672,U0099,2025-11-30,生椰拿铁,咖啡,1,45.0,小程序
O02673,U0099,2026-04-29,轻食沙拉,轻食,1,31.5,饿了么
O02674,U0099,2025-10-06,轻食沙拉,轻食,1,30.7,饿了么
O02675,U0099,2025-10-09,烘焙早餐,烘焙,2,38.2,APP
O02676,U0099,2026-05-31,拿铁,咖啡,1,43.8,小程序
O02677,U0099,2026-06-13,美式,咖啡,1,34.2,门店
O02678,U0099,2026-03-20,生椰拿铁,咖啡,1,31.5,小程序
O02679,U0099,2026-05-29,冷萃,咖啡,1,41.8,美团
O02680,U0099,2025-12-07,烘焙早餐,烘焙,2,69.0,美团
O02681,U0099,2025-12-09,拿铁,咖啡,2,82.0,APP
O02682,U0099,2026-01-19,拿铁,咖啡,1,39.0,小程序
O02683,U0099,2026-01-12,冷萃,咖啡,1,32.8,APP
O02684,U0099,2025-12-06,周边杯,周边,1,54.5,美团
O02685,U0099,2026-04-09,拿铁,咖啡,1,36.7,小程序
O02686,U0099,2026-04-19,烘焙早餐,烘焙,1,19.4,小程序
O02687,U0099,2026-01-03,美式,咖啡,1,29.6,小程序
O02688,U0099,2026-03-26,烘焙早餐,烘焙,1,36.0,APP
O02689,U0099,2025-12-05,烘焙早餐,烘焙,1,18.1,饿了么
O02690,U0099,2026-02-10,生椰拿铁,咖啡,1,40.0,APP
O02691,U0099,2025-12-31,周边杯,周边,1,73.3,门店
O02692,U0099,2026-01-30,冷萃,咖啡,1,34.1,小程序
O02693,U0099,2026-05-05,烘焙早餐,烘焙,1,37.4,美团
O02694,U0099,2026-01-01,美式,咖啡,1,23.5,小程序
O02695,U0100,2025-11-21,周边杯,周边,2,143.6,APP
O02696,U0100,2026-06-10,周边杯,周边,1,61.1,APP
O02697,U0100,2026-05-28,周边杯,周边,1,59.1,门店
O02698,U0100,2025-08-17,美式,咖啡,2,65.6,APP
O02699,U0100,2026-04-23,轻食沙拉,轻食,1,32.8,美团
O02700,U0100,2026-06-15,周边杯,周边,1,55.6,饿了么
O02701,U0100,2026-06-12,生椰拿铁,咖啡,1,44.3,APP
O02702,U0100,2025-09-19,烘焙早餐,烘焙,1,20.1,小程序
O02703,U0100,2026-06-24,拿铁,咖啡,2,85.2,小程序
O02704,U0100,2026-01-13,冷萃,咖啡,1,38.9,APP
O02705,U0100,2025-09-29,拿铁,咖啡,1,34.3,美团
O02706,U0100,2026-02-17,拿铁,咖啡,1,32.8,门店
O02707,U0100,2025-08-28,拿铁,咖啡,1,33.1,APP
O02708,U0100,2025-10-11,轻食沙拉,轻食,1,39.9,小程序
O02709,U0100,2026-04-11,美式,咖啡,1,22.2,APP
O02710,U0100,2026-04-01,周边杯,周边,1,84.5,门店
O02711,U0100,2025-12-27,拿铁,咖啡,1,39.9,APP
O02712,U0100,2025-11-29,拿铁,咖啡,1,34.8,小程序
O02713,U0100,2026-04-22,冷萃,咖啡,1,46.9,小程序
O02714,U0100,2026-06-02,拿铁,咖啡,3,117.6,门店
O02715,U0100,2026-01-02,轻食沙拉,轻食,2,69.2,小程序
O02716,U0100,2025-12-28,周边杯,周边,1,56.5,小程序
O02717,U0100,2025-09-02,周边杯,周边,2,143.0,饿了么
O02718,U0100,2026-04-18,周边杯,周边,2,116.6,小程序
O02719,U0101,2026-05-24,拿铁,咖啡,1,38.2,美团
O02720,U0101,2026-06-04,美式,咖啡,2,53.8,饿了么
O02721,U0101,2026-06-04,美式,咖啡,1,26.2,美团
O02722,U0101,2026-05-12,烘焙早餐,烘焙,1,26.0,门店
O02723,U0101,2026-06-19,生椰拿铁,咖啡,1,32.7,美团
O02724,U0101,2026-06-13,烘焙早餐,烘焙,3,78.6,小程序
O02725,U0101,2026-06-08,生椰拿铁,咖啡,1,45.9,门店
O02726,U0101,2026-06-11,冷萃,咖啡,1,40.1,APP
O02727,U0101,2026-06-26,拿铁,咖啡,2,67.6,APP
O02728,U0101,2026-06-08,生椰拿铁,咖啡,2,79.4,APP
O02729,U0101,2026-06-24,周边杯,周边,3,215.7,APP
O02730,U0101,2026-06-22,轻食沙拉,轻食,2,65.8,小程序
O02731,U0101,2026-06-02,烘焙早餐,烘焙,1,18.8,小程序
O02732,U0101,2026-05-17,烘焙早餐,烘焙,1,31.3,APP
O02733,U0101,2026-06-13,轻食沙拉,轻食,1,40.8,门店
O02734,U0101,2026-06-16,周边杯,周边,1,80.9,美团
O02735,U0101,2026-06-03,轻食沙拉,轻食,1,41.4,门店
O02736,U0101,2026-06-17,冷萃,咖啡,3,133.2,APP
O02737,U0101,2026-06-10,轻食沙拉,轻食,2,68.2,APP
O02738,U0101,2026-06-15,拿铁,咖啡,3,129.6,小程序
O02739,U0101,2026-06-01,美式,咖啡,1,33.9,门店
O02740,U0101,2026-05-16,周边杯,周边,2,130.4,饿了么
O02741,U0101,2026-06-10,拿铁,咖啡,1,44.2,小程序
O02742,U0101,2026-05-02,生椰拿铁,咖啡,1,32.2,小程序
O02743,U0101,2026-05-05,生椰拿铁,咖啡,1,38.1,门店
O02744,U0101,2026-06-12,冷萃,咖啡,1,32.2,门店
O02745,U0101,2026-05-25,生椰拿铁,咖啡,1,33.8,饿了么
O02746,U0102,2026-06-29,烘焙早餐,烘焙,1,18.8,小程序
O02747,U0102,2026-05-30,生椰拿铁,咖啡,1,36.3,美团
O02748,U0102,2026-05-01,周边杯,周边,1,70.6,饿了么
O02749,U0102,2026-06-30,生椰拿铁,咖啡,1,47.1,小程序
O02750,U0102,2026-04-30,拿铁,咖啡,2,88.8,小程序
O02751,U0102,2026-05-24,生椰拿铁,咖啡,1,39.8,小程序
O02752,U0102,2026-05-19,冷萃,咖啡,1,45.5,美团
O02753,U0102,2026-01-31,生椰拿铁,咖啡,2,71.2,美团
O02754,U0102,2026-03-19,烘焙早餐,烘焙,1,26.2,APP
O02755,U0102,2026-06-23,周边杯,周边,1,76.0,饿了么
O02756,U0102,2026-05-16,拿铁,咖啡,1,36.5,饿了么
O02757,U0102,2026-05-02,周边杯,周边,1,86.0,小程序
O02758,U0102,2026-03-28,烘焙早餐,烘焙,1,20.4,APP
O02759,U0102,2026-05-18,生椰拿铁,咖啡,1,45.4,饿了么
O02760,U0102,2026-04-17,冷萃,咖啡,1,34.0,小程序
O02761,U0102,2026-03-14,冷萃,咖啡,1,40.8,APP
O02762,U0102,2026-04-29,拿铁,咖啡,1,33.1,饿了么
O02763,U0102,2026-05-29,美式,咖啡,2,62.6,小程序
O02764,U0102,2026-02-17,美式,咖啡,2,47.6,饿了么
O02765,U0102,2026-06-16,拿铁,咖啡,1,35.4,美团
O02766,U0102,2026-01-28,轻食沙拉,轻食,1,35.5,饿了么
O02767,U0102,2026-02-19,冷萃,咖啡,1,40.5,饿了么
O02768,U0102,2026-05-11,拿铁,咖啡,1,29.1,门店
O02769,U0102,2026-05-24,冷萃,咖啡,1,41.1,APP
O02770,U0102,2026-02-22,拿铁,咖啡,1,30.8,APP
O02771,U0102,2026-05-17,轻食沙拉,轻食,1,44.9,门店
O02772,U0102,2026-05-25,拿铁,咖啡,1,44.5,饿了么
O02773,U0102,2026-05-08,拿铁,咖啡,1,37.5,APP
O02774,U0102,2026-04-09,美式,咖啡,1,31.7,门店
O02775,U0102,2026-02-07,烘焙早餐,烘焙,1,33.8,门店
O02776,U0102,2026-06-21,烘焙早餐,烘焙,2,36.4,APP
O02777,U0102,2026-04-14,美式,咖啡,2,66.4,APP
O02778,U0102,2026-05-24,冷萃,咖啡,1,40.6,美团
O02779,U0103,2026-04-15,轻食沙拉,轻食,2,71.6,APP
O02780,U0103,2026-04-23,美式,咖啡,1,33.2,小程序
O02781,U0103,2026-03-06,烘焙早餐,烘焙,1,37.8,APP
O02782,U0103,2026-01-06,轻食沙拉,轻食,2,80.2,门店
O02783,U0103,2025-12-31,周边杯,周边,1,59.5,美团
O02784,U0103,2025-11-14,周边杯,周边,1,61.8,APP
O02785,U0103,2026-04-24,轻食沙拉,轻食,1,43.6,饿了么
O02786,U0103,2026-06-06,周边杯,周边,2,116.0,美团
O02787,U0103,2026-04-10,周边杯,周边,1,69.4,APP
O02788,U0103,2026-01-04,烘焙早餐,烘焙,1,28.4,小程序
O02789,U0103,2026-02-22,烘焙早餐,烘焙,1,18.6,小程序
O02790,U0103,2026-05-03,周边杯,周边,1,54.8,门店
O02791,U0103,2026-01-14,冷萃,咖啡,1,37.1,门店
O02792,U0103,2026-01-20,周边杯,周边,1,70.4,门店
O02793,U0103,2026-06-10,冷萃,咖啡,1,41.2,饿了么
O02794,U0103,2026-04-30,烘焙早餐,烘焙,1,36.5,饿了么
O02795,U0103,2025-12-09,冷萃,咖啡,1,38.1,门店
O02796,U0103,2026-03-20,烘焙早餐,烘焙,1,30.3,门店
O02797,U0103,2026-01-12,周边杯,周边,1,60.6,门店
O02798,U0103,2026-06-29,生椰拿铁,咖啡,1,46.3,门店
O02799,U0103,2026-01-21,美式,咖啡,1,32.7,美团
O02800,U0103,2026-01-14,生椰拿铁,咖啡,1,40.8,APP
O02801,U0103,2026-05-19,烘焙早餐,烘焙,1,35.8,门店
O02802,U0103,2025-12-22,轻食沙拉,轻食,2,77.4,饿了么
O02803,U0103,2026-01-25,美式,咖啡,1,32.4,APP
O02804,U0103,2025-12-04,轻食沙拉,轻食,1,39.5,APP
O02805,U0103,2025-12-26,烘焙早餐,烘焙,2,67.6,APP
O02806,U0103,2026-06-19,轻食沙拉,轻食,1,41.2,美团
O02807,U0103,2026-03-07,轻食沙拉,轻食,1,30.4,饿了么
O02808,U0103,2026-01-30,美式,咖啡,1,25.3,小程序
O02809,U0103,2026-02-08,周边杯,周边,1,71.0,小程序
O02810,U0103,2025-12-22,周边杯,周边,2,172.8,美团
O02811,U0103,2026-03-24,烘焙早餐,烘焙,1,34.4,美团
O02812,U0103,2025-12-24,生椰拿铁,咖啡,1,30.9,美团
O02813,U0103,2026-04-05,拿铁,咖啡,1,36.1,小程序
O02814,U0104,2025-10-21,拿铁,咖啡,2,68.2,小程序
O02815,U0104,2025-08-11,周边杯,周边,1,51.8,饿了么
O02816,U0104,2025-12-05,美式,咖啡,2,64.4,美团
O02817,U0104,2025-11-02,拿铁,咖啡,1,43.2,小程序
O02818,U0104,2025-09-16,生椰拿铁,咖啡,2,95.2,门店
O02819,U0104,2026-02-26,美式,咖啡,1,25.0,饿了么
O02820,U0104,2025-12-04,烘焙早餐,烘焙,1,25.1,小程序
O02821,U0104,2026-04-30,烘焙早餐,烘焙,1,24.3,美团
O02822,U0104,2025-11-02,烘焙早餐,烘焙,3,90.9,小程序
O02823,U0104,2026-05-09,轻食沙拉,轻食,3,111.9,美团
O02824,U0104,2025-09-22,拿铁,咖啡,1,32.2,APP
O02825,U0104,2026-03-13,烘焙早餐,烘焙,1,21.3,APP
O02826,U0104,2025-12-11,拿铁,咖啡,1,28.1,美团
O02827,U0104,2026-05-13,周边杯,周边,1,73.0,APP
O02828,U0104,2025-11-16,拿铁,咖啡,1,42.4,美团
O02829,U0104,2026-03-04,美式,咖啡,1,31.6,饿了么
O02830,U0104,2026-01-31,拿铁,咖啡,1,37.2,美团
O02831,U0104,2026-03-01,周边杯,周边,1,84.0,小程序
O02832,U0104,2026-04-02,烘焙早餐,烘焙,2,60.6,饿了么
O02833,U0104,2025-11-03,生椰拿铁,咖啡,1,32.6,美团
O02834,U0104,2025-10-15,周边杯,周边,1,65.2,门店
O02835,U0104,2026-02-13,生椰拿铁,咖啡,1,34.5,APP
O02836,U0105,2026-05-31,拿铁,咖啡,1,39.7,小程序
O02837,U0105,2026-05-26,轻食沙拉,轻食,1,41.0,门店
O02838,U0105,2026-05-03,冷萃,咖啡,1,32.4,美团
O02839,U0105,2026-05-19,拿铁,咖啡,1,35.4,门店
O02840,U0105,2026-05-04,生椰拿铁,咖啡,1,38.6,饿了么
O02841,U0105,2026-06-12,烘焙早餐,烘焙,1,28.6,小程序
O02842,U0105,2026-05-08,生椰拿铁,咖啡,1,30.9,APP
O02843,U0105,2026-02-23,烘焙早餐,烘焙,1,31.9,小程序
O02844,U0105,2026-06-14,生椰拿铁,咖啡,1,38.2,美团
O02845,U0105,2026-04-12,周边杯,周边,1,85.6,门店
O02846,U0105,2026-03-14,烘焙早餐,烘焙,2,38.6,饿了么
O02847,U0105,2026-02-13,烘焙早餐,烘焙,2,62.2,APP
O02848,U0105,2026-04-14,烘焙早餐,烘焙,1,27.4,APP
O02849,U0105,2026-04-01,拿铁,咖啡,1,41.7,小程序
O02850,U0105,2026-02-17,周边杯,周边,2,106.2,APP
O02851,U0105,2026-06-16,拿铁,咖啡,1,41.2,门店
O02852,U0105,2026-03-17,美式,咖啡,1,28.9,小程序
O02853,U0105,2026-04-24,周边杯,周边,1,55.9,小程序
O02854,U0105,2026-06-08,烘焙早餐,烘焙,1,35.9,APP
O02855,U0105,2026-02-12,冷萃,咖啡,1,34.8,饿了么
O02856,U0105,2026-05-05,烘焙早餐,烘焙,1,33.7,美团
O02857,U0105,2026-03-16,轻食沙拉,轻食,1,27.2,饿了么
O02858,U0105,2026-02-10,拿铁,咖啡,1,44.7,门店
O02859,U0105,2026-05-28,烘焙早餐,烘焙,1,34.0,美团
O02860,U0105,2026-06-20,烘焙早餐,烘焙,2,65.0,美团
O02861,U0105,2026-06-13,生椰拿铁,咖啡,1,44.2,美团
O02862,U0105,2026-04-05,烘焙早餐,烘焙,1,36.7,美团
O02863,U0105,2026-03-04,周边杯,周边,1,50.5,门店
O02864,U0105,2026-04-17,拿铁,咖啡,1,38.3,美团
O02865,U0105,2026-04-17,生椰拿铁,咖啡,1,30.4,小程序
O02866,U0106,2026-05-19,周边杯,周边,1,74.5,饿了么
O02867,U0106,2026-06-30,轻食沙拉,轻食,2,55.6,美团
O02868,U0106,2026-04-25,美式,咖啡,1,22.2,美团
O02869,U0106,2026-04-26,冷萃,咖啡,2,78.4,门店
O02870,U0106,2026-04-20,冷萃,咖啡,3,102.9,APP
O02871,U0106,2026-04-12,轻食沙拉,轻食,1,43.5,小程序
O02872,U0106,2026-05-08,冷萃,咖啡,2,96.8,美团
O02873,U0106,2026-04-03,烘焙早餐,烘焙,2,47.8,饿了么
O02874,U0106,2026-05-25,拿铁,咖啡,2,87.8,美团
O02875,U0106,2026-04-02,生椰拿铁,咖啡,1,36.0,饿了么
O02876,U0106,2026-04-15,拿铁,咖啡,1,44.9,饿了么
O02877,U0106,2026-04-28,拿铁,咖啡,1,28.4,饿了么
O02878,U0106,2026-05-11,拿铁,咖啡,1,35.6,饿了么
O02879,U0106,2026-05-22,生椰拿铁,咖啡,1,41.2,小程序
O02880,U0106,2026-05-30,烘焙早餐,烘焙,1,20.5,美团
O02881,U0106,2026-05-19,周边杯,周边,1,69.6,饿了么
O02882,U0106,2026-06-26,轻食沙拉,轻食,1,36.3,APP
O02883,U0106,2026-05-12,生椰拿铁,咖啡,1,41.9,门店
O02884,U0106,2026-04-12,美式,咖啡,1,31.9,饿了么
O02885,U0106,2026-05-13,生椰拿铁,咖啡,1,37.1,门店
O02886,U0106,2026-03-26,美式,咖啡,1,24.5,美团
O02887,U0106,2026-04-13,冷萃,咖啡,1,41.8,APP
O02888,U0106,2026-03-25,拿铁,咖啡,1,30.8,美团
O02889,U0106,2026-04-02,美式,咖啡,3,84.3,美团
O02890,U0107,2025-11-22,轻食沙拉,轻食,2,68.4,饿了么
O02891,U0107,2026-04-21,周边杯,周边,3,203.4,饿了么
O02892,U0107,2026-03-31,轻食沙拉,轻食,1,38.3,饿了么
O02893,U0107,2026-03-04,周边杯,周边,2,145.6,APP
O02894,U0107,2025-10-24,冷萃,咖啡,1,40.7,饿了么
O02895,U0107,2026-03-15,冷萃,咖啡,3,148.5,小程序
O02896,U0107,2026-03-15,周边杯,周边,1,83.5,APP
O02897,U0107,2026-02-04,周边杯,周边,2,160.6,APP
O02898,U0107,2026-06-07,美式,咖啡,1,34.0,饿了么
O02899,U0107,2026-04-16,冷萃,咖啡,1,45.4,门店
O02900,U0107,2026-03-15,拿铁,咖啡,1,32.1,小程序
O02901,U0107,2026-03-22,拿铁,咖啡,2,70.8,APP
O02902,U0107,2026-05-13,冷萃,咖啡,1,49.6,门店
O02903,U0107,2025-12-12,生椰拿铁,咖啡,2,68.4,美团
O02904,U0107,2026-05-03,烘焙早餐,烘焙,1,22.3,APP
O02905,U0107,2026-03-08,美式,咖啡,1,29.9,APP
O02906,U0107,2026-03-29,烘焙早餐,烘焙,1,25.5,小程序
O02907,U0107,2025-11-24,周边杯,周边,1,78.5,美团
O02908,U0107,2026-06-22,拿铁,咖啡,2,87.8,APP
O02909,U0107,2025-11-08,拿铁,咖啡,1,36.0,门店
O02910,U0107,2026-04-18,轻食沙拉,轻食,2,77.4,门店
O02911,U0108,2025-11-23,美式,咖啡,1,33.6,小程序
O02912,U0108,2026-04-11,拿铁,咖啡,1,44.8,APP
O02913,U0108,2026-06-03,美式,咖啡,2,67.4,美团
O02914,U0108,2025-12-10,生椰拿铁,咖啡,1,40.7,饿了么
O02915,U0108,2025-12-01,周边杯,周边,1,73.5,美团
O02916,U0108,2026-04-17,周边杯,周边,1,59.4,饿了么
O02917,U0108,2025-12-07,冷萃,咖啡,1,42.9,小程序
O02918,U0108,2026-02-21,周边杯,周边,1,62.5,美团
O02919,U0108,2026-06-08,冷萃,咖啡,1,38.5,门店
O02920,U0108,2026-04-29,轻食沙拉,轻食,1,41.3,APP
O02921,U0108,2026-06-04,周边杯,周边,1,61.4,APP
O02922,U0108,2026-03-11,美式,咖啡,1,31.1,小程序
O02923,U0108,2026-04-12,拿铁,咖啡,3,91.5,APP
O02924,U0108,2025-12-21,轻食沙拉,轻食,2,53.0,门店
O02925,U0108,2026-04-10,美式,咖啡,1,31.3,小程序
O02926,U0108,2026-04-26,轻食沙拉,轻食,1,43.9,饿了么
O02927,U0108,2026-01-29,轻食沙拉,轻食,1,29.2,小程序
O02928,U0108,2026-02-14,美式,咖啡,1,27.1,小程序
O02929,U0108,2025-11-21,周边杯,周边,1,83.1,APP
O02930,U0108,2026-06-09,冷萃,咖啡,3,120.9,门店
O02931,U0109,2026-06-13,周边杯,周边,3,186.3,美团
O02932,U0109,2026-06-30,生椰拿铁,咖啡,2,94.4,APP
O02933,U0109,2026-06-09,周边杯,周边,3,240.9,美团
O02934,U0109,2026-06-11,冷萃,咖啡,1,47.8,小程序
O02935,U0109,2026-06-13,美式,咖啡,1,28.7,门店
O02936,U0109,2026-06-15,轻食沙拉,轻食,1,28.6,小程序
O02937,U0109,2026-06-29,生椰拿铁,咖啡,2,85.6,门店
O02938,U0109,2026-06-19,拿铁,咖啡,2,59.6,饿了么
O02939,U0109,2026-06-15,美式,咖啡,1,23.9,饿了么
O02940,U0109,2026-06-17,烘焙早餐,烘焙,1,25.8,饿了么
O02941,U0109,2026-06-28,烘焙早餐,烘焙,2,43.8,小程序
O02942,U0109,2026-06-23,轻食沙拉,轻食,1,36.8,美团
O02943,U0109,2026-06-10,生椰拿铁,咖啡,1,36.0,小程序
O02944,U0109,2026-06-24,周边杯,周边,2,168.2,饿了么
O02945,U0109,2026-06-27,美式,咖啡,2,68.0,APP
O02946,U0109,2026-06-23,生椰拿铁,咖啡,1,35.4,小程序
O02947,U0109,2026-06-16,轻食沙拉,轻食,1,43.1,门店
O02948,U0109,2026-06-09,烘焙早餐,烘焙,1,22.6,美团
O02949,U0109,2026-06-16,冷萃,咖啡,1,32.0,小程序
O02950,U0109,2026-06-17,烘焙早餐,烘焙,1,34.3,美团
O02951,U0109,2026-06-09,烘焙早餐,烘焙,2,70.8,门店
O02952,U0109,2026-06-28,轻食沙拉,轻食,3,78.0,APP
O02953,U0109,2026-06-26,轻食沙拉,轻食,2,72.0,APP
O02954,U0109,2026-06-21,烘焙早餐,烘焙,1,32.5,APP
O02955,U0109,2026-06-09,轻食沙拉,轻食,1,33.6,APP
O02956,U0109,2026-06-24,拿铁,咖啡,2,59.4,门店
O02957,U0109,2026-06-14,轻食沙拉,轻食,1,30.8,APP
O02958,U0109,2026-06-22,美式,咖啡,1,31.5,门店
O02959,U0109,2026-06-18,烘焙早餐,烘焙,1,31.8,小程序
O02960,U0109,2026-06-13,周边杯,周边,2,107.8,APP
O02961,U0109,2026-06-11,周边杯,周边,2,159.6,门店
O02962,U0109,2026-06-14,拿铁,咖啡,1,41.0,饿了么
O02963,U0110,2026-04-07,烘焙早餐,烘焙,1,20.4,门店
O02964,U0110,2026-06-28,拿铁,咖啡,1,34.1,APP
O02965,U0110,2026-03-18,周边杯,周边,2,113.2,小程序
O02966,U0110,2026-05-16,周边杯,周边,2,175.6,小程序
O02967,U0110,2026-01-19,美式,咖啡,1,26.4,饿了么
O02968,U0110,2026-01-27,冷萃,咖啡,2,99.6,门店
O02969,U0110,2025-12-16,生椰拿铁,咖啡,2,90.8,美团
O02970,U0110,2026-01-04,周边杯,周边,2,139.0,APP
O02971,U0110,2026-01-20,美式,咖啡,1,30.1,饿了么
O02972,U0110,2026-06-18,轻食沙拉,轻食,3,78.9,APP
O02973,U0110,2026-05-26,周边杯,周边,2,137.6,美团
O02974,U0110,2026-03-01,轻食沙拉,轻食,2,64.8,小程序
O02975,U0110,2026-04-03,美式,咖啡,1,22.0,门店
O02976,U0110,2026-05-24,生椰拿铁,咖啡,2,75.0,门店
O02977,U0110,2026-04-06,拿铁,咖啡,1,30.3,饿了么
O02978,U0110,2026-05-01,周边杯,周边,1,53.7,美团
O02979,U0110,2026-04-29,烘焙早餐,烘焙,1,32.5,饿了么
O02980,U0110,2025-12-17,周边杯,周边,1,82.4,门店
O02981,U0110,2026-04-25,周边杯,周边,1,66.0,小程序
O02982,U0110,2025-12-23,生椰拿铁,咖啡,3,126.0,门店
O02983,U0110,2026-03-16,美式,咖啡,2,51.2,小程序
O02984,U0110,2026-04-23,生椰拿铁,咖啡,1,31.4,门店
O02985,U0110,2026-03-23,拿铁,咖啡,1,28.4,APP
O02986,U0110,2026-06-09,拿铁,咖啡,2,85.6,饿了么
O02987,U0110,2026-05-11,周边杯,周边,1,53.0,门店
O02988,U0110,2026-06-23,生椰拿铁,咖啡,1,35.7,饿了么
O02989,U0110,2026-02-01,烘焙早餐,烘焙,1,34.0,门店
O02990,U0110,2026-02-26,周边杯,周边,2,158.8,小程序
O02991,U0110,2026-06-09,烘焙早餐,烘焙,2,73.4,饿了么
O02992,U0110,2026-02-23,烘焙早餐,烘焙,1,31.2,美团
O02993,U0110,2026-06-19,拿铁,咖啡,2,66.6,小程序
O02994,U0110,2026-05-26,生椰拿铁,咖啡,1,34.8,小程序
O02995,U0110,2026-01-02,烘焙早餐,烘焙,2,36.2,小程序
O02996,U0110,2026-04-08,周边杯,周边,1,63.4,门店
O02997,U0110,2026-01-18,烘焙早餐,烘焙,2,73.6,APP
O02998,U0111,2026-05-16,美式,咖啡,2,48.8,小程序
O02999,U0111,2026-02-24,冷萃,咖啡,2,71.8,APP
O03000,U0111,2026-06-30,美式,咖啡,1,34.9,饿了么
O03001,U0111,2026-04-30,烘焙早餐,烘焙,2,67.8,APP
O03002,U0111,2026-06-26,烘焙早餐,烘焙,1,22.8,饿了么
O03003,U0111,2026-05-30,美式,咖啡,1,32.7,APP
O03004,U0111,2026-06-03,烘焙早餐,烘焙,1,26.2,门店
O03005,U0111,2026-04-24,烘焙早餐,烘焙,1,35.1,美团
O03006,U0111,2026-04-26,轻食沙拉,轻食,1,37.1,小程序
O03007,U0111,2026-06-03,烘焙早餐,烘焙,1,21.8,APP
O03008,U0111,2026-04-08,周边杯,周边,1,74.6,APP
O03009,U0111,2026-03-25,轻食沙拉,轻食,3,77.4,小程序
O03010,U0111,2026-03-10,轻食沙拉,轻食,3,98.7,门店
O03011,U0111,2026-03-20,烘焙早餐,烘焙,1,18.1,小程序
O03012,U0111,2026-02-23,冷萃,咖啡,1,33.9,APP
O03013,U0111,2026-03-29,轻食沙拉,轻食,1,38.0,门店
O03014,U0111,2026-05-14,冷萃,咖啡,1,38.8,门店
O03015,U0111,2026-06-13,轻食沙拉,轻食,1,29.0,APP
O03016,U0111,2026-05-30,生椰拿铁,咖啡,1,33.4,APP
O03017,U0111,2026-06-25,冷萃,咖啡,1,49.1,门店
O03018,U0112,2026-03-30,冷萃,咖啡,2,69.8,小程序
O03019,U0112,2026-04-12,烘焙早餐,烘焙,1,23.8,门店
O03020,U0112,2025-11-01,生椰拿铁,咖啡,1,35.0,小程序
O03021,U0112,2026-04-20,周边杯,周边,1,79.5,美团
O03022,U0112,2026-02-15,生椰拿铁,咖啡,1,41.6,门店
O03023,U0112,2026-04-22,冷萃,咖啡,1,36.9,美团
O03024,U0112,2025-10-28,拿铁,咖啡,1,41.3,美团
O03025,U0112,2025-12-11,烘焙早餐,烘焙,2,56.4,小程序
O03026,U0112,2026-01-05,轻食沙拉,轻食,1,32.4,小程序
O03027,U0112,2026-01-07,周边杯,周边,2,150.6,美团
O03028,U0112,2025-08-31,拿铁,咖啡,2,75.2,APP
O03029,U0112,2026-01-12,生椰拿铁,咖啡,2,89.2,饿了么
O03030,U0112,2026-06-11,周边杯,周边,2,172.0,美团
O03031,U0112,2026-05-18,拿铁,咖啡,1,30.5,饿了么
O03032,U0112,2026-03-23,烘焙早餐,烘焙,1,24.8,APP
O03033,U0112,2025-10-15,轻食沙拉,轻食,2,62.2,门店
O03034,U0112,2026-01-07,烘焙早餐,烘焙,1,22.0,饿了么
O03035,U0112,2026-06-06,烘焙早餐,烘焙,1,25.1,饿了么
O03036,U0113,2026-02-20,生椰拿铁,咖啡,1,30.8,美团
O03037,U0113,2026-02-18,烘焙早餐,烘焙,1,24.7,饿了么
O03038,U0113,2025-10-26,轻食沙拉,轻食,1,26.5,APP
O03039,U0113,2026-02-13,冷萃,咖啡,1,47.6,美团
O03040,U0113,2025-11-24,拿铁,咖啡,3,118.8,美团
O03041,U0113,2025-12-26,美式,咖啡,1,31.6,小程序
O03042,U0113,2025-11-05,生椰拿铁,咖啡,1,30.2,小程序
O03043,U0113,2026-03-10,轻食沙拉,轻食,1,36.8,APP
O03044,U0113,2025-12-04,生椰拿铁,咖啡,1,46.6,小程序
O03045,U0113,2026-02-23,周边杯,周边,2,145.8,APP
O03046,U0113,2025-11-09,冷萃,咖啡,1,44.4,小程序
O03047,U0113,2026-06-25,周边杯,周边,2,177.4,门店
O03048,U0113,2025-12-08,拿铁,咖啡,1,36.6,饿了么
O03049,U0113,2026-03-09,拿铁,咖啡,1,35.3,门店
O03050,U0113,2026-06-06,烘焙早餐,烘焙,1,31.9,小程序
O03051,U0113,2025-10-28,轻食沙拉,轻食,1,30.5,APP
O03052,U0113,2026-02-14,轻食沙拉,轻食,1,25.9,APP
O03053,U0113,2026-01-27,美式,咖啡,1,25.8,美团
O03054,U0113,2026-02-10,烘焙早餐,烘焙,1,20.7,APP
O03055,U0113,2026-04-23,轻食沙拉,轻食,2,80.2,美团
O03056,U0113,2026-01-04,轻食沙拉,轻食,2,52.6,美团
O03057,U0113,2026-04-29,拿铁,咖啡,1,30.9,APP
O03058,U0113,2026-05-21,拿铁,咖啡,1,29.4,小程序
O03059,U0113,2026-01-04,冷萃,咖啡,1,34.0,APP
O03060,U0114,2026-05-30,轻食沙拉,轻食,1,36.1,饿了么
O03061,U0114,2026-02-21,冷萃,咖啡,3,104.4,饿了么
O03062,U0114,2026-06-23,美式,咖啡,1,34.4,饿了么
O03063,U0114,2026-04-21,生椰拿铁,咖啡,1,35.7,小程序
O03064,U0114,2025-12-15,冷萃,咖啡,2,74.6,美团
O03065,U0114,2025-10-22,周边杯,周边,2,144.6,APP
O03066,U0114,2025-10-03,美式,咖啡,1,31.6,小程序
O03067,U0114,2026-06-19,冷萃,咖啡,1,39.1,APP
O03068,U0114,2025-10-03,烘焙早餐,烘焙,2,43.2,APP
O03069,U0114,2026-01-07,拿铁,咖啡,1,36.6,小程序
O03070,U0114,2026-01-07,烘焙早餐,烘焙,1,29.0,饿了么
O03071,U0114,2025-10-23,生椰拿铁,咖啡,1,34.7,APP
O03072,U0114,2025-09-28,冷萃,咖啡,2,81.6,APP
O03073,U0114,2025-12-27,轻食沙拉,轻食,1,37.7,饿了么
O03074,U0114,2026-04-20,拿铁,咖啡,1,35.2,小程序
O03075,U0114,2026-02-17,冷萃,咖啡,1,35.0,门店
O03076,U0114,2025-09-21,拿铁,咖啡,2,82.0,小程序
O03077,U0114,2025-09-21,拿铁,咖啡,2,67.0,饿了么
O03078,U0114,2025-10-17,拿铁,咖啡,1,39.7,小程序
O03079,U0114,2026-04-18,周边杯,周边,1,84.8,小程序
O03080,U0114,2025-09-19,轻食沙拉,轻食,1,28.0,美团
O03081,U0114,2025-11-03,周边杯,周边,1,85.6,门店
O03082,U0114,2026-01-17,美式,咖啡,2,46.2,饿了么
O03083,U0114,2026-06-28,烘焙早餐,烘焙,1,27.5,小程序
O03084,U0114,2025-11-22,美式,咖啡,1,32.7,饿了么
O03085,U0114,2025-09-27,生椰拿铁,咖啡,1,36.8,美团
O03086,U0115,2025-11-09,拿铁,咖啡,1,38.2,门店
O03087,U0115,2026-06-17,美式,咖啡,1,26.9,小程序
O03088,U0115,2026-02-03,轻食沙拉,轻食,1,35.3,美团
O03089,U0115,2026-02-07,烘焙早餐,烘焙,1,20.5,门店
O03090,U0115,2026-03-13,美式,咖啡,1,34.9,小程序
O03091,U0115,2026-02-04,生椰拿铁,咖啡,2,89.6,美团
O03092,U0115,2026-05-08,拿铁,咖啡,1,37.4,美团
O03093,U0115,2025-11-16,冷萃,咖啡,1,35.7,饿了么
O03094,U0115,2026-03-25,冷萃,咖啡,2,86.2,小程序
O03095,U0115,2026-05-19,烘焙早餐,烘焙,3,100.8,饿了么
O03096,U0115,2025-12-20,美式,咖啡,1,22.8,小程序
O03097,U0115,2026-06-28,拿铁,咖啡,1,42.7,饿了么
O03098,U0115,2025-12-04,烘焙早餐,烘焙,2,72.6,门店
O03099,U0115,2026-04-12,轻食沙拉,轻食,2,60.4,APP
O03100,U0115,2026-03-23,冷萃,咖啡,2,82.0,饿了么
O03101,U0115,2025-12-22,冷萃,咖啡,1,44.9,小程序
O03102,U0115,2026-02-13,生椰拿铁,咖啡,1,34.4,APP
O03103,U0115,2026-04-30,冷萃,咖啡,1,43.1,APP
O03104,U0115,2026-03-16,烘焙早餐,烘焙,1,30.9,门店
O03105,U0115,2026-02-15,生椰拿铁,咖啡,1,32.9,美团
O03106,U0115,2026-05-15,轻食沙拉,轻食,2,55.2,饿了么
O03107,U0115,2026-02-21,美式,咖啡,3,70.2,门店
O03108,U0115,2025-11-24,冷萃,咖啡,2,95.4,门店
O03109,U0115,2026-04-13,冷萃,咖啡,2,69.6,门店
O03110,U0115,2026-05-15,生椰拿铁,咖啡,1,45.6,美团
O03111,U0115,2026-05-23,美式,咖啡,1,31.4,饿了么
O03112,U0115,2026-04-26,美式,咖啡,3,77.4,小程序
O03113,U0115,2026-04-23,拿铁,咖啡,1,36.0,门店
O03114,U0115,2026-06-11,生椰拿铁,咖啡,3,117.6,饿了么
O03115,U0115,2026-03-12,拿铁,咖啡,2,82.2,门店
O03116,U0115,2026-01-03,烘焙早餐,烘焙,1,31.9,门店
O03117,U0115,2026-01-26,轻食沙拉,轻食,1,44.4,小程序
O03118,U0116,2025-10-08,生椰拿铁,咖啡,1,42.4,门店
O03119,U0116,2026-01-19,美式,咖啡,1,33.9,门店
O03120,U0116,2025-12-27,周边杯,周边,1,70.0,小程序
O03121,U0116,2026-04-09,轻食沙拉,轻食,1,29.4,小程序
O03122,U0116,2025-11-04,拿铁,咖啡,1,40.1,美团
O03123,U0116,2025-11-21,烘焙早餐,烘焙,3,57.0,APP
O03124,U0116,2025-11-04,轻食沙拉,轻食,1,38.6,APP
O03125,U0116,2026-04-14,轻食沙拉,轻食,1,31.5,美团
O03126,U0116,2025-10-06,轻食沙拉,轻食,1,26.5,饿了么
O03127,U0116,2026-06-04,冷萃,咖啡,1,45.7,美团
O03128,U0116,2025-11-06,冷萃,咖啡,2,98.6,饿了么
O03129,U0116,2026-06-14,拿铁,咖啡,1,28.2,小程序
O03130,U0116,2025-10-04,烘焙早餐,烘焙,2,40.2,小程序
O03131,U0116,2026-06-27,美式,咖啡,1,32.9,小程序
O03132,U0116,2026-01-22,轻食沙拉,轻食,1,32.5,美团
O03133,U0116,2026-02-01,轻食沙拉,轻食,3,92.1,小程序
O03134,U0116,2026-04-19,拿铁,咖啡,1,43.0,美团
O03135,U0116,2026-03-26,烘焙早餐,烘焙,1,33.8,小程序
O03136,U0116,2025-10-28,生椰拿铁,咖啡,2,81.8,饿了么
O03137,U0116,2026-02-12,拿铁,咖啡,1,37.2,美团
O03138,U0116,2026-06-17,冷萃,咖啡,1,38.2,APP
O03139,U0116,2026-04-15,美式,咖啡,2,48.4,APP
O03140,U0116,2026-06-04,美式,咖啡,1,23.0,门店
O03141,U0116,2026-03-10,冷萃,咖啡,1,33.4,小程序
O03142,U0116,2026-02-16,美式,咖啡,1,28.8,小程序
O03143,U0116,2026-03-25,轻食沙拉,轻食,2,50.8,APP
O03144,U0116,2026-05-29,冷萃,咖啡,3,119.1,小程序
O03145,U0116,2026-06-11,轻食沙拉,轻食,2,53.8,美团
O03146,U0117,2026-06-26,美式,咖啡,1,33.4,APP
O03147,U0117,2026-06-28,冷萃,咖啡,1,39.2,小程序
O03148,U0117,2026-06-29,美式,咖啡,1,30.9,APP
O03149,U0117,2026-06-26,美式,咖啡,1,32.0,门店
O03150,U0117,2026-06-28,拿铁,咖啡,1,41.9,APP
O03151,U0117,2026-06-29,烘焙早餐,烘焙,1,20.2,美团
O03152,U0117,2026-06-29,周边杯,周边,2,143.0,饿了么
O03153,U0117,2026-06-27,烘焙早餐,烘焙,1,34.6,小程序
O03154,U0117,2026-06-26,美式,咖啡,1,26.0,饿了么
O03155,U0117,2026-06-29,周边杯,周边,1,56.8,美团
O03156,U0117,2026-06-30,轻食沙拉,轻食,1,42.9,小程序
O03157,U0117,2026-06-27,美式,咖啡,1,30.4,小程序
O03158,U0117,2026-06-26,拿铁,咖啡,1,39.3,小程序
O03159,U0117,2026-06-30,周边杯,周边,1,50.9,饿了么
O03160,U0117,2026-06-30,轻食沙拉,轻食,1,26.3,饿了么
O03161,U0117,2026-06-27,拿铁,咖啡,1,40.1,门店
O03162,U0117,2026-06-30,周边杯,周边,2,111.2,饿了么
O03163,U0117,2026-06-30,轻食沙拉,轻食,1,33.4,美团
O03164,U0118,2026-06-26,烘焙早餐,烘焙,2,61.6,美团
O03165,U0118,2026-06-02,烘焙早餐,烘焙,1,23.9,门店
O03166,U0118,2026-06-18,冷萃,咖啡,1,43.5,APP
O03167,U0118,2026-06-10,烘焙早餐,烘焙,1,20.1,饿了么
O03168,U0118,2026-06-28,生椰拿铁,咖啡,2,80.6,APP
O03169,U0118,2026-06-30,美式,咖啡,1,33.6,APP
O03170,U0118,2026-06-09,周边杯,周边,3,164.1,美团
O03171,U0118,2026-06-18,烘焙早餐,烘焙,1,37.2,饿了么
O03172,U0118,2026-06-22,拿铁,咖啡,1,44.8,美团
O03173,U0118,2026-06-20,拿铁,咖啡,1,35.8,小程序
O03174,U0118,2026-06-20,冷萃,咖啡,1,35.1,饿了么
O03175,U0118,2026-06-30,轻食沙拉,轻食,1,29.6,门店
O03176,U0118,2026-06-21,轻食沙拉,轻食,1,37.0,APP
O03177,U0118,2026-06-28,烘焙早餐,烘焙,2,41.6,小程序
O03178,U0118,2026-06-26,周边杯,周边,2,176.4,门店
O03179,U0118,2026-06-30,冷萃,咖啡,1,48.0,APP
O03180,U0118,2026-06-28,轻食沙拉,轻食,1,36.3,小程序
O03181,U0118,2026-06-17,周边杯,周边,1,83.0,饿了么
O03182,U0118,2026-06-24,生椰拿铁,咖啡,1,39.8,门店
O03183,U0118,2026-06-02,周边杯,周边,1,71.0,门店
O03184,U0118,2026-06-13,轻食沙拉,轻食,2,53.0,小程序
O03185,U0118,2026-06-17,冷萃,咖啡,1,46.6,APP
O03186,U0118,2026-06-24,美式,咖啡,1,32.5,门店
O03187,U0118,2026-06-29,周边杯,周边,2,107.6,门店
O03188,U0118,2026-06-12,烘焙早餐,烘焙,1,21.0,门店
O03189,U0118,2026-06-27,烘焙早餐,烘焙,2,46.8,小程序
O03190,U0118,2026-06-26,美式,咖啡,1,28.2,小程序
O03191,U0119,2026-06-20,烘焙早餐,烘焙,2,51.6,小程序
O03192,U0119,2026-06-08,拿铁,咖啡,2,84.4,饿了么
O03193,U0119,2026-06-13,拿铁,咖啡,1,29.4,饿了么
O03194,U0119,2026-06-17,周边杯,周边,2,175.6,小程序
O03195,U0119,2026-06-09,冷萃,咖啡,1,41.5,门店
O03196,U0119,2026-06-09,生椰拿铁,咖啡,1,41.3,门店
O03197,U0119,2026-06-08,冷萃,咖啡,1,39.3,饿了么
O03198,U0119,2026-06-13,周边杯,周边,1,72.3,美团
O03199,U0119,2026-06-27,美式,咖啡,1,22.7,门店
O03200,U0119,2026-06-15,拿铁,咖啡,1,43.2,饿了么
O03201,U0119,2026-06-16,冷萃,咖啡,2,69.8,美团
O03202,U0119,2026-06-11,轻食沙拉,轻食,2,66.2,APP
O03203,U0119,2026-06-26,美式,咖啡,1,26.5,小程序
O03204,U0119,2026-06-30,周边杯,周边,1,68.7,美团
O03205,U0119,2026-06-19,拿铁,咖啡,1,44.7,饿了么
O03206,U0119,2026-06-09,周边杯,周边,1,80.1,饿了么
O03207,U0119,2026-06-28,烘焙早餐,烘焙,3,69.9,APP
O03208,U0119,2026-06-13,冷萃,咖啡,2,72.4,门店
O03209,U0119,2026-06-18,轻食沙拉,轻食,1,43.6,美团
O03210,U0119,2026-06-10,冷萃,咖啡,1,41.8,小程序
O03211,U0119,2026-06-13,周边杯,周边,2,177.6,小程序
O03212,U0119,2026-06-09,烘焙早餐,烘焙,1,21.3,APP
O03213,U0119,2026-06-20,美式,咖啡,3,98.1,门店
O03214,U0119,2026-06-11,冷萃,咖啡,1,40.9,门店
O03215,U0119,2026-06-19,拿铁,咖啡,1,31.2,饿了么
O03216,U0119,2026-06-16,生椰拿铁,咖啡,1,34.8,APP
O03217,U0119,2026-06-25,生椰拿铁,咖啡,2,61.8,门店
O03218,U0119,2026-06-23,拿铁,咖啡,1,44.5,门店
O03219,U0119,2026-06-16,拿铁,咖啡,1,32.0,门店
O03220,U0119,2026-06-10,冷萃,咖啡,1,40.5,APP
O03221,U0119,2026-06-21,轻食沙拉,轻食,1,40.8,APP
O03222,U0119,2026-06-12,拿铁,咖啡,1,28.2,小程序
O03223,U0119,2026-06-22,周边杯,周边,2,145.2,小程序
O03224,U0119,2026-06-27,美式,咖啡,2,50.8,美团
O03225,U0120,2026-06-23,烘焙早餐,烘焙,2,49.6,饿了么
O03226,U0120,2026-06-19,美式,咖啡,2,63.8,APP
O03227,U0120,2026-06-22,美式,咖啡,2,66.8,APP
O03228,U0120,2026-06-22,轻食沙拉,轻食,1,44.9,门店
O03229,U0120,2026-06-12,烘焙早餐,烘焙,3,99.0,小程序
O03230,U0120,2026-06-20,周边杯,周边,1,77.1,美团
O03231,U0120,2026-06-17,轻食沙拉,轻食,1,43.5,美团
O03232,U0120,2026-06-27,拿铁,咖啡,2,69.6,APP
O03233,U0120,2026-06-17,烘焙早餐,烘焙,1,33.6,小程序
O03234,U0120,2026-06-16,周边杯,周边,1,49.1,小程序
O03235,U0120,2026-06-26,周边杯,周边,1,55.8,门店
O03236,U0120,2026-06-15,轻食沙拉,轻食,3,84.6,门店
O03237,U0120,2026-06-05,周边杯,周边,3,187.2,小程序
O03238,U0120,2026-06-26,生椰拿铁,咖啡,1,37.3,小程序
O03239,U0120,2026-06-21,轻食沙拉,轻食,1,40.4,饿了么
O03240,U0120,2026-06-09,生椰拿铁,咖啡,3,120.6,饿了么
O03241,U0120,2026-06-06,烘焙早餐,烘焙,2,59.6,门店
O03242,U0120,2026-06-12,冷萃,咖啡,1,43.2,饿了么
O03243,U0120,2026-06-05,美式,咖啡,2,47.2,门店
O03244,U0120,2026-06-30,拿铁,咖啡,1,44.2,APP
O03245,U0120,2026-06-26,周边杯,周边,3,212.1,饿了么
O03246,U0120,2026-06-27,轻食沙拉,轻食,3,90.0,APP
O03247,U0120,2026-06-14,烘焙早餐,烘焙,2,49.6,饿了么
O03248,U0121,2026-04-23,拿铁,咖啡,1,39.0,美团
O03249,U0121,2026-04-22,烘焙早餐,烘焙,3,84.6,小程序
O03250,U0121,2026-05-09,轻食沙拉,轻食,1,33.8,APP
O03251,U0121,2026-01-12,烘焙早餐,烘焙,1,26.0,APP
O03252,U0121,2026-03-31,周边杯,周边,1,87.9,饿了么
O03253,U0121,2026-03-08,生椰拿铁,咖啡,1,36.8,饿了么
O03254,U0121,2025-11-29,轻食沙拉,轻食,3,112.8,美团
O03255,U0121,2026-04-18,烘焙早餐,烘焙,1,27.8,饿了么
O03256,U0121,2026-04-09,冷萃,咖啡,2,82.2,APP
O03257,U0121,2026-06-15,周边杯,周边,1,54.2,APP
O03258,U0121,2026-03-19,轻食沙拉,轻食,1,25.8,门店
O03259,U0121,2026-05-06,烘焙早餐,烘焙,1,18.0,APP
O03260,U0121,2026-02-15,拿铁,咖啡,2,79.6,门店
O03261,U0121,2026-05-25,冷萃,咖啡,1,38.9,美团
O03262,U0121,2026-04-07,拿铁,咖啡,1,28.5,门店
O03263,U0121,2026-03-31,美式,咖啡,1,32.1,门店
O03264,U0121,2026-01-20,生椰拿铁,咖啡,1,33.3,美团
O03265,U0121,2026-04-13,冷萃,咖啡,1,35.5,饿了么
O03266,U0121,2026-01-27,美式,咖啡,1,30.3,APP
O03267,U0121,2026-05-06,烘焙早餐,烘焙,2,65.6,美团
O03268,U0121,2026-06-13,周边杯,周边,2,115.8,饿了么
O03269,U0121,2026-04-08,拿铁,咖啡,1,33.8,小程序
O03270,U0121,2026-05-07,轻食沙拉,轻食,1,43.3,门店
O03271,U0121,2026-05-16,冷萃,咖啡,2,70.4,美团
O03272,U0121,2025-12-25,烘焙早餐,烘焙,2,42.8,APP
O03273,U0121,2026-06-23,轻食沙拉,轻食,1,29.4,门店
O03274,U0121,2025-12-09,美式,咖啡,2,66.4,小程序
O03275,U0121,2026-04-05,轻食沙拉,轻食,1,32.8,美团
O03276,U0121,2026-03-25,生椰拿铁,咖啡,2,94.4,饿了么
O03277,U0121,2026-02-04,拿铁,咖啡,2,76.8,门店
O03278,U0121,2026-06-12,生椰拿铁,咖啡,1,34.0,饿了么
O03279,U0121,2025-12-13,轻食沙拉,轻食,2,85.8,小程序
O03280,U0121,2026-06-14,拿铁,咖啡,1,43.5,APP
O03281,U0121,2025-11-25,美式,咖啡,2,57.6,饿了么
O03282,U0121,2026-01-12,生椰拿铁,咖啡,1,44.3,门店
O03283,U0122,2026-05-30,生椰拿铁,咖啡,1,31.6,小程序
O03284,U0122,2026-05-21,周边杯,周边,1,62.1,APP
O03285,U0122,2026-05-26,烘焙早餐,烘焙,2,71.4,美团
O03286,U0122,2026-06-16,拿铁,咖啡,1,32.0,门店
O03287,U0122,2026-04-15,拿铁,咖啡,1,44.3,APP
O03288,U0122,2026-04-23,生椰拿铁,咖啡,2,94.2,小程序
O03289,U0122,2026-05-25,美式,咖啡,1,27.9,小程序
O03290,U0122,2026-06-24,烘焙早餐,烘焙,1,27.5,APP
O03291,U0122,2026-06-10,拿铁,咖啡,1,32.6,饿了么
O03292,U0122,2026-06-16,烘焙早餐,烘焙,1,35.1,APP
O03293,U0122,2026-04-27,生椰拿铁,咖啡,2,80.0,美团
O03294,U0122,2026-06-02,拿铁,咖啡,2,88.4,饿了么
O03295,U0122,2026-06-13,冷萃,咖啡,1,46.3,美团
O03296,U0122,2026-05-15,生椰拿铁,咖啡,1,45.5,门店
O03297,U0122,2026-06-14,生椰拿铁,咖啡,2,95.4,门店
O03298,U0122,2026-06-18,轻食沙拉,轻食,1,31.8,门店
O03299,U0122,2026-05-20,周边杯,周边,1,77.5,APP
O03300,U0122,2026-06-13,美式,咖啡,1,26.0,小程序
O03301,U0122,2026-04-20,周边杯,周边,3,230.1,小程序
O03302,U0122,2026-04-27,周边杯,周边,1,49.3,APP
O03303,U0122,2026-05-19,生椰拿铁,咖啡,1,41.5,APP
O03304,U0122,2026-04-19,美式,咖啡,2,47.4,小程序
O03305,U0122,2026-05-21,周边杯,周边,1,61.7,门店
O03306,U0122,2026-05-23,冷萃,咖啡,1,32.6,美团
O03307,U0123,2026-05-29,美式,咖啡,1,30.9,门店
O03308,U0123,2026-06-27,烘焙早餐,烘焙,1,28.5,饿了么
O03309,U0123,2026-04-29,轻食沙拉,轻食,1,34.8,APP
O03310,U0123,2026-03-10,冷萃,咖啡,2,96.4,门店
O03311,U0123,2026-05-05,冷萃,咖啡,1,34.7,门店
O03312,U0123,2026-06-26,烘焙早餐,烘焙,2,75.4,门店
O03313,U0123,2026-02-03,美式,咖啡,1,34.3,APP
O03314,U0123,2026-06-16,周边杯,周边,1,55.9,小程序
O03315,U0123,2026-05-29,美式,咖啡,1,24.5,APP
O03316,U0123,2026-04-26,美式,咖啡,1,33.4,门店
O03317,U0123,2026-04-30,拿铁,咖啡,2,58.0,小程序
O03318,U0123,2026-04-04,美式,咖啡,1,27.4,APP
O03319,U0123,2026-05-24,烘焙早餐,烘焙,1,27.3,APP
O03320,U0123,2026-06-06,冷萃,咖啡,2,78.6,美团
O03321,U0123,2026-01-06,周边杯,周边,1,56.2,美团
O03322,U0123,2026-02-12,生椰拿铁,咖啡,1,43.4,门店
O03323,U0123,2026-03-25,美式,咖啡,2,53.8,小程序
O03324,U0123,2026-02-13,美式,咖啡,1,30.0,美团
O03325,U0123,2026-02-27,轻食沙拉,轻食,2,72.2,美团
O03326,U0123,2025-12-05,烘焙早餐,烘焙,2,70.8,小程序
O03327,U0123,2026-05-06,冷萃,咖啡,1,35.2,APP
O03328,U0123,2026-01-11,冷萃,咖啡,2,92.4,饿了么
O03329,U0123,2026-05-08,烘焙早餐,烘焙,3,111.9,小程序
O03330,U0123,2026-02-13,美式,咖啡,1,24.2,饿了么
O03331,U0123,2026-04-28,美式,咖啡,2,63.2,小程序
O03332,U0123,2026-05-28,冷萃,咖啡,1,46.4,饿了么
O03333,U0123,2025-12-11,轻食沙拉,轻食,1,31.1,APP
O03334,U0123,2026-01-21,美式,咖啡,1,26.2,APP
O03335,U0123,2026-06-12,烘焙早餐,烘焙,1,35.1,门店
O03336,U0123,2026-04-13,生椰拿铁,咖啡,1,34.8,美团
O03337,U0123,2026-05-29,轻食沙拉,轻食,1,42.7,美团
O03338,U0123,2026-02-04,美式,咖啡,1,34.2,门店
O03339,U0123,2026-01-25,烘焙早餐,烘焙,2,68.4,饿了么
O03340,U0123,2026-05-24,轻食沙拉,轻食,2,54.6,饿了么
O03341,U0123,2026-06-21,周边杯,周边,1,83.4,APP
O03342,U0124,2026-04-14,拿铁,咖啡,1,30.8,饿了么
O03343,U0124,2026-04-21,周边杯,周边,1,70.1,小程序
O03344,U0124,2026-02-15,冷萃,咖啡,2,89.4,APP
O03345,U0124,2026-05-20,烘焙早餐,烘焙,1,36.9,APP
O03346,U0124,2026-01-30,拿铁,咖啡,2,83.6,小程序
O03347,U0124,2026-01-26,周边杯,周边,2,127.2,小程序
O03348,U0124,2026-05-12,美式,咖啡,2,48.6,门店
O03349,U0124,2026-05-13,冷萃,咖啡,2,85.8,美团
O03350,U0124,2026-05-04,烘焙早餐,烘焙,1,28.1,门店
O03351,U0124,2026-06-16,美式,咖啡,2,62.0,门店
O03352,U0124,2026-06-11,烘焙早餐,烘焙,1,25.1,饿了么
O03353,U0124,2026-04-02,拿铁,咖啡,2,83.2,小程序
O03354,U0124,2026-02-12,拿铁,咖啡,1,32.7,美团
O03355,U0124,2026-06-06,拿铁,咖啡,2,83.6,饿了么
O03356,U0124,2026-03-15,拿铁,咖啡,1,35.8,APP
O03357,U0124,2026-02-14,周边杯,周边,2,156.2,小程序
O03358,U0124,2025-12-28,周边杯,周边,1,55.0,饿了么
O03359,U0124,2026-03-22,轻食沙拉,轻食,1,25.5,美团
O03360,U0124,2026-03-03,轻食沙拉,轻食,1,42.4,小程序
O03361,U0124,2026-05-28,周边杯,周边,1,56.9,美团
O03362,U0124,2026-04-22,拿铁,咖啡,1,31.6,小程序
O03363,U0124,2026-05-27,拿铁,咖啡,1,30.5,APP
O03364,U0124,2026-06-28,美式,咖啡,1,23.5,美团
O03365,U0125,2026-05-14,周边杯,周边,1,75.4,饿了么
O03366,U0125,2026-06-22,轻食沙拉,轻食,1,38.5,美团
O03367,U0125,2026-05-06,拿铁,咖啡,1,30.2,小程序
O03368,U0125,2026-06-03,轻食沙拉,轻食,1,25.6,门店
O03369,U0125,2026-06-08,轻食沙拉,轻食,2,87.0,APP
O03370,U0125,2026-04-10,烘焙早餐,烘焙,1,32.9,门店
O03371,U0125,2026-05-28,美式,咖啡,1,27.6,饿了么
O03372,U0125,2026-03-17,轻食沙拉,轻食,1,28.6,门店
O03373,U0125,2026-06-23,烘焙早餐,烘焙,2,40.2,门店
O03374,U0125,2026-04-07,拿铁,咖啡,1,29.5,饿了么
O03375,U0125,2026-06-11,冷萃,咖啡,1,43.3,门店
O03376,U0125,2026-03-17,烘焙早餐,烘焙,3,93.9,APP
O03377,U0125,2026-05-31,生椰拿铁,咖啡,1,36.8,饿了么
O03378,U0125,2026-04-09,轻食沙拉,轻食,3,125.7,门店
O03379,U0125,2026-06-16,冷萃,咖啡,1,47.1,小程序
O03380,U0125,2026-06-27,美式,咖啡,1,31.3,门店
O03381,U0125,2026-04-01,周边杯,周边,1,76.8,小程序
O03382,U0125,2026-06-23,拿铁,咖啡,1,31.9,APP
O03383,U0125,2026-04-20,美式,咖啡,1,27.5,门店
O03384,U0125,2026-05-24,生椰拿铁,咖啡,2,74.0,APP
O03385,U0125,2026-04-12,周边杯,周边,2,100.2,APP
O03386,U0125,2026-03-19,美式,咖啡,2,69.8,美团
O03387,U0125,2026-03-31,生椰拿铁,咖啡,1,41.1,饿了么
O03388,U0125,2026-05-18,生椰拿铁,咖啡,1,31.1,小程序
O03389,U0125,2026-05-11,轻食沙拉,轻食,1,39.4,美团
O03390,U0125,2026-05-30,拿铁,咖啡,1,35.0,门店
O03391,U0125,2026-05-22,轻食沙拉,轻食,1,43.9,门店
O03392,U0125,2026-04-18,周边杯,周边,2,110.6,小程序
O03393,U0125,2026-04-13,轻食沙拉,轻食,1,39.2,APP
O03394,U0125,2026-03-23,拿铁,咖啡,1,28.3,美团
O03395,U0125,2026-05-18,烘焙早餐,烘焙,1,36.3,门店
O03396,U0126,2025-12-31,烘焙早餐,烘焙,1,19.3,门店
O03397,U0126,2026-02-02,生椰拿铁,咖啡,1,37.7,APP
O03398,U0126,2025-12-02,冷萃,咖啡,1,47.1,门店
O03399,U0126,2026-03-20,冷萃,咖啡,1,32.0,小程序
O03400,U0126,2025-09-25,周边杯,周边,1,80.3,APP
O03401,U0126,2025-08-09,周边杯,周边,2,171.0,饿了么
O03402,U0126,2025-11-21,拿铁,咖啡,1,35.6,小程序
O03403,U0126,2026-04-03,美式,咖啡,1,27.5,小程序
O03404,U0126,2026-04-17,拿铁,咖啡,1,41.8,美团
O03405,U0126,2025-09-19,美式,咖啡,2,59.4,小程序
O03406,U0126,2026-01-18,轻食沙拉,轻食,1,26.2,饿了么
O03407,U0126,2025-08-17,冷萃,咖啡,1,40.2,美团
O03408,U0126,2025-11-21,生椰拿铁,咖啡,1,31.4,门店
O03409,U0126,2026-01-27,烘焙早餐,烘焙,1,37.1,APP
O03410,U0126,2026-02-17,美式,咖啡,1,23.5,小程序
O03411,U0126,2026-05-12,冷萃,咖啡,1,35.3,饿了么
O03412,U0126,2026-01-24,冷萃,咖啡,1,39.7,门店
O03413,U0126,2026-04-07,拿铁,咖啡,1,31.5,门店
O03414,U0126,2025-11-05,轻食沙拉,轻食,2,82.2,饿了么
O03415,U0126,2026-02-18,美式,咖啡,2,65.4,美团
O03416,U0126,2025-12-04,周边杯,周边,1,66.5,APP
O03417,U0126,2025-09-05,生椰拿铁,咖啡,1,40.5,APP
O03418,U0126,2026-03-27,拿铁,咖啡,3,85.5,美团
O03419,U0126,2026-02-24,冷萃,咖啡,3,101.4,饿了么
O03420,U0126,2025-08-08,周边杯,周边,1,51.7,美团
O03421,U0126,2026-05-24,冷萃,咖啡,1,44.0,门店
O03422,U0126,2025-08-15,拿铁,咖啡,1,40.7,APP
O03423,U0126,2026-05-01,周边杯,周边,1,86.7,饿了么
O03424,U0126,2026-06-15,轻食沙拉,轻食,1,30.4,APP
O03425,U0126,2025-08-29,生椰拿铁,咖啡,1,44.1,饿了么
O03426,U0126,2026-06-03,烘焙早餐,烘焙,1,18.8,饿了么
O03427,U0127,2026-02-28,周边杯,周边,3,219.6,APP
O03428,U0127,2026-05-03,拿铁,咖啡,1,31.4,小程序
O03429,U0127,2026-06-15,冷萃,咖啡,1,38.9,门店
O03430,U0127,2025-12-15,冷萃,咖啡,3,144.9,APP
O03431,U0127,2026-01-13,冷萃,咖啡,1,37.2,美团
O03432,U0127,2026-04-14,生椰拿铁,咖啡,2,69.0,门店
O03433,U0127,2026-03-10,美式,咖啡,1,24.7,饿了么
O03434,U0127,2026-05-09,烘焙早餐,烘焙,1,29.9,小程序
O03435,U0127,2026-04-24,冷萃,咖啡,1,46.5,门店
O03436,U0127,2025-12-31,冷萃,咖啡,3,141.9,APP
O03437,U0127,2025-11-25,美式,咖啡,1,28.1,饿了么
O03438,U0127,2026-06-23,美式,咖啡,1,23.4,APP
O03439,U0127,2026-05-07,轻食沙拉,轻食,1,38.2,门店
O03440,U0127,2025-12-13,周边杯,周边,2,172.4,小程序
O03441,U0127,2026-01-18,生椰拿铁,咖啡,2,84.6,饿了么
O03442,U0127,2026-03-30,烘焙早餐,烘焙,3,84.3,饿了么
O03443,U0127,2026-03-13,美式,咖啡,1,33.7,美团
O03444,U0127,2025-11-24,轻食沙拉,轻食,1,41.7,饿了么
O03445,U0127,2026-02-01,轻食沙拉,轻食,2,70.4,小程序
O03446,U0127,2026-04-07,冷萃,咖啡,1,48.1,APP
O03447,U0127,2025-12-30,周边杯,周边,2,107.6,门店
O03448,U0127,2026-04-01,烘焙早餐,烘焙,1,32.7,美团
O03449,U0127,2026-03-28,生椰拿铁,咖啡,1,37.9,APP
O03450,U0127,2025-12-04,周边杯,周边,1,50.0,美团
O03451,U0127,2026-03-20,生椰拿铁,咖啡,1,38.5,APP
O03452,U0127,2026-06-22,美式,咖啡,1,26.9,饿了么
O03453,U0127,2026-03-02,拿铁,咖啡,1,41.0,APP
O03454,U0127,2026-03-29,冷萃,咖啡,1,44.1,APP
O03455,U0127,2026-04-21,轻食沙拉,轻食,2,67.0,APP
O03456,U0127,2026-03-17,轻食沙拉,轻食,1,40.0,美团
O03457,U0127,2026-05-08,轻食沙拉,轻食,1,26.0,门店
O03458,U0127,2026-01-16,轻食沙拉,轻食,2,54.8,小程序
O03459,U0127,2026-06-09,烘焙早餐,烘焙,1,26.5,小程序
O03460,U0128,2026-05-08,轻食沙拉,轻食,1,30.0,饿了么
O03461,U0128,2026-05-09,美式,咖啡,1,26.3,小程序
O03462,U0128,2026-04-14,烘焙早餐,烘焙,2,68.0,美团
O03463,U0128,2026-02-02,生椰拿铁,咖啡,2,83.0,美团
O03464,U0128,2026-06-15,轻食沙拉,轻食,1,30.7,美团
O03465,U0128,2026-05-06,美式,咖啡,2,62.8,美团
O03466,U0128,2025-12-24,生椰拿铁,咖啡,1,38.2,小程序
O03467,U0128,2026-04-10,拿铁,咖啡,1,30.6,美团
O03468,U0128,2026-01-23,美式,咖啡,1,34.8,APP
O03469,U0128,2026-05-28,冷萃,咖啡,1,37.0,小程序
O03470,U0128,2026-04-25,烘焙早餐,烘焙,2,74.4,门店
O03471,U0128,2026-05-03,冷萃,咖啡,1,41.6,饿了么
O03472,U0128,2025-12-28,冷萃,咖啡,1,34.5,美团
O03473,U0128,2026-01-25,周边杯,周边,1,70.1,小程序
O03474,U0128,2026-04-05,拿铁,咖啡,1,38.6,门店
O03475,U0128,2026-01-05,美式,咖啡,1,35.0,APP
O03476,U0128,2026-03-19,轻食沙拉,轻食,1,40.1,APP
O03477,U0128,2026-02-08,轻食沙拉,轻食,1,33.1,美团
O03478,U0128,2026-06-20,冷萃,咖啡,1,48.1,APP
O03479,U0128,2025-12-29,生椰拿铁,咖啡,1,35.8,美团
O03480,U0128,2026-03-13,周边杯,周边,1,82.2,APP
O03481,U0128,2026-03-20,生椰拿铁,咖啡,1,43.5,门店
O03482,U0128,2026-01-18,烘焙早餐,烘焙,1,19.9,小程序
O03483,U0128,2026-02-05,轻食沙拉,轻食,1,30.8,饿了么
O03484,U0128,2026-04-03,冷萃,咖啡,1,47.2,美团
O03485,U0128,2026-06-27,拿铁,咖啡,1,41.1,门店
O03486,U0128,2026-05-19,烘焙早餐,烘焙,1,29.5,小程序
O03487,U0128,2026-05-06,烘焙早餐,烘焙,2,74.2,美团
O03488,U0128,2026-04-15,周边杯,周边,1,71.0,小程序
O03489,U0128,2026-04-10,生椰拿铁,咖啡,2,74.8,小程序
O03490,U0128,2026-02-13,周边杯,周边,1,62.1,美团
O03491,U0128,2026-05-27,冷萃,咖啡,1,49.0,饿了么
O03492,U0128,2026-06-05,烘焙早餐,烘焙,2,60.6,饿了么
O03493,U0129,2026-06-29,冷萃,咖啡,1,37.6,饿了么
O03494,U0129,2026-02-27,轻食沙拉,轻食,1,42.9,门店
O03495,U0129,2026-02-01,生椰拿铁,咖啡,1,44.5,小程序
O03496,U0129,2025-11-29,轻食沙拉,轻食,1,37.0,美团
O03497,U0129,2026-03-24,美式,咖啡,1,31.1,小程序
O03498,U0129,2026-03-19,拿铁,咖啡,1,29.2,小程序
O03499,U0129,2026-01-15,周边杯,周边,2,145.6,饿了么
O03500,U0129,2026-04-11,美式,咖啡,1,27.5,APP
O03501,U0129,2025-11-11,烘焙早餐,烘焙,1,29.6,饿了么
O03502,U0129,2025-10-19,冷萃,咖啡,1,40.7,饿了么
O03503,U0129,2026-02-22,周边杯,周边,1,54.4,饿了么
O03504,U0129,2026-01-27,美式,咖啡,2,45.2,美团
O03505,U0129,2026-02-08,周边杯,周边,2,170.2,饿了么
O03506,U0129,2026-05-01,冷萃,咖啡,1,41.0,美团
O03507,U0129,2026-02-02,美式,咖啡,2,44.4,门店
O03508,U0129,2026-03-01,冷萃,咖啡,1,47.6,美团
O03509,U0129,2026-03-14,烘焙早餐,烘焙,1,35.8,门店
O03510,U0129,2026-03-03,美式,咖啡,1,24.5,饿了么
O03511,U0129,2025-10-05,冷萃,咖啡,2,68.8,门店
O03512,U0129,2026-01-31,周边杯,周边,1,65.2,APP
O03513,U0129,2025-12-24,周边杯,周边,2,131.4,小程序
O03514,U0129,2025-11-15,冷萃,咖啡,1,43.4,门店
O03515,U0129,2026-01-16,拿铁,咖啡,2,56.4,美团
O03516,U0129,2025-12-12,周边杯,周边,1,56.5,门店
O03517,U0129,2025-12-22,周边杯,周边,1,80.9,美团
O03518,U0129,2026-05-21,生椰拿铁,咖啡,2,74.4,饿了么
O03519,U0129,2025-10-25,冷萃,咖啡,1,32.5,门店
O03520,U0129,2025-11-11,拿铁,咖啡,3,102.9,饿了么
O03521,U0129,2026-01-27,烘焙早餐,烘焙,1,33.9,小程序
O03522,U0129,2025-09-24,周边杯,周边,1,85.2,小程序
O03523,U0130,2026-06-30,冷萃,咖啡,3,134.4,APP
O03524,U0130,2026-06-28,周边杯,周边,1,52.2,门店
O03525,U0130,2026-06-30,周边杯,周边,2,169.8,门店
O03526,U0130,2026-06-30,美式,咖啡,1,34.9,门店
O03527,U0130,2026-06-28,轻食沙拉,轻食,1,41.2,小程序
O03528,U0130,2026-06-28,拿铁,咖啡,1,31.5,美团
O03529,U0130,2026-06-29,美式,咖啡,1,27.6,美团
O03530,U0130,2026-06-27,冷萃,咖啡,3,126.0,APP
O03531,U0130,2026-06-29,生椰拿铁,咖啡,1,47.1,APP
O03532,U0130,2026-06-27,轻食沙拉,轻食,2,72.2,饿了么
O03533,U0130,2026-06-29,生椰拿铁,咖啡,2,73.0,门店
O03534,U0130,2026-06-27,拿铁,咖啡,1,39.5,门店
O03535,U0130,2026-06-29,生椰拿铁,咖啡,1,41.7,APP
O03536,U0130,2026-06-28,周边杯,周边,1,84.2,APP
O03537,U0130,2026-06-28,轻食沙拉,轻食,1,44.7,饿了么
O03538,U0130,2026-06-30,轻食沙拉,轻食,2,87.6,小程序
O03539,U0130,2026-06-30,冷萃,咖啡,1,48.2,APP
O03540,U0130,2026-06-28,轻食沙拉,轻食,1,30.9,APP
O03541,U0130,2026-06-30,美式,咖啡,2,44.8,饿了么
O03542,U0130,2026-06-30,轻食沙拉,轻食,1,28.4,美团
O03543,U0130,2026-06-29,轻食沙拉,轻食,1,25.3,小程序
O03544,U0130,2026-06-30,美式,咖啡,1,32.7,APP
O03545,U0130,2026-06-27,冷萃,咖啡,2,86.0,APP
O03546,U0130,2026-06-29,轻食沙拉,轻食,2,71.8,门店
O03547,U0130,2026-06-28,生椰拿铁,咖啡,2,90.6,小程序
O03548,U0130,2026-06-27,周边杯,周边,2,171.6,小程序
O03549,U0130,2026-06-27,轻食沙拉,轻食,1,42.5,饿了么
O03550,U0130,2026-06-29,烘焙早餐,烘焙,2,72.2,门店
O03551,U0130,2026-06-28,生椰拿铁,咖啡,2,69.2,门店
O03552,U0130,2026-06-29,生椰拿铁,咖啡,2,75.4,APP
O03553,U0130,2026-06-29,轻食沙拉,轻食,1,26.3,APP
O03554,U0130,2026-06-30,轻食沙拉,轻食,1,40.7,门店
O03555,U0130,2026-06-28,轻食沙拉,轻食,1,36.9,美团
O03556,U0131,2026-03-24,轻食沙拉,轻食,1,30.1,美团
O03557,U0131,2026-05-19,烘焙早餐,烘焙,3,88.8,饿了么
O03558,U0131,2026-03-25,周边杯,周边,2,110.4,饿了么
O03559,U0131,2025-08-05,生椰拿铁,咖啡,1,47.9,饿了么
O03560,U0131,2026-06-29,美式,咖啡,1,32.9,美团
O03561,U0131,2026-06-18,美式,咖啡,1,25.3,小程序
O03562,U0131,2026-05-07,烘焙早餐,烘焙,1,33.0,门店
O03563,U0131,2025-10-02,生椰拿铁,咖啡,1,32.4,饿了么
O03564,U0131,2026-06-02,美式,咖啡,1,29.7,APP
O03565,U0131,2025-11-03,烘焙早餐,烘焙,1,33.8,小程序
O03566,U0131,2026-05-31,轻食沙拉,轻食,1,36.0,APP
O03567,U0131,2026-04-21,美式,咖啡,1,34.8,饿了么
O03568,U0131,2025-07-30,轻食沙拉,轻食,2,73.2,APP
O03569,U0131,2025-09-17,拿铁,咖啡,1,28.8,APP
O03570,U0131,2025-10-30,美式,咖啡,1,33.6,饿了么
O03571,U0131,2026-01-18,冷萃,咖啡,1,39.8,小程序
O03572,U0131,2026-03-22,周边杯,周边,1,74.3,饿了么
O03573,U0131,2026-06-16,冷萃,咖啡,1,44.9,饿了么
O03574,U0131,2025-08-16,周边杯,周边,1,60.8,小程序
O03575,U0131,2025-11-29,拿铁,咖啡,1,43.6,饿了么
O03576,U0131,2025-11-30,生椰拿铁,咖啡,1,41.7,小程序
O03577,U0131,2026-05-02,烘焙早餐,烘焙,2,66.2,门店
O03578,U0131,2026-02-05,周边杯,周边,2,158.0,APP
O03579,U0131,2025-10-12,生椰拿铁,咖啡,2,71.2,饿了么
O03580,U0131,2025-12-13,周边杯,周边,1,76.1,小程序
O03581,U0131,2025-10-14,轻食沙拉,轻食,1,40.5,美团
O03582,U0131,2025-10-06,拿铁,咖啡,2,68.6,门店
O03583,U0131,2026-05-02,冷萃,咖啡,1,39.9,小程序
O03584,U0131,2026-06-22,拿铁,咖啡,3,106.2,美团
O03585,U0131,2026-02-06,生椰拿铁,咖啡,1,31.7,美团
O03586,U0131,2026-01-10,生椰拿铁,咖啡,2,91.2,APP
O03587,U0131,2025-11-26,拿铁,咖啡,1,41.7,小程序
O03588,U0131,2026-01-25,烘焙早餐,烘焙,2,68.8,门店
O03589,U0131,2026-05-17,冷萃,咖啡,1,32.8,门店
O03590,U0132,2026-06-22,冷萃,咖啡,1,39.6,饿了么
O03591,U0132,2026-06-21,冷萃,咖啡,1,41.6,饿了么
O03592,U0132,2026-06-25,美式,咖啡,1,27.0,小程序
O03593,U0132,2026-06-27,美式,咖啡,1,29.0,饿了么
O03594,U0132,2026-06-29,烘焙早餐,烘焙,1,20.4,美团
O03595,U0132,2026-06-28,拿铁,咖啡,1,34.2,饿了么
O03596,U0132,2026-06-25,美式,咖啡,2,53.4,饿了么
O03597,U0132,2026-06-26,冷萃,咖啡,1,32.4,APP
O03598,U0132,2026-06-19,拿铁,咖啡,2,60.6,门店
O03599,U0132,2026-06-26,周边杯,周边,1,87.5,饿了么
O03600,U0132,2026-06-21,冷萃,咖啡,3,96.9,饿了么
O03601,U0132,2026-06-19,周边杯,周边,2,173.4,门店
O03602,U0132,2026-06-21,拿铁,咖啡,1,41.3,饿了么
O03603,U0132,2026-06-24,拿铁,咖啡,1,35.8,小程序
O03604,U0132,2026-06-29,轻食沙拉,轻食,1,27.8,饿了么
O03605,U0132,2026-06-21,周边杯,周边,1,52.0,饿了么
O03606,U0132,2026-06-21,生椰拿铁,咖啡,2,63.4,美团
O03607,U0132,2026-06-21,冷萃,咖啡,1,36.8,饿了么
O03608,U0132,2026-06-26,生椰拿铁,咖啡,1,39.2,小程序
O03609,U0132,2026-06-30,生椰拿铁,咖啡,1,43.0,APP
O03610,U0132,2026-06-20,周边杯,周边,1,71.1,门店
O03611,U0132,2026-06-26,周边杯,周边,1,82.4,饿了么
O03612,U0132,2026-06-21,拿铁,咖啡,1,42.4,门店
O03613,U0132,2026-06-26,周边杯,周边,1,49.0,小程序
O03614,U0132,2026-06-20,轻食沙拉,轻食,2,66.0,门店
O03615,U0132,2026-06-25,生椰拿铁,咖啡,1,47.1,APP
O03616,U0132,2026-06-21,生椰拿铁,咖啡,1,45.3,APP
O03617,U0132,2026-06-27,美式,咖啡,1,34.0,门店
O03618,U0132,2026-06-19,拿铁,咖啡,1,29.5,饿了么
O03619,U0132,2026-06-21,美式,咖啡,2,62.0,APP
O03620,U0132,2026-06-20,美式,咖啡,1,34.9,饿了么
O03621,U0132,2026-06-24,拿铁,咖啡,1,36.2,门店
O03622,U0132,2026-06-27,轻食沙拉,轻食,2,78.0,小程序
O03623,U0132,2026-06-20,烘焙早餐,烘焙,1,25.4,APP
O03624,U0132,2026-06-26,周边杯,周边,2,106.8,小程序
O03625,U0133,2025-10-22,冷萃,咖啡,2,67.0,门店
O03626,U0133,2025-11-12,周边杯,周边,1,83.5,饿了么
O03627,U0133,2025-09-26,美式,咖啡,1,22.6,美团
O03628,U0133,2026-05-18,生椰拿铁,咖啡,1,42.2,美团
O03629,U0133,2025-11-27,轻食沙拉,轻食,1,41.6,饿了么
O03630,U0133,2026-05-08,周边杯,周边,2,123.0,门店
O03631,U0133,2025-11-12,周边杯,周边,2,149.6,饿了么
O03632,U0133,2026-03-15,冷萃,咖啡,1,42.7,美团
O03633,U0133,2026-01-11,美式,咖啡,1,29.7,美团
O03634,U0133,2025-09-16,冷萃,咖啡,1,47.1,饿了么
O03635,U0133,2026-04-08,美式,咖啡,1,34.7,门店
O03636,U0133,2026-04-20,拿铁,咖啡,2,63.2,小程序
O03637,U0133,2025-08-06,生椰拿铁,咖啡,1,36.0,饿了么
O03638,U0133,2026-06-23,烘焙早餐,烘焙,1,26.1,小程序
O03639,U0133,2026-03-15,生椰拿铁,咖啡,2,67.6,门店
O03640,U0133,2026-02-28,生椰拿铁,咖啡,2,78.8,APP
O03641,U0133,2026-01-07,周边杯,周边,1,85.7,小程序
O03642,U0133,2026-02-11,周边杯,周边,1,59.9,小程序
O03643,U0133,2026-02-23,冷萃,咖啡,1,35.5,门店
O03644,U0133,2025-12-19,烘焙早餐,烘焙,1,28.1,APP
O03645,U0133,2025-12-28,周边杯,周边,2,116.2,门店
O03646,U0133,2026-02-11,美式,咖啡,1,29.0,小程序
O03647,U0133,2026-03-04,周边杯,周边,1,66.8,小程序
O03648,U0133,2026-02-05,生椰拿铁,咖啡,1,38.1,小程序
O03649,U0133,2026-01-21,冷萃,咖啡,1,34.9,小程序
O03650,U0133,2026-05-19,拿铁,咖啡,1,37.2,门店
O03651,U0133,2025-09-11,拿铁,咖啡,1,36.4,小程序
O03652,U0133,2026-06-25,烘焙早餐,烘焙,1,20.0,小程序
O03653,U0134,2026-06-07,周边杯,周边,1,69.3,饿了么
O03654,U0134,2026-04-11,美式,咖啡,1,26.3,美团
O03655,U0134,2026-05-28,拿铁,咖啡,1,39.7,小程序
O03656,U0134,2026-05-30,轻食沙拉,轻食,2,74.8,门店
O03657,U0134,2026-05-13,轻食沙拉,轻食,1,43.8,小程序
O03658,U0134,2026-04-19,轻食沙拉,轻食,1,27.7,门店
O03659,U0134,2026-06-20,生椰拿铁,咖啡,1,45.7,APP
O03660,U0134,2026-06-01,周边杯,周边,2,163.0,小程序
O03661,U0134,2026-05-19,拿铁,咖啡,2,67.4,APP
O03662,U0134,2026-05-23,周边杯,周边,1,75.2,门店
O03663,U0134,2026-06-04,轻食沙拉,轻食,1,42.8,美团
O03664,U0134,2026-05-15,拿铁,咖啡,1,44.2,美团
O03665,U0134,2026-05-03,周边杯,周边,1,54.2,小程序
O03666,U0134,2026-05-24,轻食沙拉,轻食,1,39.9,小程序
O03667,U0134,2026-05-08,轻食沙拉,轻食,1,40.0,小程序
O03668,U0134,2026-05-29,生椰拿铁,咖啡,1,47.2,门店
O03669,U0134,2026-04-10,美式,咖啡,1,31.0,小程序
O03670,U0134,2026-05-14,生椰拿铁,咖啡,1,32.3,APP
O03671,U0134,2026-06-02,拿铁,咖啡,1,36.6,门店
O03672,U0134,2026-04-17,拿铁,咖啡,1,37.2,小程序
O03673,U0134,2026-05-07,轻食沙拉,轻食,1,31.7,APP
O03674,U0135,2026-03-06,生椰拿铁,咖啡,1,43.7,门店
O03675,U0135,2026-06-21,生椰拿铁,咖啡,1,32.6,小程序
O03676,U0135,2025-09-21,拿铁,咖啡,1,34.9,饿了么
O03677,U0135,2025-09-10,轻食沙拉,轻食,1,25.4,饿了么
O03678,U0135,2025-10-04,拿铁,咖啡,2,74.6,美团
O03679,U0135,2026-01-16,拿铁,咖啡,2,82.4,美团
O03680,U0135,2026-05-18,生椰拿铁,咖啡,1,42.5,APP
O03681,U0135,2025-12-12,烘焙早餐,烘焙,1,35.0,门店
O03682,U0135,2025-12-28,拿铁,咖啡,1,28.0,美团
O03683,U0135,2025-11-23,生椰拿铁,咖啡,1,35.9,门店
O03684,U0135,2025-09-09,拿铁,咖啡,3,109.2,门店
O03685,U0135,2026-01-12,美式,咖啡,1,33.7,小程序
O03686,U0135,2026-04-27,烘焙早餐,烘焙,1,23.1,APP
O03687,U0135,2026-06-24,轻食沙拉,轻食,1,40.6,APP
O03688,U0135,2026-02-08,生椰拿铁,咖啡,1,45.4,小程序
O03689,U0135,2026-06-23,拿铁,咖啡,2,77.8,小程序
O03690,U0135,2026-03-05,美式,咖啡,2,44.2,饿了么
O03691,U0135,2026-06-15,冷萃,咖啡,1,41.2,APP
O03692,U0135,2025-11-02,拿铁,咖啡,1,34.5,APP
O03693,U0135,2025-09-07,生椰拿铁,咖啡,1,46.1,美团
O03694,U0135,2026-02-22,周边杯,周边,1,84.1,饿了么
O03695,U0135,2026-04-22,生椰拿铁,咖啡,2,90.8,小程序
O03696,U0135,2025-11-30,烘焙早餐,烘焙,2,65.4,门店
O03697,U0135,2025-11-28,冷萃,咖啡,3,98.4,APP
O03698,U0135,2026-04-06,轻食沙拉,轻食,1,41.1,小程序
O03699,U0135,2025-11-15,冷萃,咖啡,1,38.7,小程序
O03700,U0135,2026-01-12,冷萃,咖啡,2,99.4,饿了么
O03701,U0135,2025-11-07,拿铁,咖啡,1,43.4,门店
O03702,U0135,2025-11-25,美式,咖啡,1,31.3,APP
O03703,U0135,2025-12-09,冷萃,咖啡,1,44.6,饿了么
O03704,U0135,2025-11-30,拿铁,咖啡,2,68.0,小程序
O03705,U0135,2026-05-29,烘焙早餐,烘焙,2,72.4,门店
O03706,U0135,2026-06-20,拿铁,咖啡,2,70.8,饿了么
O03707,U0135,2026-04-15,美式,咖啡,1,29.0,饿了么
O03708,U0135,2025-10-15,轻食沙拉,轻食,1,36.8,美团
O03709,U0136,2026-02-14,轻食沙拉,轻食,1,38.8,饿了么
O03710,U0136,2026-01-14,轻食沙拉,轻食,3,78.0,门店
O03711,U0136,2026-03-04,冷萃,咖啡,2,83.2,饿了么
O03712,U0136,2026-02-27,拿铁,咖啡,1,37.3,APP
O03713,U0136,2026-05-13,烘焙早餐,烘焙,1,27.6,饿了么
O03714,U0136,2026-03-14,生椰拿铁,咖啡,1,47.3,小程序
O03715,U0136,2026-06-20,拿铁,咖啡,1,44.9,美团
O03716,U0136,2026-02-13,拿铁,咖啡,1,28.9,饿了么
O03717,U0136,2026-03-19,烘焙早餐,烘焙,2,41.0,APP
O03718,U0136,2026-02-06,轻食沙拉,轻食,1,43.9,小程序
O03719,U0136,2026-03-15,生椰拿铁,咖啡,1,38.8,APP
O03720,U0136,2026-02-05,轻食沙拉,轻食,2,84.4,小程序
O03721,U0136,2026-04-20,生椰拿铁,咖啡,2,80.8,小程序
O03722,U0136,2026-06-24,美式,咖啡,2,63.2,APP
O03723,U0136,2026-01-12,轻食沙拉,轻食,1,29.2,APP
O03724,U0136,2026-02-28,周边杯,周边,2,108.4,美团
O03725,U0136,2026-04-04,周边杯,周边,1,86.2,小程序
O03726,U0136,2026-03-06,生椰拿铁,咖啡,1,42.9,APP
O03727,U0136,2026-05-11,拿铁,咖啡,2,70.2,美团
O03728,U0136,2026-03-08,冷萃,咖啡,1,35.5,小程序
O03729,U0136,2026-04-01,轻食沙拉,轻食,1,40.9,美团
O03730,U0136,2026-04-29,冷萃,咖啡,2,76.8,小程序
O03731,U0136,2026-06-08,烘焙早餐,烘焙,2,45.0,小程序
O03732,U0136,2026-06-18,美式,咖啡,1,34.9,小程序
O03733,U0136,2026-05-03,生椰拿铁,咖啡,1,36.8,APP
O03734,U0136,2026-06-01,轻食沙拉,轻食,1,44.1,小程序
O03735,U0136,2026-03-11,美式,咖啡,2,65.8,门店
O03736,U0136,2026-01-20,烘焙早餐,烘焙,1,25.7,饿了么
O03737,U0136,2026-01-23,周边杯,周边,2,167.4,美团
O03738,U0136,2026-05-07,拿铁,咖啡,1,36.5,饿了么
O03739,U0136,2026-04-07,周边杯,周边,3,197.1,美团
O03740,U0136,2026-04-30,周边杯,周边,1,84.1,APP
O03741,U0136,2026-04-13,美式,咖啡,1,23.1,美团
O03742,U0137,2026-04-19,拿铁,咖啡,1,33.2,门店
O03743,U0137,2026-03-18,轻食沙拉,轻食,3,77.1,美团
O03744,U0137,2026-01-24,轻食沙拉,轻食,2,62.2,APP
O03745,U0137,2026-05-17,生椰拿铁,咖啡,1,30.2,美团
O03746,U0137,2026-01-09,冷萃,咖啡,2,70.8,美团
O03747,U0137,2025-12-23,冷萃,咖啡,1,47.9,门店
O03748,U0137,2025-12-30,生椰拿铁,咖啡,1,33.9,APP
O03749,U0137,2026-04-09,轻食沙拉,轻食,1,36.1,APP
O03750,U0137,2025-12-06,轻食沙拉,轻食,1,35.3,小程序
O03751,U0137,2026-06-25,烘焙早餐,烘焙,1,37.0,饿了么
O03752,U0137,2026-05-12,美式,咖啡,2,60.6,小程序
O03753,U0137,2026-04-28,生椰拿铁,咖啡,1,34.0,APP
O03754,U0137,2025-12-23,轻食沙拉,轻食,3,132.9,美团
O03755,U0137,2026-01-19,生椰拿铁,咖啡,1,42.0,APP
O03756,U0137,2026-02-08,美式,咖啡,1,25.4,小程序
O03757,U0137,2026-02-16,拿铁,咖啡,2,58.6,饿了么
O03758,U0137,2026-06-28,冷萃,咖啡,3,97.5,门店
O03759,U0137,2026-04-23,周边杯,周边,2,135.4,饿了么
O03760,U0137,2026-03-02,冷萃,咖啡,1,38.0,饿了么
O03761,U0137,2026-03-02,轻食沙拉,轻食,2,80.8,门店
O03762,U0137,2026-01-26,生椰拿铁,咖啡,1,47.4,饿了么
O03763,U0137,2026-06-14,周边杯,周边,1,59.8,饿了么
O03764,U0137,2026-06-30,冷萃,咖啡,1,49.3,APP
O03765,U0137,2026-03-08,美式,咖啡,1,23.0,门店
O03766,U0137,2025-10-27,烘焙早餐,烘焙,1,32.0,门店
O03767,U0137,2026-03-21,烘焙早餐,烘焙,1,19.8,美团
O03768,U0137,2025-12-28,生椰拿铁,咖啡,1,44.2,美团
O03769,U0137,2026-05-07,生椰拿铁,咖啡,1,45.2,APP
O03770,U0137,2025-10-22,冷萃,咖啡,1,47.7,APP
O03771,U0138,2026-06-30,烘焙早餐,烘焙,1,37.7,美团
O03772,U0138,2026-01-29,周边杯,周边,3,181.2,门店
O03773,U0138,2026-06-13,烘焙早餐,烘焙,1,29.7,APP
O03774,U0138,2026-04-14,周边杯,周边,2,107.4,门店
O03775,U0138,2026-02-21,轻食沙拉,轻食,1,41.2,美团
O03776,U0138,2026-02-23,轻食沙拉,轻食,1,40.4,小程序
O03777,U0138,2026-01-05,烘焙早餐,烘焙,2,61.8,美团
O03778,U0138,2026-05-13,周边杯,周边,1,63.3,小程序
O03779,U0138,2026-01-18,生椰拿铁,咖啡,1,43.1,饿了么
O03780,U0138,2026-03-10,生椰拿铁,咖啡,1,32.8,门店
O03781,U0138,2026-02-12,冷萃,咖啡,1,48.0,美团
O03782,U0138,2026-03-05,生椰拿铁,咖啡,1,45.2,美团
O03783,U0138,2026-01-10,拿铁,咖啡,1,36.5,APP
O03784,U0138,2026-06-12,周边杯,周边,1,76.1,美团
O03785,U0138,2026-03-26,轻食沙拉,轻食,1,41.4,美团
O03786,U0138,2026-04-26,冷萃,咖啡,1,34.4,门店
O03787,U0138,2026-04-12,美式,咖啡,1,24.5,门店
O03788,U0138,2026-01-13,轻食沙拉,轻食,2,83.0,门店
O03789,U0138,2026-02-06,周边杯,周边,1,66.6,小程序
O03790,U0138,2026-04-02,生椰拿铁,咖啡,1,41.7,小程序
O03791,U0138,2026-01-07,拿铁,咖啡,1,43.7,APP
O03792,U0138,2026-01-30,拿铁,咖啡,1,33.3,APP
O03793,U0138,2026-01-28,冷萃,咖啡,1,32.5,饿了么
O03794,U0138,2026-06-24,周边杯,周边,2,107.8,美团
O03795,U0138,2026-05-13,周边杯,周边,1,74.1,APP
O03796,U0138,2026-01-06,美式,咖啡,1,23.6,门店
O03797,U0138,2026-03-28,轻食沙拉,轻食,2,56.2,APP
O03798,U0138,2026-01-04,烘焙早餐,烘焙,1,30.9,美团
O03799,U0138,2026-03-02,生椰拿铁,咖啡,1,32.3,饿了么
O03800,U0139,2026-06-25,轻食沙拉,轻食,1,29.3,APP
O03801,U0139,2026-05-23,轻食沙拉,轻食,2,77.8,APP
O03802,U0139,2026-06-27,烘焙早餐,烘焙,1,21.8,饿了么
O03803,U0139,2026-05-25,拿铁,咖啡,2,65.8,APP
O03804,U0139,2026-06-05,美式,咖啡,1,23.7,小程序
O03805,U0139,2026-06-15,生椰拿铁,咖啡,1,47.5,小程序
O03806,U0139,2026-05-17,烘焙早餐,烘焙,1,37.5,APP
O03807,U0139,2026-06-07,烘焙早餐,烘焙,3,84.0,饿了么
O03808,U0139,2026-05-24,周边杯,周边,1,83.1,小程序
O03809,U0139,2026-05-14,冷萃,咖啡,1,34.2,门店
O03810,U0139,2026-06-24,周边杯,周边,3,261.3,APP
O03811,U0139,2026-06-18,轻食沙拉,轻食,3,108.6,小程序
O03812,U0139,2026-06-14,轻食沙拉,轻食,1,40.9,门店
O03813,U0139,2026-06-17,周边杯,周边,1,59.3,APP
O03814,U0139,2026-06-03,冷萃,咖啡,1,45.6,APP
O03815,U0139,2026-05-27,轻食沙拉,轻食,1,44.6,APP
O03816,U0139,2026-06-28,烘焙早餐,烘焙,1,18.3,饿了么
O03817,U0139,2026-06-01,生椰拿铁,咖啡,1,47.9,饿了么
O03818,U0139,2026-05-23,轻食沙拉,轻食,3,123.9,APP
O03819,U0139,2026-05-25,轻食沙拉,轻食,1,44.2,美团
O03820,U0139,2026-05-25,周边杯,周边,3,253.5,门店
O03821,U0139,2026-05-27,生椰拿铁,咖啡,2,83.6,APP
O03822,U0139,2026-06-23,周边杯,周边,2,155.8,APP
O03823,U0139,2026-05-18,周边杯,周边,1,74.9,门店
O03824,U0139,2026-06-08,轻食沙拉,轻食,1,40.9,APP
O03825,U0139,2026-05-14,冷萃,咖啡,1,44.0,饿了么
O03826,U0139,2026-06-02,周边杯,周边,1,53.9,APP
O03827,U0139,2026-05-14,轻食沙拉,轻食,2,52.8,APP
O03828,U0139,2026-06-08,轻食沙拉,轻食,2,52.2,美团
O03829,U0140,2026-05-22,轻食沙拉,轻食,1,32.3,门店
O03830,U0140,2026-05-23,拿铁,咖啡,1,34.1,小程序
O03831,U0140,2025-12-20,轻食沙拉,轻食,1,38.2,美团
O03832,U0140,2026-02-06,拿铁,咖啡,2,58.6,门店
O03833,U0140,2026-03-09,冷萃,咖啡,1,36.9,小程序
O03834,U0140,2026-04-02,烘焙早餐,烘焙,1,37.7,美团
O03835,U0140,2026-06-29,冷萃,咖啡,1,38.4,美团
O03836,U0140,2025-09-22,周边杯,周边,1,54.5,美团
O03837,U0140,2025-12-12,轻食沙拉,轻食,1,25.3,美团
O03838,U0140,2025-11-10,美式,咖啡,1,31.5,门店
O03839,U0140,2025-10-29,美式,咖啡,2,58.8,美团
O03840,U0140,2026-04-16,冷萃,咖啡,1,41.6,美团
O03841,U0140,2025-10-10,烘焙早餐,烘焙,1,37.1,小程序
O03842,U0140,2025-12-15,冷萃,咖啡,1,40.8,小程序
O03843,U0140,2025-12-25,美式,咖啡,1,27.7,小程序
O03844,U0140,2026-05-15,生椰拿铁,咖啡,3,127.5,饿了么
O03845,U0140,2026-05-23,轻食沙拉,轻食,1,35.9,APP
O03846,U0140,2026-02-27,美式,咖啡,1,23.5,美团
O03847,U0140,2026-03-09,生椰拿铁,咖啡,3,100.2,饿了么
O03848,U0140,2026-03-12,美式,咖啡,1,25.0,APP
O03849,U0140,2025-11-22,烘焙早餐,烘焙,2,38.8,门店
O03850,U0140,2026-05-28,周边杯,周边,3,192.3,饿了么
O03851,U0140,2026-05-13,周边杯,周边,1,85.9,小程序
O03852,U0140,2025-09-22,美式,咖啡,1,27.5,美团
O03853,U0140,2026-02-25,生椰拿铁,咖啡,2,79.6,美团
O03854,U0141,2025-12-12,烘焙早餐,烘焙,1,27.0,门店
O03855,U0141,2025-08-27,冷萃,咖啡,1,46.7,门店
O03856,U0141,2026-02-16,轻食沙拉,轻食,1,44.8,门店
O03857,U0141,2025-07-29,拿铁,咖啡,1,34.9,APP
O03858,U0141,2026-03-10,美式,咖啡,2,45.0,门店
O03859,U0141,2026-04-28,冷萃,咖啡,3,129.3,美团
O03860,U0141,2025-08-22,拿铁,咖啡,1,43.0,门店
O03861,U0141,2025-09-21,烘焙早餐,烘焙,1,31.9,APP
O03862,U0141,2025-08-07,轻食沙拉,轻食,1,32.4,小程序
O03863,U0141,2025-10-12,生椰拿铁,咖啡,1,36.3,APP
O03864,U0141,2026-03-06,冷萃,咖啡,1,44.1,APP
O03865,U0141,2025-08-22,周边杯,周边,1,61.6,饿了么
O03866,U0141,2026-05-26,周边杯,周边,1,71.4,门店
O03867,U0141,2026-05-22,冷萃,咖啡,1,38.3,美团
O03868,U0141,2025-11-16,生椰拿铁,咖啡,2,95.0,门店
O03869,U0141,2025-11-03,生椰拿铁,咖啡,2,85.6,门店
O03870,U0141,2026-05-22,拿铁,咖啡,2,69.4,饿了么
O03871,U0141,2025-11-15,周边杯,周边,2,146.6,门店
O03872,U0141,2025-12-01,烘焙早餐,烘焙,1,27.0,门店
O03873,U0141,2026-02-07,生椰拿铁,咖啡,2,60.6,饿了么
O03874,U0141,2025-10-08,美式,咖啡,1,24.9,饿了么
O03875,U0141,2026-02-13,美式,咖啡,1,29.9,APP
O03876,U0141,2026-05-03,轻食沙拉,轻食,1,41.4,饿了么
O03877,U0141,2026-05-07,周边杯,周边,1,86.4,APP
O03878,U0141,2025-09-04,拿铁,咖啡,2,90.0,美团
O03879,U0141,2025-09-17,拿铁,咖啡,1,39.8,美团
O03880,U0141,2025-08-04,冷萃,咖啡,2,75.8,饿了么
O03881,U0141,2026-01-07,美式,咖啡,2,51.4,美团
O03882,U0141,2026-01-18,生椰拿铁,咖啡,1,38.5,APP
O03883,U0141,2025-08-01,美式,咖啡,1,22.1,饿了么
O03884,U0142,2026-04-14,冷萃,咖啡,1,48.7,饿了么
O03885,U0142,2026-03-25,烘焙早餐,烘焙,1,19.1,门店
O03886,U0142,2026-02-23,美式,咖啡,1,32.1,美团
O03887,U0142,2026-04-22,周边杯,周边,1,64.7,饿了么
O03888,U0142,2026-05-07,美式,咖啡,1,26.3,美团
O03889,U0142,2026-01-27,烘焙早餐,烘焙,3,110.4,小程序
O03890,U0142,2026-06-22,烘焙早餐,烘焙,1,22.4,门店
O03891,U0142,2026-06-17,生椰拿铁,咖啡,1,33.4,美团
O03892,U0142,2026-05-06,美式,咖啡,1,23.1,饿了么
O03893,U0142,2026-06-16,生椰拿铁,咖啡,1,30.9,APP
O03894,U0142,2026-03-16,周边杯,周边,2,130.6,APP
O03895,U0142,2026-02-04,周边杯,周边,1,58.9,门店
O03896,U0142,2026-03-14,生椰拿铁,咖啡,1,37.3,小程序
O03897,U0142,2026-04-14,美式,咖啡,2,61.2,美团
O03898,U0142,2026-06-05,轻食沙拉,轻食,2,77.8,美团
O03899,U0142,2026-06-14,周边杯,周边,1,50.1,门店
O03900,U0142,2026-03-04,烘焙早餐,烘焙,1,35.2,饿了么
O03901,U0142,2026-02-08,美式,咖啡,1,33.5,美团
O03902,U0142,2026-05-19,生椰拿铁,咖啡,1,31.2,小程序
O03903,U0142,2026-04-14,美式,咖啡,1,32.9,APP
O03904,U0142,2026-06-13,周边杯,周边,1,80.7,小程序
O03905,U0142,2026-03-09,美式,咖啡,1,32.6,门店
O03906,U0142,2026-05-15,冷萃,咖啡,1,38.1,门店
O03907,U0142,2026-03-08,美式,咖啡,1,24.6,APP
O03908,U0142,2026-03-27,拿铁,咖啡,1,30.3,美团
O03909,U0142,2026-06-22,拿铁,咖啡,2,63.4,APP
O03910,U0142,2026-02-01,美式,咖啡,1,24.6,美团
O03911,U0142,2026-02-13,轻食沙拉,轻食,1,38.8,美团
O03912,U0142,2026-05-23,生椰拿铁,咖啡,1,46.8,美团
O03913,U0142,2026-03-04,周边杯,周边,1,68.1,门店
O03914,U0142,2026-03-31,轻食沙拉,轻食,1,26.1,门店
O03915,U0143,2025-10-18,拿铁,咖啡,1,44.0,APP
O03916,U0143,2026-01-30,周边杯,周边,1,68.5,APP
O03917,U0143,2026-02-05,轻食沙拉,轻食,2,86.8,小程序
O03918,U0143,2025-11-24,烘焙早餐,烘焙,1,23.9,饿了么
O03919,U0143,2025-09-28,拿铁,咖啡,1,35.7,APP
O03920,U0143,2025-11-26,生椰拿铁,咖啡,1,30.9,美团
O03921,U0143,2026-04-19,周边杯,周边,2,118.8,美团
O03922,U0143,2025-11-11,周边杯,周边,1,85.7,美团
O03923,U0143,2026-03-03,周边杯,周边,1,59.4,饿了么
O03924,U0143,2025-12-22,生椰拿铁,咖啡,1,30.9,饿了么
O03925,U0143,2026-01-14,烘焙早餐,烘焙,1,35.4,美团
O03926,U0143,2025-12-04,生椰拿铁,咖啡,2,78.2,APP
O03927,U0143,2025-12-08,生椰拿铁,咖啡,2,81.6,饿了么
O03928,U0143,2026-03-14,冷萃,咖啡,1,39.1,门店
O03929,U0143,2026-06-06,轻食沙拉,轻食,2,79.6,美团
O03930,U0143,2026-01-25,轻食沙拉,轻食,1,28.8,小程序
O03931,U0143,2025-12-24,拿铁,咖啡,1,30.2,小程序
O03932,U0143,2025-11-20,烘焙早餐,烘焙,1,27.2,APP
O03933,U0143,2026-03-16,轻食沙拉,轻食,2,72.2,饿了么
O03934,U0143,2025-10-15,轻食沙拉,轻食,3,129.9,小程序
O03935,U0143,2026-05-10,周边杯,周边,2,102.0,门店
O03936,U0143,2025-10-08,周边杯,周边,1,74.2,APP
O03937,U0143,2026-03-19,拿铁,咖啡,1,38.0,门店
O03938,U0143,2026-03-20,美式,咖啡,2,59.6,小程序
O03939,U0144,2025-09-10,美式,咖啡,2,48.6,美团
O03940,U0144,2025-11-27,美式,咖啡,1,24.9,APP
O03941,U0144,2025-07-30,生椰拿铁,咖啡,1,45.4,小程序
O03942,U0144,2026-01-28,美式,咖啡,1,26.9,门店
O03943,U0144,2026-05-18,轻食沙拉,轻食,3,98.1,APP
O03944,U0144,2025-07-20,轻食沙拉,轻食,1,35.8,门店
O03945,U0144,2025-12-17,生椰拿铁,咖啡,2,76.0,小程序
O03946,U0144,2025-12-23,烘焙早餐,烘焙,1,34.8,饿了么
O03947,U0144,2026-05-13,生椰拿铁,咖啡,1,30.2,APP
O03948,U0144,2025-07-25,周边杯,周边,1,64.0,饿了么
O03949,U0144,2026-01-14,拿铁,咖啡,2,76.8,APP
O03950,U0144,2026-03-06,冷萃,咖啡,2,73.2,APP
O03951,U0144,2026-02-08,冷萃,咖啡,1,43.4,饿了么
O03952,U0144,2025-12-29,冷萃,咖啡,1,36.2,美团
O03953,U0144,2026-03-19,生椰拿铁,咖啡,1,44.3,门店
O03954,U0144,2026-05-06,美式,咖啡,1,22.2,美团
O03955,U0144,2026-01-14,烘焙早餐,烘焙,2,39.4,APP
O03956,U0144,2025-08-03,轻食沙拉,轻食,2,64.8,APP
O03957,U0144,2025-10-05,烘焙早餐,烘焙,1,23.7,美团
O03958,U0144,2025-11-08,拿铁,咖啡,1,30.6,饿了么
O03959,U0144,2026-02-10,美式,咖啡,1,27.7,APP
O03960,U0144,2026-06-15,冷萃,咖啡,1,35.1,门店
O03961,U0144,2026-06-25,周边杯,周边,1,87.2,美团
O03962,U0144,2025-08-27,生椰拿铁,咖啡,1,41.9,小程序
O03963,U0144,2026-06-15,轻食沙拉,轻食,1,36.0,APP
O03964,U0144,2025-09-12,美式,咖啡,2,61.0,小程序
O03965,U0144,2025-08-11,生椰拿铁,咖啡,2,80.6,APP
O03966,U0144,2025-10-08,拿铁,咖啡,1,41.9,APP
O03967,U0144,2025-09-06,周边杯,周边,1,55.9,门店
O03968,U0144,2026-04-07,轻食沙拉,轻食,1,43.2,门店
O03969,U0144,2026-04-21,美式,咖啡,1,33.3,饿了么
O03970,U0144,2026-04-01,冷萃,咖啡,1,37.4,饿了么
O03971,U0144,2025-09-14,烘焙早餐,烘焙,1,24.5,小程序
O03972,U0145,2026-03-18,生椰拿铁,咖啡,2,87.0,小程序
O03973,U0145,2025-11-01,周边杯,周边,1,64.5,饿了么
O03974,U0145,2026-06-22,冷萃,咖啡,1,43.5,门店
O03975,U0145,2026-03-27,周边杯,周边,1,78.5,美团
O03976,U0145,2026-03-04,周边杯,周边,1,65.0,小程序
O03977,U0145,2026-05-21,轻食沙拉,轻食,1,27.6,APP
O03978,U0145,2025-12-07,烘焙早餐,烘焙,2,41.6,APP
O03979,U0145,2026-01-10,拿铁,咖啡,1,31.3,小程序
O03980,U0145,2025-11-03,生椰拿铁,咖啡,1,32.9,APP
O03981,U0145,2025-12-07,生椰拿铁,咖啡,2,86.4,饿了么
O03982,U0145,2025-12-07,拿铁,咖啡,1,36.0,APP
O03983,U0145,2026-05-07,烘焙早餐,烘焙,3,90.6,门店
O03984,U0145,2025-11-29,轻食沙拉,轻食,1,28.2,小程序
O03985,U0145,2025-10-21,拿铁,咖啡,1,31.7,美团
O03986,U0145,2025-10-21,轻食沙拉,轻食,1,38.8,小程序
O03987,U0145,2025-11-11,拿铁,咖啡,1,33.9,APP
O03988,U0145,2026-04-01,美式,咖啡,1,29.1,小程序
O03989,U0145,2025-10-12,生椰拿铁,咖啡,1,41.4,APP
O03990,U0145,2026-02-26,美式,咖啡,2,67.0,饿了么
O03991,U0145,2025-10-11,生椰拿铁,咖啡,1,40.0,美团
O03992,U0145,2026-01-06,轻食沙拉,轻食,2,81.2,小程序
O03993,U0145,2025-11-10,冷萃,咖啡,1,39.2,APP
O03994,U0145,2026-06-02,周边杯,周边,1,66.4,APP
O03995,U0145,2026-01-09,周边杯,周边,2,142.4,饿了么
O03996,U0145,2026-04-26,轻食沙拉,轻食,3,122.4,APP
O03997,U0145,2026-06-15,冷萃,咖啡,1,48.2,门店
O03998,U0145,2025-12-08,轻食沙拉,轻食,2,88.6,美团
O03999,U0145,2026-01-09,冷萃,咖啡,1,40.2,饿了么
O04000,U0145,2026-03-16,周边杯,周边,3,159.9,APP
O04001,U0145,2025-12-29,轻食沙拉,轻食,1,35.1,APP
O04002,U0146,2025-12-29,轻食沙拉,轻食,1,35.8,APP
O04003,U0146,2026-03-03,美式,咖啡,1,28.0,小程序
O04004,U0146,2026-04-18,冷萃,咖啡,2,75.8,小程序
O04005,U0146,2026-03-17,冷萃,咖啡,1,40.9,小程序
O04006,U0146,2026-03-22,周边杯,周边,1,74.2,饿了么
O04007,U0146,2026-01-15,拿铁,咖啡,2,77.6,饿了么
O04008,U0146,2025-12-29,周边杯,周边,1,75.2,小程序
O04009,U0146,2026-05-12,美式,咖啡,1,28.1,美团
O04010,U0146,2026-01-02,冷萃,咖啡,1,48.5,门店
O04011,U0146,2026-05-04,冷萃,咖啡,1,42.4,APP
O04012,U0146,2026-04-21,轻食沙拉,轻食,1,31.0,APP
O04013,U0146,2026-06-10,轻食沙拉,轻食,2,50.6,APP
O04014,U0146,2026-06-01,冷萃,咖啡,1,38.8,美团
O04015,U0146,2026-04-19,冷萃,咖啡,1,45.7,门店
O04016,U0146,2026-04-30,周边杯,周边,1,52.8,APP
O04017,U0146,2026-02-20,烘焙早餐,烘焙,1,28.1,APP
O04018,U0146,2026-03-01,生椰拿铁,咖啡,1,34.0,美团
O04019,U0146,2026-05-13,轻食沙拉,轻食,1,25.2,门店
O04020,U0146,2026-01-07,烘焙早餐,烘焙,1,35.2,门店
O04021,U0146,2026-05-13,冷萃,咖啡,1,34.6,美团
O04022,U0146,2026-05-04,生椰拿铁,咖啡,1,31.1,饿了么
O04023,U0146,2026-03-15,冷萃,咖啡,1,32.4,饿了么
O04024,U0147,2025-12-17,轻食沙拉,轻食,1,38.6,门店
O04025,U0147,2026-06-29,烘焙早餐,烘焙,1,35.0,门店
O04026,U0147,2025-08-20,烘焙早餐,烘焙,1,21.9,饿了么
O04027,U0147,2025-12-14,拿铁,咖啡,1,35.0,美团
O04028,U0147,2026-04-04,轻食沙拉,轻食,1,31.9,饿了么
O04029,U0147,2026-04-13,周边杯,周边,3,210.9,门店
O04030,U0147,2026-05-08,烘焙早餐,烘焙,1,18.6,小程序
O04031,U0147,2026-05-18,美式,咖啡,1,30.6,美团
O04032,U0147,2025-07-18,生椰拿铁,咖啡,1,47.4,小程序
O04033,U0147,2025-10-04,冷萃,咖啡,1,34.5,美团
O04034,U0147,2026-02-02,生椰拿铁,咖啡,2,80.0,小程序
O04035,U0147,2026-04-17,美式,咖啡,2,51.0,门店
O04036,U0147,2026-04-05,拿铁,咖啡,1,41.1,饿了么
O04037,U0147,2026-05-02,烘焙早餐,烘焙,1,21.8,小程序
O04038,U0147,2025-12-28,冷萃,咖啡,2,75.0,饿了么
O04039,U0147,2025-11-11,烘焙早餐,烘焙,1,29.9,小程序
O04040,U0147,2026-04-22,生椰拿铁,咖啡,2,75.0,小程序
O04041,U0147,2025-09-27,冷萃,咖啡,2,92.4,小程序
O04042,U0147,2025-07-13,美式,咖啡,1,22.6,美团
O04043,U0147,2026-06-25,冷萃,咖啡,2,67.6,饿了么
O04044,U0147,2026-01-11,轻食沙拉,轻食,2,58.2,门店
O04045,U0147,2026-01-27,生椰拿铁,咖啡,1,31.7,饿了么
O04046,U0147,2025-10-19,周边杯,周边,1,66.5,门店
O04047,U0147,2026-02-19,冷萃,咖啡,1,42.3,美团
O04048,U0147,2025-07-22,轻食沙拉,轻食,1,27.4,美团
O04049,U0147,2026-06-07,周边杯,周边,1,50.4,APP
O04050,U0147,2026-02-16,生椰拿铁,咖啡,1,46.0,APP
O04051,U0147,2025-11-28,生椰拿铁,咖啡,3,106.5,APP
O04052,U0147,2026-05-16,烘焙早餐,烘焙,1,36.8,门店
O04053,U0147,2026-06-18,生椰拿铁,咖啡,1,47.2,美团
O04054,U0147,2026-01-20,美式,咖啡,1,25.9,APP
O04055,U0147,2025-09-15,拿铁,咖啡,1,33.5,饿了么
O04056,U0148,2026-04-17,美式,咖啡,1,26.1,APP
O04057,U0148,2026-02-01,周边杯,周边,1,56.2,门店
O04058,U0148,2026-02-14,美式,咖啡,1,34.1,门店
O04059,U0148,2026-04-07,周边杯,周边,1,50.2,美团
O04060,U0148,2026-03-25,生椰拿铁,咖啡,1,39.7,门店
O04061,U0148,2026-03-21,烘焙早餐,烘焙,1,22.5,APP
O04062,U0148,2026-01-09,周边杯,周边,1,82.0,APP
O04063,U0148,2026-03-06,拿铁,咖啡,1,36.3,APP
O04064,U0148,2026-02-27,生椰拿铁,咖啡,1,43.1,APP
O04065,U0148,2026-06-13,周边杯,周边,1,83.5,小程序
O04066,U0148,2026-06-23,美式,咖啡,1,27.1,小程序
O04067,U0148,2026-01-02,轻食沙拉,轻食,1,40.6,APP
O04068,U0148,2026-05-27,冷萃,咖啡,1,40.9,门店
O04069,U0148,2026-05-02,轻食沙拉,轻食,1,35.9,门店
O04070,U0148,2026-05-07,生椰拿铁,咖啡,1,42.8,门店
O04071,U0148,2026-01-28,美式,咖啡,1,29.6,门店
O04072,U0148,2026-01-20,轻食沙拉,轻食,1,42.2,小程序
O04073,U0148,2026-04-23,生椰拿铁,咖啡,1,38.8,美团
O04074,U0148,2026-01-02,拿铁,咖啡,1,33.7,小程序
O04075,U0148,2026-03-18,生椰拿铁,咖啡,1,40.8,美团
O04076,U0148,2026-03-04,生椰拿铁,咖啡,2,77.0,APP
O04077,U0148,2026-03-17,周边杯,周边,1,54.6,饿了么
O04078,U0148,2026-06-21,轻食沙拉,轻食,1,42.1,美团
O04079,U0148,2026-01-15,生椰拿铁,咖啡,2,81.0,饿了么
O04080,U0148,2026-04-12,美式,咖啡,2,50.8,饿了么
O04081,U0148,2026-02-06,拿铁,咖啡,1,33.7,饿了么
O04082,U0148,2025-12-23,美式,咖啡,1,24.5,美团
O04083,U0148,2026-01-06,周边杯,周边,1,80.5,APP
O04084,U0148,2026-05-29,烘焙早餐,烘焙,3,109.2,美团
O04085,U0148,2025-12-25,烘焙早餐,烘焙,1,27.5,APP
O04086,U0148,2026-05-07,拿铁,咖啡,1,34.0,饿了么
O04087,U0149,2026-01-09,拿铁,咖啡,1,32.8,APP
O04088,U0149,2026-02-08,轻食沙拉,轻食,1,26.3,美团
O04089,U0149,2026-05-16,生椰拿铁,咖啡,2,74.8,APP
O04090,U0149,2026-02-11,轻食沙拉,轻食,2,59.0,饿了么
O04091,U0149,2025-12-02,拿铁,咖啡,2,73.4,门店
O04092,U0149,2026-03-08,轻食沙拉,轻食,1,34.6,美团
O04093,U0149,2026-03-27,拿铁,咖啡,1,40.5,美团
O04094,U0149,2025-12-31,烘焙早餐,烘焙,1,34.2,小程序
O04095,U0149,2026-02-07,美式,咖啡,1,24.7,饿了么
O04096,U0149,2026-04-23,烘焙早餐,烘焙,1,23.1,美团
O04097,U0149,2026-01-26,生椰拿铁,咖啡,1,30.9,饿了么
O04098,U0149,2026-06-10,拿铁,咖啡,1,39.7,饿了么
O04099,U0149,2026-04-21,烘焙早餐,烘焙,1,24.8,小程序
O04100,U0149,2026-04-05,美式,咖啡,1,32.8,门店
O04101,U0149,2025-12-31,拿铁,咖啡,1,40.0,美团
O04102,U0149,2026-05-08,烘焙早餐,烘焙,1,23.8,门店
O04103,U0149,2026-02-27,生椰拿铁,咖啡,1,43.3,饿了么
O04104,U0149,2026-02-04,烘焙早餐,烘焙,2,66.0,饿了么
O04105,U0149,2026-05-24,冷萃,咖啡,1,42.5,饿了么
O04106,U0149,2026-02-22,周边杯,周边,1,80.0,饿了么
O04107,U0149,2026-02-17,周边杯,周边,2,139.6,小程序
O04108,U0149,2026-06-23,烘焙早餐,烘焙,1,19.0,美团
O04109,U0149,2026-05-29,烘焙早餐,烘焙,1,27.3,小程序
O04110,U0149,2026-06-17,美式,咖啡,1,25.9,饿了么
O04111,U0149,2026-06-28,冷萃,咖啡,1,48.2,门店
O04112,U0149,2026-05-31,烘焙早餐,烘焙,2,57.2,门店
O04113,U0149,2026-02-12,周边杯,周边,1,53.0,APP
O04114,U0149,2026-03-08,冷萃,咖啡,1,45.7,美团
O04115,U0149,2026-04-02,拿铁,咖啡,2,58.8,小程序
O04116,U0149,2026-01-12,烘焙早餐,烘焙,2,56.2,饿了么
O04117,U0149,2025-12-19,周边杯,周边,1,52.3,美团
O04118,U0149,2026-06-21,烘焙早餐,烘焙,2,39.2,门店
O04119,U0149,2026-04-16,拿铁,咖啡,1,43.1,饿了么
O04120,U0150,2026-02-16,冷萃,咖啡,1,40.4,门店
O04121,U0150,2026-02-27,烘焙早餐,烘焙,2,70.4,饿了么
O04122,U0150,2026-03-15,美式,咖啡,1,32.7,门店
O04123,U0150,2026-05-30,烘焙早餐,烘焙,2,66.0,美团
O04124,U0150,2026-01-24,周边杯,周边,1,82.4,APP
O04125,U0150,2026-05-02,拿铁,咖啡,1,40.7,饿了么
O04126,U0150,2026-03-23,周边杯,周边,1,72.4,饿了么
O04127,U0150,2026-02-22,周边杯,周边,1,71.9,APP
O04128,U0150,2026-04-11,生椰拿铁,咖啡,2,64.4,小程序
O04129,U0150,2026-06-16,拿铁,咖啡,1,39.7,饿了么
O04130,U0150,2026-02-15,周边杯,周边,1,69.1,门店
O04131,U0150,2026-04-14,拿铁,咖啡,1,42.9,美团
O04132,U0150,2026-03-14,冷萃,咖啡,1,33.3,饿了么
O04133,U0150,2026-05-28,美式,咖啡,1,26.9,美团
O04134,U0150,2026-02-10,美式,咖啡,1,31.0,饿了么
O04135,U0150,2026-05-03,烘焙早餐,烘焙,1,22.9,饿了么
O04136,U0150,2026-02-05,轻食沙拉,轻食,1,25.1,门店
O04137,U0150,2026-05-11,拿铁,咖啡,3,102.6,美团
O04138,U0150,2026-03-25,拿铁,咖啡,2,78.2,美团
O04139,U0150,2026-03-23,烘焙早餐,烘焙,1,27.7,门店
O04140,U0150,2026-02-19,拿铁,咖啡,1,34.5,饿了么
O04141,U0150,2026-01-31,轻食沙拉,轻食,1,27.7,APP
O04142,U0150,2026-05-21,冷萃,咖啡,1,35.3,APP
O04143,U0151,2026-05-15,冷萃,咖啡,1,49.9,美团
O04144,U0151,2025-07-17,生椰拿铁,咖啡,1,46.5,饿了么
O04145,U0151,2025-08-26,冷萃,咖啡,1,46.5,美团
O04146,U0151,2025-08-23,拿铁,咖啡,1,43.2,美团
O04147,U0151,2025-12-27,轻食沙拉,轻食,1,42.8,门店
O04148,U0151,2026-02-09,周边杯,周边,3,178.8,小程序
O04149,U0151,2025-08-03,美式,咖啡,1,30.7,APP
O04150,U0151,2026-03-23,美式,咖啡,1,22.1,美团
O04151,U0151,2025-10-29,冷萃,咖啡,2,68.8,小程序
O04152,U0151,2025-11-26,轻食沙拉,轻食,1,30.2,小程序
O04153,U0151,2026-04-11,周边杯,周边,1,72.2,APP
O04154,U0151,2025-07-26,烘焙早餐,烘焙,2,52.4,美团
O04155,U0151,2026-03-25,冷萃,咖啡,2,73.4,饿了么
O04156,U0151,2026-05-31,轻食沙拉,轻食,1,43.4,APP
O04157,U0152,2026-02-19,烘焙早餐,烘焙,2,56.4,门店
O04158,U0152,2026-03-28,拿铁,咖啡,1,42.5,门店
O04159,U0152,2026-05-20,美式,咖啡,1,33.0,门店
O04160,U0152,2026-01-08,拿铁,咖啡,1,38.9,饿了么
O04161,U0152,2025-11-30,周边杯,周边,1,53.2,门店
O04162,U0152,2025-10-17,美式,咖啡,1,26.0,饿了么
O04163,U0152,2026-06-24,拿铁,咖啡,1,36.6,美团
O04164,U0152,2026-05-14,轻食沙拉,轻食,3,119.7,APP
O04165,U0152,2026-01-27,美式,咖啡,2,54.6,美团
O04166,U0152,2025-10-07,周边杯,周边,1,59.0,小程序
O04167,U0152,2025-10-06,烘焙早餐,烘焙,2,72.6,门店
O04168,U0152,2026-01-06,烘焙早餐,烘焙,2,69.0,小程序
O04169,U0152,2026-01-03,烘焙早餐,烘焙,1,20.6,门店
O04170,U0152,2025-12-24,拿铁,咖啡,1,43.7,APP
O04171,U0153,2025-09-01,烘焙早餐,烘焙,1,18.7,美团
O04172,U0153,2026-03-13,美式,咖啡,2,44.2,小程序
O04173,U0153,2025-07-30,拿铁,咖啡,1,40.0,饿了么
O04174,U0153,2025-12-06,拿铁,咖啡,1,37.6,门店
O04175,U0153,2025-11-19,周边杯,周边,1,71.0,饿了么
O04176,U0153,2026-03-24,轻食沙拉,轻食,1,37.3,APP
O04177,U0153,2025-10-01,周边杯,周边,3,180.3,小程序
O04178,U0153,2026-05-16,轻食沙拉,轻食,1,39.7,美团
O04179,U0153,2025-11-27,周边杯,周边,1,86.3,APP
O04180,U0154,2026-05-14,拿铁,咖啡,2,89.8,APP
O04181,U0154,2026-03-27,生椰拿铁,咖啡,2,60.6,APP
O04182,U0154,2026-03-24,冷萃,咖啡,1,33.8,饿了么
O04183,U0154,2026-02-21,拿铁,咖啡,1,31.3,美团
O04184,U0154,2026-03-05,轻食沙拉,轻食,1,32.6,小程序
O04185,U0154,2026-03-18,烘焙早餐,烘焙,1,26.0,APP
O04186,U0154,2026-02-22,美式,咖啡,1,32.1,门店
O04187,U0154,2026-04-09,冷萃,咖啡,1,48.1,APP
O04188,U0155,2026-05-12,美式,咖啡,1,27.3,小程序
O04189,U0155,2026-02-11,生椰拿铁,咖啡,1,38.4,小程序
O04190,U0155,2026-02-24,拿铁,咖啡,1,36.4,饿了么
O04191,U0155,2026-02-12,拿铁,咖啡,1,41.6,美团
O04192,U0155,2026-03-03,美式,咖啡,1,31.8,美团
O04193,U0155,2026-03-24,美式,咖啡,1,23.2,美团
O04194,U0155,2026-02-19,轻食沙拉,轻食,2,70.4,美团
O04195,U0156,2025-11-09,美式,咖啡,2,47.2,门店
O04196,U0156,2026-02-06,周边杯,周边,2,171.8,美团
O04197,U0156,2025-10-25,冷萃,咖啡,1,34.0,小程序
O04198,U0156,2026-04-28,周边杯,周边,1,49.3,APP
O04199,U0156,2026-03-25,拿铁,咖啡,1,44.7,APP
O04200,U0156,2026-01-30,生椰拿铁,咖啡,2,90.8,APP
O04201,U0156,2025-12-01,生椰拿铁,咖啡,1,32.6,小程序
O04202,U0156,2025-11-10,生椰拿铁,咖啡,2,66.6,门店
O04203,U0156,2025-10-10,美式,咖啡,2,68.8,小程序
O04204,U0156,2026-06-23,生椰拿铁,咖啡,2,71.0,美团
O04205,U0156,2025-11-29,冷萃,咖啡,1,43.1,APP
O04206,U0156,2026-04-01,轻食沙拉,轻食,1,37.5,APP
O04207,U0156,2025-11-03,冷萃,咖啡,1,39.4,饿了么
O04208,U0157,2025-10-18,轻食沙拉,轻食,2,55.4,门店
O04209,U0157,2026-04-03,拿铁,咖啡,1,34.5,小程序
O04210,U0157,2025-12-01,生椰拿铁,咖啡,1,47.2,小程序
O04211,U0157,2026-01-01,周边杯,周边,2,132.4,门店
O04212,U0157,2026-05-05,生椰拿铁,咖啡,1,38.6,饿了么
O04213,U0157,2026-05-09,美式,咖啡,1,24.8,小程序
O04214,U0157,2025-10-10,烘焙早餐,烘焙,1,28.5,门店
O04215,U0157,2025-10-18,烘焙早餐,烘焙,1,33.0,饿了么
O04216,U0157,2025-11-20,烘焙早餐,烘焙,1,20.2,门店
O04217,U0157,2025-12-11,拿铁,咖啡,1,35.4,美团
O04218,U0158,2026-06-28,冷萃,咖啡,2,85.8,APP
O04219,U0158,2026-06-28,周边杯,周边,1,62.0,饿了么
O04220,U0158,2026-06-29,烘焙早餐,烘焙,1,26.7,小程序
O04221,U0158,2026-06-30,美式,咖啡,1,23.5,饿了么
O04222,U0158,2026-06-29,生椰拿铁,咖啡,1,34.9,小程序
O04223,U0158,2026-06-28,拿铁,咖啡,1,45.0,美团
O04224,U0158,2026-06-30,轻食沙拉,轻食,1,28.0,门店
O04225,U0158,2026-06-28,美式,咖啡,1,31.9,小程序
O04226,U0158,2026-06-28,烘焙早餐,烘焙,1,28.4,门店
O04227,U0158,2026-06-30,轻食沙拉,轻食,1,44.9,饿了么
O04228,U0158,2026-06-28,烘焙早餐,烘焙,1,18.1,饿了么
O04229,U0158,2026-06-30,拿铁,咖啡,1,30.1,小程序
O04230,U0158,2026-06-28,烘焙早餐,烘焙,2,74.2,美团
O04231,U0158,2026-06-30,周边杯,周边,1,78.7,APP
O04232,U0159,2026-06-19,冷萃,咖啡,1,35.6,饿了么
O04233,U0159,2026-06-18,烘焙早餐,烘焙,1,36.9,美团
O04234,U0159,2026-06-26,轻食沙拉,轻食,1,37.4,饿了么
O04235,U0159,2026-06-25,生椰拿铁,咖啡,3,106.2,小程序
O04236,U0159,2026-06-02,冷萃,咖啡,1,40.6,APP
O04237,U0159,2026-03-29,拿铁,咖啡,1,28.4,饿了么
O04238,U0159,2026-05-28,生椰拿铁,咖啡,1,42.3,小程序
O04239,U0159,2026-04-05,轻食沙拉,轻食,3,125.1,小程序
O04240,U0160,2026-05-16,拿铁,咖啡,1,33.4,饿了么
O04241,U0160,2026-06-17,生椰拿铁,咖啡,1,42.5,APP
O04242,U0160,2026-05-29,周边杯,周边,3,184.2,APP
O04243,U0160,2026-06-14,生椰拿铁,咖啡,1,44.5,小程序
O04244,U0160,2026-04-05,美式,咖啡,1,26.2,美团
O04245,U0160,2026-04-18,拿铁,咖啡,1,35.6,饿了么
O04246,U0160,2026-06-07,烘焙早餐,烘焙,1,23.0,门店
O04247,U0161,2026-06-19,冷萃,咖啡,1,34.7,小程序
O04248,U0161,2026-06-23,美式,咖啡,1,25.5,小程序
O04249,U0161,2026-06-10,轻食沙拉,轻食,2,80.8,饿了么
O04250,U0161,2026-06-10,美式,咖啡,1,30.5,饿了么
O04251,U0161,2026-06-30,生椰拿铁,咖啡,1,47.4,美团
O04252,U0161,2026-06-10,拿铁,咖啡,1,37.0,小程序
O04253,U0161,2026-06-21,生椰拿铁,咖啡,2,84.8,美团
O04254,U0161,2026-06-13,周边杯,周边,1,85.5,APP
O04255,U0161,2026-06-19,生椰拿铁,咖啡,2,65.8,门店
O04256,U0161,2026-06-20,拿铁,咖啡,1,28.1,饿了么
O04257,U0161,2026-06-09,周边杯,周边,1,71.4,门店
O04258,U0161,2026-06-09,烘焙早餐,烘焙,1,20.3,小程序
O04259,U0162,2026-06-27,轻食沙拉,轻食,1,44.5,小程序
O04260,U0162,2026-02-19,轻食沙拉,轻食,1,42.3,小程序
O04261,U0162,2025-12-23,冷萃,咖啡,1,42.8,门店
O04262,U0162,2026-03-27,冷萃,咖啡,1,32.4,饿了么
O04263,U0162,2026-02-08,烘焙早餐,烘焙,1,20.9,小程序
O04264,U0162,2026-06-11,轻食沙拉,轻食,1,43.1,APP
O04265,U0162,2026-05-02,轻食沙拉,轻食,1,44.8,小程序
O04266,U0162,2026-03-07,拿铁,咖啡,1,30.1,门店
O04267,U0163,2026-06-16,生椰拿铁,咖啡,2,60.4,美团
O04268,U0163,2026-06-21,生椰拿铁,咖啡,2,68.0,门店
O04269,U0163,2026-04-25,冷萃,咖啡,3,135.3,门店
O04270,U0163,2026-06-08,美式,咖啡,3,100.8,美团
O04271,U0163,2026-04-14,周边杯,周边,1,74.4,小程序
O04272,U0163,2026-03-30,烘焙早餐,烘焙,1,19.8,门店
O04273,U0163,2026-05-19,轻食沙拉,轻食,1,39.9,APP
O04274,U0163,2026-06-18,生椰拿铁,咖啡,1,38.9,APP
O04275,U0163,2026-04-30,烘焙早餐,烘焙,1,37.2,美团
O04276,U0163,2026-05-24,美式,咖啡,1,24.1,小程序
O04277,U0163,2026-06-20,轻食沙拉,轻食,1,27.5,APP
O04278,U0163,2026-05-06,冷萃,咖啡,1,49.8,美团
O04279,U0163,2026-06-15,周边杯,周边,1,64.5,美团
O04280,U0163,2026-04-05,周边杯,周边,3,162.6,饿了么
O04281,U0164,2026-03-29,周边杯,周边,1,70.8,门店
O04282,U0164,2026-05-23,生椰拿铁,咖啡,2,77.0,APP
O04283,U0164,2026-05-12,拿铁,咖啡,1,38.9,小程序
O04284,U0164,2026-03-30,拿铁,咖啡,1,41.7,饿了么
O04285,U0164,2026-04-17,生椰拿铁,咖啡,1,47.5,门店
O04286,U0164,2026-02-22,周边杯,周边,1,57.4,美团
O04287,U0164,2026-06-22,周边杯,周边,1,64.1,小程序
O04288,U0164,2026-01-22,拿铁,咖啡,1,33.7,门店
O04289,U0164,2026-05-18,轻食沙拉,轻食,1,40.0,门店
O04290,U0164,2026-05-11,周边杯,周边,3,167.7,门店
O04291,U0164,2026-02-25,轻食沙拉,轻食,2,82.8,小程序
O04292,U0164,2026-06-04,轻食沙拉,轻食,2,74.4,饿了么
O04293,U0164,2026-05-04,拿铁,咖啡,1,37.0,小程序
O04294,U0165,2026-05-09,生椰拿铁,咖啡,1,34.1,门店
O04295,U0165,2026-06-13,周边杯,周边,2,167.2,小程序
O04296,U0165,2026-06-16,烘焙早餐,烘焙,2,47.0,饿了么
O04297,U0165,2026-04-12,冷萃,咖啡,2,78.6,小程序
O04298,U0165,2026-05-24,周边杯,周边,1,52.9,小程序
O04299,U0165,2026-05-03,拿铁,咖啡,2,61.4,门店
O04300,U0165,2026-05-05,轻食沙拉,轻食,1,40.0,APP
O04301,U0165,2026-05-11,周边杯,周边,2,100.4,小程序
O04302,U0165,2026-05-19,烘焙早餐,烘焙,1,32.9,小程序
O04303,U0165,2026-05-10,冷萃,咖啡,2,69.2,饿了么
O04304,U0165,2026-05-29,拿铁,咖啡,1,44.8,小程序
O04305,U0165,2026-05-05,拿铁,咖啡,1,38.1,饿了么
O04306,U0166,2026-02-21,拿铁,咖啡,1,41.7,小程序
O04307,U0166,2026-03-26,生椰拿铁,咖啡,1,46.5,小程序
O04308,U0166,2026-04-03,拿铁,咖啡,1,40.8,小程序
O04309,U0166,2026-05-31,周边杯,周边,1,75.1,小程序
O04310,U0166,2026-05-11,美式,咖啡,2,63.8,饿了么
O04311,U0166,2026-02-14,轻食沙拉,轻食,1,35.1,门店
O04312,U0167,2026-06-14,生椰拿铁,咖啡,2,91.2,小程序
O04313,U0167,2026-05-16,美式,咖啡,1,34.5,门店
O04314,U0167,2026-06-14,美式,咖啡,1,31.2,APP
O04315,U0167,2026-06-16,烘焙早餐,烘焙,2,63.0,饿了么
O04316,U0167,2026-06-28,拿铁,咖啡,2,72.0,饿了么
O04317,U0167,2026-06-29,拿铁,咖啡,1,40.2,美团
O04318,U0167,2026-05-18,冷萃,咖啡,1,32.5,小程序
O04319,U0167,2026-06-30,烘焙早餐,烘焙,2,54.8,APP
O04320,U0167,2026-05-24,轻食沙拉,轻食,2,73.8,美团
O04321,U0167,2026-05-28,冷萃,咖啡,1,40.8,APP
O04322,U0167,2026-06-12,生椰拿铁,咖啡,1,45.1,美团
O04323,U0167,2026-06-16,周边杯,周边,2,106.4,APP
O04324,U0167,2026-05-30,烘焙早餐,烘焙,2,36.6,饿了么
O04325,U0168,2026-04-24,冷萃,咖啡,1,47.6,小程序
O04326,U0168,2026-03-08,轻食沙拉,轻食,2,60.2,APP
O04327,U0168,2026-02-27,美式,咖啡,3,100.2,APP
O04328,U0168,2026-02-24,冷萃,咖啡,2,85.0,美团
O04329,U0168,2026-06-27,轻食沙拉,轻食,1,40.3,美团
O04330,U0168,2026-03-31,冷萃,咖啡,1,44.0,美团
O04331,U0168,2026-04-25,拿铁,咖啡,1,35.4,APP
O04332,U0168,2026-06-20,周边杯,周边,2,176.6,APP
O04333,U0168,2026-02-15,生椰拿铁,咖啡,1,31.0,美团
O04334,U0168,2026-04-10,周边杯,周边,1,54.8,美团
O04335,U0168,2026-01-26,美式,咖啡,1,24.6,饿了么
O04336,U0169,2026-06-21,美式,咖啡,1,25.7,小程序
O04337,U0169,2026-05-10,烘焙早餐,烘焙,1,35.3,门店
O04338,U0169,2026-04-20,周边杯,周边,1,60.7,小程序
O04339,U0169,2025-12-05,生椰拿铁,咖啡,2,92.8,饿了么
O04340,U0169,2026-06-28,周边杯,周边,1,52.0,APP
O04341,U0169,2025-12-14,美式,咖啡,2,46.6,美团
O04342,U0169,2026-04-03,轻食沙拉,轻食,2,64.6,饿了么
O04343,U0169,2026-03-12,轻食沙拉,轻食,2,61.6,APP
O04344,U0169,2026-01-31,轻食沙拉,轻食,1,42.4,门店
O04345,U0169,2026-01-31,生椰拿铁,咖啡,1,39.9,门店
O04346,U0170,2026-03-08,周边杯,周边,1,60.0,门店
O04347,U0170,2026-03-17,冷萃,咖啡,2,82.2,美团
O04348,U0170,2026-03-09,生椰拿铁,咖啡,1,38.5,门店
O04349,U0170,2026-03-06,美式,咖啡,1,29.1,美团
O04350,U0170,2026-06-12,生椰拿铁,咖啡,1,44.5,饿了么
O04351,U0170,2026-05-12,周边杯,周边,1,71.5,门店
O04352,U0171,2026-06-09,美式,咖啡,2,53.8,小程序
O04353,U0171,2026-06-25,轻食沙拉,轻食,1,41.2,APP
O04354,U0171,2026-06-24,冷萃,咖啡,1,32.3,门店
O04355,U0171,2026-06-14,周边杯,周边,3,235.5,门店
O04356,U0171,2026-06-14,周边杯,周边,1,67.5,门店
O04357,U0171,2026-06-03,冷萃,咖啡,1,33.8,小程序
O04358,U0171,2026-06-27,烘焙早餐,烘焙,1,27.3,门店
O04359,U0171,2026-06-25,轻食沙拉,轻食,3,103.8,APP
O04360,U0171,2026-06-16,轻食沙拉,轻食,1,39.5,美团
O04361,U0171,2026-06-11,生椰拿铁,咖啡,1,47.6,APP
O04362,U0171,2026-06-29,冷萃,咖啡,1,37.3,门店
O04363,U0172,2026-05-06,轻食沙拉,轻食,1,34.2,小程序
O04364,U0172,2026-03-25,烘焙早餐,烘焙,1,21.5,美团
O04365,U0172,2026-06-27,冷萃,咖啡,2,99.4,APP
O04366,U0172,2026-06-24,周边杯,周边,1,61.0,美团
O04367,U0172,2026-06-01,生椰拿铁,咖啡,1,32.4,美团
O04368,U0172,2026-04-05,美式,咖啡,1,28.2,APP
O04369,U0172,2026-05-09,美式,咖啡,3,94.2,美团
O04370,U0172,2026-06-13,冷萃,咖啡,1,44.4,APP
O04371,U0172,2026-04-08,烘焙早餐,烘焙,1,26.6,美团
O04372,U0172,2026-02-25,冷萃,咖啡,1,48.1,门店
O04373,U0172,2026-06-24,烘焙早餐,烘焙,1,37.9,APP
O04374,U0172,2026-03-29,拿铁,咖啡,2,79.6,APP
O04375,U0172,2026-04-19,拿铁,咖啡,1,33.9,饿了么
O04376,U0172,2026-03-21,冷萃,咖啡,1,35.6,小程序
O04377,U0173,2026-06-03,周边杯,周边,3,201.0,小程序
O04378,U0173,2026-04-28,美式,咖啡,2,61.8,美团
O04379,U0173,2026-05-15,拿铁,咖啡,1,40.5,美团
O04380,U0173,2026-05-21,轻食沙拉,轻食,1,31.8,美团
O04381,U0173,2026-03-28,烘焙早餐,烘焙,1,32.1,饿了么
O04382,U0173,2026-04-21,美式,咖啡,1,33.0,美团
O04383,U0173,2026-06-22,周边杯,周边,2,108.4,APP
O04384,U0173,2026-03-26,轻食沙拉,轻食,2,57.0,APP
O04385,U0173,2026-05-19,拿铁,咖啡,1,29.8,美团
O04386,U0173,2026-05-05,轻食沙拉,轻食,1,42.7,小程序
O04387,U0173,2026-05-20,拿铁,咖啡,1,35.2,门店
O04388,U0174,2026-06-22,烘焙早餐,烘焙,1,25.4,饿了么
O04389,U0174,2026-06-15,烘焙早餐,烘焙,1,29.1,APP
O04390,U0174,2026-06-06,周边杯,周边,1,66.0,APP
O04391,U0174,2026-06-21,周边杯,周边,1,81.3,APP
O04392,U0174,2026-06-26,冷萃,咖啡,3,149.7,饿了么
O04393,U0174,2026-06-03,拿铁,咖啡,2,89.8,APP
O04394,U0174,2026-06-24,冷萃,咖啡,2,73.6,小程序
O04395,U0174,2026-06-16,烘焙早餐,烘焙,1,18.5,美团
O04396,U0175,2026-04-17,周边杯,周边,1,88.9,APP
O04397,U0175,2026-05-17,周边杯,周边,1,50.6,小程序
O04398,U0175,2026-03-25,生椰拿铁,咖啡,1,40.5,美团
O04399,U0175,2026-05-18,美式,咖啡,1,25.3,饿了么
O04400,U0175,2026-04-18,周边杯,周边,2,107.0,APP
O04401,U0175,2026-06-01,生椰拿铁,咖啡,1,44.1,APP
O04402,U0176,2025-08-19,烘焙早餐,烘焙,1,22.4,美团
O04403,U0176,2026-01-30,生椰拿铁,咖啡,2,62.2,饿了么
O04404,U0176,2026-06-26,周边杯,周边,1,88.5,饿了么
O04405,U0176,2025-12-07,轻食沙拉,轻食,1,37.1,APP
O04406,U0176,2026-04-26,美式,咖啡,1,29.0,饿了么
O04407,U0176,2025-10-16,周边杯,周边,1,64.5,小程序
O04408,U0176,2026-01-16,周边杯,周边,1,71.5,APP
O04409,U0176,2026-03-25,轻食沙拉,轻食,1,33.4,门店
O04410,U0176,2025-11-12,冷萃,咖啡,1,47.5,门店
O04411,U0176,2026-02-15,美式,咖啡,1,29.6,饿了么
O04412,U0176,2026-02-24,拿铁,咖啡,1,35.7,饿了么
O04413,U0176,2026-03-27,生椰拿铁,咖啡,1,44.7,美团
O04414,U0176,2026-02-19,周边杯,周边,2,131.0,APP
O04415,U0176,2025-09-08,烘焙早餐,烘焙,2,36.4,小程序
O04416,U0177,2026-03-25,拿铁,咖啡,2,61.6,门店
O04417,U0177,2026-05-10,周边杯,周边,2,173.6,APP
O04418,U0177,2026-03-31,拿铁,咖啡,1,32.8,小程序
O04419,U0177,2026-03-22,美式,咖啡,1,24.3,APP
O04420,U0177,2025-12-26,美式,咖啡,3,72.9,APP
O04421,U0177,2026-01-23,拿铁,咖啡,2,57.4,门店
O04422,U0177,2026-01-20,周边杯,周边,1,87.9,APP
O04423,U0177,2026-01-18,生椰拿铁,咖啡,2,71.8,小程序
O04424,U0178,2026-02-05,烘焙早餐,烘焙,1,28.1,饿了么
O04425,U0178,2025-12-05,轻食沙拉,轻食,1,40.7,APP
O04426,U0178,2025-10-19,美式,咖啡,1,25.8,APP
O04427,U0178,2026-05-12,冷萃,咖啡,2,68.8,小程序
O04428,U0178,2026-01-06,烘焙早餐,烘焙,1,32.9,APP
O04429,U0178,2025-09-13,美式,咖啡,2,65.6,门店
O04430,U0178,2025-08-28,美式,咖啡,1,33.4,门店
O04431,U0178,2026-05-15,冷萃,咖啡,2,75.2,饿了么
O04432,U0178,2026-05-23,美式,咖啡,1,34.4,APP
O04433,U0179,2026-04-21,美式,咖啡,1,23.0,饿了么
O04434,U0179,2026-04-17,生椰拿铁,咖啡,2,65.8,美团
O04435,U0179,2026-03-24,烘焙早餐,烘焙,1,33.5,小程序
O04436,U0179,2026-05-12,美式,咖啡,1,33.7,小程序
O04437,U0179,2026-05-15,美式,咖啡,1,24.4,APP
O04438,U0179,2026-03-13,冷萃,咖啡,2,77.4,APP
O04439,U0179,2026-06-29,冷萃,咖啡,1,47.4,门店
O04440,U0179,2026-03-20,轻食沙拉,轻食,1,42.1,美团
O04441,U0179,2026-04-02,冷萃,咖啡,2,67.8,小程序
O04442,U0179,2026-06-22,烘焙早餐,烘焙,1,26.5,APP
O04443,U0179,2026-03-04,拿铁,咖啡,1,37.7,饿了么
O04444,U0179,2026-06-24,生椰拿铁,咖啡,1,35.7,小程序
O04445,U0179,2026-03-25,美式,咖啡,1,31.2,APP
O04446,U0180,2026-05-20,拿铁,咖啡,1,33.4,APP
O04447,U0180,2026-03-16,烘焙早餐,烘焙,1,30.8,小程序
O04448,U0180,2026-06-12,冷萃,咖啡,1,48.5,APP
O04449,U0180,2026-04-26,冷萃,咖啡,1,42.9,门店
O04450,U0180,2026-03-24,美式,咖啡,1,34.6,APP
O04451,U0180,2026-04-25,轻食沙拉,轻食,1,41.0,饿了么
O04452,U0180,2026-03-19,烘焙早餐,烘焙,2,43.2,小程序
O04453,U0180,2026-05-07,周边杯,周边,1,70.7,美团
O04454,U0180,2026-06-25,轻食沙拉,轻食,1,32.6,APP
O04455,U0180,2026-04-20,周边杯,周边,1,55.8,饿了么
O04456,U0180,2026-06-09,生椰拿铁,咖啡,2,63.4,小程序
O04457,U0181,2026-03-31,冷萃,咖啡,1,44.9,美团
O04458,U0181,2026-02-25,拿铁,咖啡,1,43.0,饿了么
O04459,U0181,2026-04-09,轻食沙拉,轻食,1,35.5,饿了么
O04460,U0181,2026-01-03,周边杯,周边,1,61.8,美团
O04461,U0181,2025-12-16,冷萃,咖啡,1,46.2,饿了么
O04462,U0181,2026-02-21,冷萃,咖啡,1,40.7,APP
O04463,U0181,2026-04-11,生椰拿铁,咖啡,2,93.2,门店
O04464,U0181,2026-04-17,拿铁,咖啡,1,41.4,饿了么
O04465,U0182,2026-03-06,美式,咖啡,1,33.3,小程序
O04466,U0182,2026-06-06,美式,咖啡,2,53.2,美团
O04467,U0182,2026-03-05,周边杯,周边,1,84.3,APP
O04468,U0182,2026-06-11,冷萃,咖啡,2,70.8,APP
O04469,U0182,2026-01-24,拿铁,咖啡,1,42.5,APP
O04470,U0182,2026-03-24,生椰拿铁,咖啡,1,31.6,APP
O04471,U0182,2026-06-22,拿铁,咖啡,1,41.4,美团
O04472,U0182,2026-05-01,美式,咖啡,1,32.8,APP
O04473,U0183,2026-06-13,拿铁,咖啡,2,65.0,门店
O04474,U0183,2026-06-27,周边杯,周边,1,51.1,美团
O04475,U0183,2026-06-07,美式,咖啡,2,45.8,小程序
O04476,U0183,2026-06-01,轻食沙拉,轻食,1,29.6,小程序
O04477,U0183,2026-06-19,美式,咖啡,2,50.4,饿了么
O04478,U0183,2026-06-20,美式,咖啡,1,23.7,美团
O04479,U0183,2026-06-03,拿铁,咖啡,1,44.1,小程序
O04480,U0183,2026-06-23,拿铁,咖啡,1,35.1,饿了么
O04481,U0183,2026-06-05,冷萃,咖啡,1,40.7,美团
O04482,U0183,2026-06-09,冷萃,咖啡,1,34.0,美团
O04483,U0183,2026-06-27,周边杯,周边,3,153.6,APP
O04484,U0183,2026-06-13,生椰拿铁,咖啡,1,33.9,门店
O04485,U0184,2026-02-06,烘焙早餐,烘焙,1,24.5,APP
O04486,U0184,2026-04-13,冷萃,咖啡,2,67.2,APP
O04487,U0184,2026-04-01,轻食沙拉,轻食,3,81.6,APP
O04488,U0184,2026-05-19,拿铁,咖啡,2,56.4,饿了么
O04489,U0184,2026-04-10,生椰拿铁,咖啡,3,128.4,门店
O04490,U0184,2026-03-10,美式,咖啡,1,31.3,门店
O04491,U0185,2026-06-23,轻食沙拉,轻食,1,28.9,美团
O04492,U0185,2026-06-28,烘焙早餐,烘焙,3,75.6,小程序
O04493,U0185,2026-06-28,周边杯,周边,2,153.4,饿了么
O04494,U0185,2026-06-26,美式,咖啡,1,30.1,门店
O04495,U0185,2026-06-28,周边杯,周边,1,51.8,门店
O04496,U0185,2026-06-23,烘焙早餐,烘焙,1,29.0,小程序
O04497,U0185,2026-06-29,烘焙早餐,烘焙,1,30.3,门店
O04498,U0185,2026-06-24,拿铁,咖啡,1,43.0,APP
O04499,U0185,2026-06-29,生椰拿铁,咖啡,1,34.8,美团
O04500,U0185,2026-06-24,美式,咖啡,1,25.5,门店
O04501,U0186,2026-04-08,周边杯,周边,1,64.5,饿了么
O04502,U0186,2025-07-31,美式,咖啡,1,26.7,饿了么
O04503,U0186,2026-01-31,轻食沙拉,轻食,2,59.0,APP
O04504,U0186,2026-02-25,烘焙早餐,烘焙,1,29.4,美团
O04505,U0186,2025-10-22,美式,咖啡,2,57.4,门店
O04506,U0186,2025-08-27,轻食沙拉,轻食,3,75.6,饿了么
O04507,U0186,2026-01-15,美式,咖啡,1,28.5,门店
O04508,U0186,2026-03-29,轻食沙拉,轻食,1,43.9,美团
O04509,U0186,2025-12-15,美式,咖啡,1,26.2,小程序
O04510,U0187,2026-06-25,周边杯,周边,1,57.8,门店
O04511,U0187,2026-04-07,拿铁,咖啡,2,66.4,美团
O04512,U0187,2025-10-19,生椰拿铁,咖啡,1,34.0,饿了么
O04513,U0187,2026-01-13,生椰拿铁,咖啡,1,33.8,美团
O04514,U0187,2025-10-13,烘焙早餐,烘焙,2,66.0,门店
O04515,U0187,2026-04-01,生椰拿铁,咖啡,2,92.2,APP
O04516,U0188,2026-04-23,冷萃,咖啡,2,84.0,小程序
O04517,U0188,2026-05-28,轻食沙拉,轻食,1,30.9,饿了么
O04518,U0188,2026-05-29,周边杯,周边,1,69.7,小程序
O04519,U0188,2026-03-10,美式,咖啡,2,55.8,APP
O04520,U0188,2026-03-23,拿铁,咖啡,1,41.2,小程序
O04521,U0188,2026-06-19,轻食沙拉,轻食,1,41.8,小程序
O04522,U0188,2026-05-08,美式,咖啡,2,53.4,美团
O04523,U0188,2026-03-03,生椰拿铁,咖啡,1,46.2,APP
O04524,U0188,2026-06-16,生椰拿铁,咖啡,1,46.5,APP
O04525,U0188,2026-04-18,拿铁,咖啡,1,34.7,APP
O04526,U0188,2026-02-28,周边杯,周边,2,130.4,小程序
O04527,U0188,2026-03-29,美式,咖啡,1,31.6,美团
O04528,U0189,2026-06-19,拿铁,咖啡,2,76.8,美团
O04529,U0189,2026-06-02,轻食沙拉,轻食,1,35.1,饿了么
O04530,U0189,2026-06-18,生椰拿铁,咖啡,2,84.4,小程序
O04531,U0189,2026-05-25,冷萃,咖啡,1,45.5,APP
O04532,U0189,2026-05-20,轻食沙拉,轻食,1,41.3,饿了么
O04533,U0189,2026-06-25,周边杯,周边,1,69.1,美团
O04534,U0189,2026-05-02,轻食沙拉,轻食,2,83.8,门店
O04535,U0189,2026-06-24,拿铁,咖啡,1,42.3,饿了么
O04536,U0189,2026-05-09,美式,咖啡,1,32.8,小程序
O04537,U0189,2026-05-17,轻食沙拉,轻食,1,42.1,小程序
O04538,U0190,2026-06-04,轻食沙拉,轻食,1,39.5,美团
O04539,U0190,2026-05-23,美式,咖啡,2,65.8,美团
O04540,U0190,2026-06-27,美式,咖啡,3,88.5,小程序
O04541,U0190,2026-06-09,美式,咖啡,1,34.3,APP
O04542,U0190,2026-06-28,周边杯,周边,1,69.4,饿了么
O04543,U0190,2026-06-13,美式,咖啡,1,28.4,美团
O04544,U0190,2026-06-23,生椰拿铁,咖啡,2,94.8,APP
O04545,U0190,2026-06-08,拿铁,咖啡,2,71.6,小程序
O04546,U0190,2026-06-13,冷萃,咖啡,1,46.8,门店
O04547,U0190,2026-05-20,冷萃,咖啡,1,42.6,APP
O04548,U0190,2026-06-24,轻食沙拉,轻食,1,36.8,APP
O04549,U0190,2026-05-15,轻食沙拉,轻食,3,121.2,门店
O04550,U0190,2026-06-22,轻食沙拉,轻食,1,37.0,门店
O04551,U0190,2026-06-01,周边杯,周边,3,214.8,美团
O04552,U0191,2026-05-25,烘焙早餐,烘焙,1,21.6,饿了么
O04553,U0191,2026-06-02,美式,咖啡,1,22.0,饿了么
O04554,U0191,2026-06-13,美式,咖啡,1,34.5,饿了么
O04555,U0191,2026-06-11,轻食沙拉,轻食,1,40.5,APP
O04556,U0191,2026-04-13,轻食沙拉,轻食,2,55.8,小程序
O04557,U0191,2026-06-05,轻食沙拉,轻食,1,35.8,饿了么
O04558,U0192,2026-04-19,轻食沙拉,轻食,1,32.5,APP
O04559,U0192,2026-05-26,拿铁,咖啡,1,33.8,饿了么
O04560,U0192,2026-06-19,周边杯,周边,2,158.6,小程序
O04561,U0192,2026-04-18,轻食沙拉,轻食,2,84.0,饿了么
O04562,U0192,2026-06-26,轻食沙拉,轻食,2,76.4,饿了么
O04563,U0192,2026-03-12,生椰拿铁,咖啡,2,60.0,小程序
O04564,U0193,2026-03-05,拿铁,咖啡,3,131.7,美团
O04565,U0193,2026-04-14,生椰拿铁,咖啡,2,61.6,APP
O04566,U0193,2025-11-11,烘焙早餐,烘焙,1,30.6,小程序
O04567,U0193,2026-02-28,美式,咖啡,1,27.2,饿了么
O04568,U0193,2026-02-18,烘焙早餐,烘焙,2,43.0,门店
O04569,U0193,2026-06-05,生椰拿铁,咖啡,1,45.2,小程序
O04570,U0193,2026-04-22,周边杯,周边,1,49.8,饿了么
O04571,U0194,2026-05-17,美式,咖啡,1,30.3,门店
O04572,U0194,2026-03-17,拿铁,咖啡,1,35.1,饿了么
O04573,U0194,2026-06-01,拿铁,咖啡,2,80.4,美团
O04574,U0194,2026-06-23,拿铁,咖啡,1,30.9,美团
O04575,U0194,2026-03-22,拿铁,咖啡,1,37.5,小程序
O04576,U0194,2026-04-05,烘焙早餐,烘焙,1,20.4,APP
O04577,U0194,2026-04-28,美式,咖啡,2,61.4,门店
O04578,U0194,2026-04-09,美式,咖啡,1,26.2,APP
O04579,U0194,2026-05-27,生椰拿铁,咖啡,1,36.0,美团
O04580,U0194,2026-06-29,拿铁,咖啡,1,29.4,门店
O04581,U0194,2026-06-17,轻食沙拉,轻食,1,43.6,APP
O04582,U0195,2026-04-07,冷萃,咖啡,1,42.7,APP
O04583,U0195,2026-04-09,冷萃,咖啡,1,38.6,饿了么
O04584,U0195,2026-04-20,烘焙早餐,烘焙,2,54.0,小程序
O04585,U0195,2026-04-15,烘焙早餐,烘焙,2,51.0,小程序
O04586,U0195,2026-03-16,周边杯,周边,1,60.7,APP
O04587,U0195,2026-04-30,拿铁,咖啡,1,34.0,美团
O04588,U0195,2026-04-17,烘焙早餐,烘焙,1,33.1,美团
O04589,U0195,2026-05-16,周边杯,周边,1,86.7,APP
O04590,U0195,2026-05-24,周边杯,周边,2,154.2,饿了么
O04591,U0195,2026-06-30,美式,咖啡,2,47.0,饿了么
O04592,U0195,2026-06-06,冷萃,咖啡,1,36.5,美团
O04593,U0196,2025-12-06,美式,咖啡,1,34.5,小程序
O04594,U0196,2026-02-03,冷萃,咖啡,1,46.5,饿了么
O04595,U0196,2026-03-13,冷萃,咖啡,1,37.1,门店
O04596,U0196,2026-03-26,生椰拿铁,咖啡,1,40.2,APP
O04597,U0196,2025-12-02,轻食沙拉,轻食,1,26.0,饿了么
O04598,U0196,2026-03-12,冷萃,咖啡,3,105.9,饿了么
O04599,U0196,2026-04-05,美式,咖啡,1,22.1,小程序
O04600,U0196,2026-02-22,烘焙早餐,烘焙,1,29.7,门店
O04601,U0196,2026-02-02,烘焙早餐,烘焙,2,75.4,饿了么
O04602,U0196,2026-04-15,周边杯,周边,2,110.4,饿了么
O04603,U0196,2026-05-19,轻食沙拉,轻食,1,36.0,饿了么
O04604,U0196,2026-05-05,冷萃,咖啡,1,47.6,饿了么
O04605,U0197,2026-06-10,冷萃,咖啡,1,40.1,美团
O04606,U0197,2025-12-14,生椰拿铁,咖啡,1,32.2,APP
O04607,U0197,2025-12-23,烘焙早餐,烘焙,2,74.0,饿了么
O04608,U0197,2026-02-12,拿铁,咖啡,1,33.6,APP
O04609,U0197,2026-06-24,烘焙早餐,烘焙,3,59.1,美团
O04610,U0197,2025-12-13,拿铁,咖啡,1,28.1,门店
O04611,U0197,2025-12-23,轻食沙拉,轻食,1,44.6,美团
O04612,U0197,2026-01-17,周边杯,周边,2,147.4,小程序
O04613,U0197,2026-02-27,轻食沙拉,轻食,1,38.0,小程序
O04614,U0197,2026-02-21,轻食沙拉,轻食,1,43.7,门店
O04615,U0197,2026-01-10,拿铁,咖啡,2,63.0,美团
O04616,U0197,2026-03-03,美式,咖啡,2,67.4,美团
O04617,U0197,2026-01-13,拿铁,咖啡,1,38.1,门店
O04618,U0198,2026-02-08,美式,咖啡,1,31.6,APP
O04619,U0198,2026-02-07,拿铁,咖啡,3,100.8,APP
O04620,U0198,2025-10-07,烘焙早餐,烘焙,1,21.7,APP
O04621,U0198,2025-09-24,烘焙早餐,烘焙,3,109.8,美团
O04622,U0198,2025-10-31,烘焙早餐,烘焙,1,36.9,饿了么
O04623,U0198,2026-04-02,美式,咖啡,1,33.9,饿了么
O04624,U0198,2025-09-26,轻食沙拉,轻食,1,44.8,饿了么
O04625,U0198,2025-11-15,拿铁,咖啡,1,29.4,APP
O04626,U0198,2025-09-10,冷萃,咖啡,1,43.1,饿了么
O04627,U0198,2026-04-17,烘焙早餐,烘焙,1,24.7,门店
O04628,U0198,2025-09-12,生椰拿铁,咖啡,2,69.0,美团
O04629,U0198,2026-01-18,拿铁,咖啡,1,40.1,小程序
O04630,U0199,2026-05-16,轻食沙拉,轻食,2,74.8,小程序
O04631,U0199,2026-01-16,拿铁,咖啡,1,36.4,APP
O04632,U0199,2026-01-31,冷萃,咖啡,1,49.8,APP
O04633,U0199,2026-04-30,拿铁,咖啡,2,81.8,APP
O04634,U0199,2026-01-24,美式,咖啡,2,62.0,饿了么
O04635,U0199,2026-06-14,轻食沙拉,轻食,1,26.4,美团
O04636,U0199,2026-03-03,美式,咖啡,1,28.0,APP
O04637,U0199,2026-03-29,周边杯,周边,1,88.9,美团
O04638,U0199,2026-03-27,烘焙早餐,烘焙,2,60.4,美团
O04639,U0200,2025-08-15,冷萃,咖啡,1,45.5,APP
O04640,U0200,2025-11-25,生椰拿铁,咖啡,2,95.6,小程序
O04641,U0200,2026-03-30,冷萃,咖啡,2,75.6,饿了么
O04642,U0200,2025-09-07,周边杯,周边,1,67.8,饿了么
O04643,U0200,2026-01-31,拿铁,咖啡,1,36.2,APP
O04644,U0200,2026-05-04,烘焙早餐,烘焙,1,24.9,美团
O04645,U0200,2025-11-08,生椰拿铁,咖啡,2,61.4,饿了么
O04646,U0200,2026-01-30,烘焙早餐,烘焙,1,18.0,小程序
O04647,U0200,2025-09-19,生椰拿铁,咖啡,1,46.1,门店
O04648,U0200,2026-06-15,冷萃,咖啡,1,44.0,小程序
O04649,U0200,2026-02-21,拿铁,咖啡,2,78.0,小程序
O04650,U0200,2025-08-27,生椰拿铁,咖啡,1,30.2,小程序
O04651,U0201,2026-03-08,生椰拿铁,咖啡,1,32.1,小程序
O04652,U0201,2026-06-29,美式,咖啡,2,59.8,饿了么
O04653,U0201,2026-01-24,美式,咖啡,1,23.1,APP
O04654,U0201,2026-05-16,冷萃,咖啡,1,39.1,小程序
O04655,U0201,2026-02-16,烘焙早餐,烘焙,2,50.8,饿了么
O04656,U0201,2026-03-29,轻食沙拉,轻食,1,44.0,小程序
O04657,U0201,2026-06-03,冷萃,咖啡,1,41.6,美团
O04658,U0201,2026-03-09,美式,咖啡,1,29.9,美团
O04659,U0201,2026-02-27,轻食沙拉,轻食,1,33.7,APP
O04660,U0201,2026-06-19,美式,咖啡,1,26.5,APP
O04661,U0202,2026-03-18,烘焙早餐,烘焙,1,37.7,小程序
O04662,U0202,2026-06-06,烘焙早餐,烘焙,2,72.0,美团
O04663,U0202,2026-06-02,拿铁,咖啡,3,109.8,饿了么
O04664,U0202,2026-06-01,拿铁,咖啡,1,38.1,小程序
O04665,U0202,2026-02-21,烘焙早餐,烘焙,2,69.6,门店
O04666,U0202,2026-03-26,拿铁,咖啡,1,29.6,APP
O04667,U0203,2026-05-08,拿铁,咖啡,1,29.6,饿了么
O04668,U0203,2026-04-28,烘焙早餐,烘焙,1,18.9,美团
O04669,U0203,2026-04-03,美式,咖啡,1,30.6,美团
O04670,U0203,2026-02-09,生椰拿铁,咖啡,2,95.8,APP
O04671,U0203,2026-03-10,拿铁,咖啡,1,33.3,美团
O04672,U0203,2026-02-02,冷萃,咖啡,1,40.6,门店
O04673,U0203,2026-04-17,冷萃,咖啡,3,135.3,小程序
O04674,U0203,2026-06-17,轻食沙拉,轻食,2,85.6,APP
O04675,U0203,2026-02-21,冷萃,咖啡,1,45.5,小程序
O04676,U0203,2026-06-27,生椰拿铁,咖啡,1,43.1,美团
O04677,U0203,2026-06-05,周边杯,周边,1,64.5,美团
O04678,U0203,2026-03-19,美式,咖啡,2,52.4,美团
O04679,U0204,2026-06-27,美式,咖啡,1,34.7,美团
O04680,U0204,2026-06-23,轻食沙拉,轻食,1,35.7,门店
O04681,U0204,2026-06-29,周边杯,周边,1,71.2,APP
O04682,U0204,2026-06-28,烘焙早餐,烘焙,1,26.0,小程序
O04683,U0204,2026-06-28,美式,咖啡,1,22.5,美团
O04684,U0204,2026-06-22,生椰拿铁,咖啡,2,61.6,小程序
O04685,U0205,2026-03-20,周边杯,周边,1,49.3,小程序
O04686,U0205,2026-01-13,周边杯,周边,1,57.7,小程序
O04687,U0205,2026-02-22,拿铁,咖啡,1,41.7,小程序
O04688,U0205,2026-02-16,生椰拿铁,咖啡,1,32.4,门店
O04689,U0205,2026-02-20,轻食沙拉,轻食,2,58.0,门店
O04690,U0205,2026-06-05,冷萃,咖啡,1,44.5,小程序
O04691,U0205,2026-06-07,轻食沙拉,轻食,3,124.5,小程序
O04692,U0205,2026-01-23,烘焙早餐,烘焙,1,32.3,APP
O04693,U0205,2026-05-09,生椰拿铁,咖啡,2,93.0,门店
O04694,U0205,2026-06-29,生椰拿铁,咖啡,1,34.6,饿了么
O04695,U0205,2026-02-15,拿铁,咖啡,2,66.8,饿了么
O04696,U0205,2026-03-24,轻食沙拉,轻食,1,30.7,饿了么
O04697,U0206,2026-01-28,烘焙早餐,烘焙,1,18.3,饿了么
O04698,U0206,2026-05-29,冷萃,咖啡,1,38.3,APP
O04699,U0206,2026-03-10,周边杯,周边,2,165.6,美团
O04700,U0206,2026-04-10,美式,咖啡,1,33.3,门店
O04701,U0206,2026-02-04,拿铁,咖啡,1,36.4,门店
O04702,U0206,2026-06-25,冷萃,咖啡,1,38.8,美团
O04703,U0206,2026-01-23,周边杯,周边,1,65.8,饿了么
O04704,U0207,2026-02-07,冷萃,咖啡,1,32.2,APP
O04705,U0207,2026-05-18,冷萃,咖啡,1,32.3,小程序
O04706,U0207,2026-05-04,烘焙早餐,烘焙,1,25.3,APP
O04707,U0207,2026-02-01,拿铁,咖啡,1,35.5,小程序
O04708,U0207,2026-05-19,冷萃,咖啡,1,46.6,小程序
O04709,U0207,2026-04-29,烘焙早餐,烘焙,1,26.8,APP
O04710,U0207,2026-03-17,生椰拿铁,咖啡,1,35.4,饿了么
O04711,U0207,2026-04-24,生椰拿铁,咖啡,1,38.0,美团
O04712,U0207,2026-04-08,轻食沙拉,轻食,1,39.9,门店
O04713,U0207,2026-05-30,烘焙早餐,烘焙,2,38.2,小程序
O04714,U0207,2026-06-26,轻食沙拉,轻食,1,26.6,饿了么
O04715,U0207,2026-06-27,烘焙早餐,烘焙,3,78.0,门店
O04716,U0208,2026-06-11,美式,咖啡,1,27.6,小程序
O04717,U0208,2026-06-09,美式,咖啡,1,24.5,饿了么
O04718,U0208,2026-06-05,生椰拿铁,咖啡,1,41.3,美团
O04719,U0208,2026-06-09,拿铁,咖啡,1,34.4,APP
O04720,U0208,2026-05-20,轻食沙拉,轻食,2,77.8,小程序
O04721,U0208,2026-06-08,生椰拿铁,咖啡,1,34.4,小程序
O04722,U0208,2026-06-10,美式,咖啡,1,24.1,美团
O04723,U0208,2026-06-05,美式,咖啡,2,49.6,APP
O04724,U0208,2026-06-18,轻食沙拉,轻食,1,37.1,APP
O04725,U0208,2026-05-18,烘焙早餐,烘焙,1,38.0,门店
O04726,U0208,2026-05-07,美式,咖啡,2,66.6,门店
O04727,U0208,2026-05-20,周边杯,周边,1,55.6,美团
O04728,U0209,2026-03-28,周边杯,周边,1,72.7,APP
O04729,U0209,2026-02-10,冷萃,咖啡,1,48.5,APP
O04730,U0209,2025-12-17,轻食沙拉,轻食,1,35.7,APP
O04731,U0209,2025-11-01,美式,咖啡,1,25.1,饿了么
O04732,U0209,2025-11-14,生椰拿铁,咖啡,1,42.4,美团
O04733,U0209,2026-03-27,美式,咖啡,2,50.0,饿了么
O04734,U0209,2025-12-31,生椰拿铁,咖啡,3,97.5,美团
O04735,U0209,2026-04-07,拿铁,咖啡,1,38.3,饿了么
O04736,U0209,2025-10-23,周边杯,周边,1,75.9,门店
O04737,U0209,2026-05-29,拿铁,咖啡,1,33.6,门店
O04738,U0209,2025-11-22,冷萃,咖啡,2,66.0,门店
O04739,U0209,2026-02-09,烘焙早餐,烘焙,1,31.8,APP
O04740,U0210,2026-04-03,拿铁,咖啡,2,57.0,美团
O04741,U0210,2026-06-14,生椰拿铁,咖啡,1,47.7,APP
O04742,U0210,2026-03-29,周边杯,周边,3,237.9,APP
O04743,U0210,2026-06-30,美式,咖啡,1,28.4,APP
O04744,U0210,2026-04-01,拿铁,咖啡,2,70.0,小程序
O04745,U0210,2026-04-25,冷萃,咖啡,2,97.4,小程序
O04746,U0210,2026-06-16,冷萃,咖啡,1,32.1,小程序
O04747,U0210,2026-04-05,冷萃,咖啡,1,46.4,门店
O04748,U0210,2026-03-27,烘焙早餐,烘焙,1,28.1,门店
O04749,U0210,2026-03-16,轻食沙拉,轻食,1,41.5,门店
O04750,U0210,2026-06-07,拿铁,咖啡,1,30.2,小程序
O04751,U0210,2026-05-31,轻食沙拉,轻食,1,42.4,门店
O04752,U0210,2026-05-09,美式,咖啡,1,27.6,门店
O04753,U0210,2026-05-17,拿铁,咖啡,1,42.3,APP
O04754,U0211,2025-12-30,美式,咖啡,1,31.2,饿了么
O04755,U0211,2026-06-07,生椰拿铁,咖啡,2,82.8,美团
O04756,U0211,2026-02-25,冷萃,咖啡,1,45.1,美团
O04757,U0211,2026-02-26,生椰拿铁,咖啡,1,40.7,APP
O04758,U0211,2026-01-15,烘焙早餐,烘焙,3,109.5,饿了么
O04759,U0211,2026-06-11,冷萃,咖啡,2,91.0,门店
O04760,U0212,2026-03-29,烘焙早餐,烘焙,1,36.3,小程序
O04761,U0212,2026-05-11,轻食沙拉,轻食,1,37.4,门店
O04762,U0212,2026-02-26,周边杯,周边,2,120.6,APP
O04763,U0212,2026-03-15,周边杯,周边,2,131.4,门店
O04764,U0212,2026-03-24,美式,咖啡,1,23.7,饿了么
O04765,U0212,2026-03-29,冷萃,咖啡,1,33.8,饿了么
O04766,U0212,2026-05-10,轻食沙拉,轻食,1,43.7,小程序
O04767,U0213,2026-05-12,烘焙早餐,烘焙,2,47.6,APP
O04768,U0213,2026-05-02,拿铁,咖啡,1,28.1,美团
O04769,U0213,2026-05-25,轻食沙拉,轻食,2,78.0,APP
O04770,U0213,2026-04-17,美式,咖啡,3,97.8,门店
O04771,U0213,2026-06-02,生椰拿铁,咖啡,2,66.2,APP
O04772,U0213,2026-05-13,冷萃,咖啡,2,89.8,美团
O04773,U0213,2026-04-08,周边杯,周边,1,69.5,APP
O04774,U0214,2026-05-13,冷萃,咖啡,1,41.5,美团
O04775,U0214,2026-05-03,生椰拿铁,咖啡,3,125.4,门店
O04776,U0214,2026-05-04,冷萃,咖啡,1,41.4,小程序
O04777,U0214,2026-06-15,美式,咖啡,1,31.1,门店
O04778,U0214,2026-05-25,生椰拿铁,咖啡,3,115.2,饿了么
O04779,U0214,2026-06-03,周边杯,周边,1,87.7,门店
O04780,U0214,2026-06-01,冷萃,咖啡,1,44.4,饿了么
O04781,U0214,2026-06-18,周边杯,周边,2,129.0,饿了么
O04782,U0215,2025-08-13,周边杯,周边,2,147.6,APP
O04783,U0215,2025-11-23,冷萃,咖啡,1,46.5,饿了么
O04784,U0215,2025-09-11,烘焙早餐,烘焙,1,35.6,美团
O04785,U0215,2026-03-05,美式,咖啡,1,22.1,门店
O04786,U0215,2026-01-22,轻食沙拉,轻食,1,34.0,门店
O04787,U0215,2026-01-28,冷萃,咖啡,1,44.0,美团
O04788,U0215,2026-01-24,生椰拿铁,咖啡,1,43.5,美团
O04789,U0215,2026-02-08,拿铁,咖啡,1,44.9,美团
O04790,U0215,2026-03-20,生椰拿铁,咖啡,1,30.1,饿了么
O04791,U0216,2026-05-19,烘焙早餐,烘焙,1,33.7,饿了么
O04792,U0216,2026-03-27,生椰拿铁,咖啡,1,42.3,美团
O04793,U0216,2026-05-30,生椰拿铁,咖啡,1,34.6,APP
O04794,U0216,2026-04-28,周边杯,周边,1,61.1,饿了么
O04795,U0216,2026-06-22,生椰拿铁,咖啡,2,60.2,APP
O04796,U0216,2026-04-14,烘焙早餐,烘焙,1,26.1,美团
O04797,U0216,2026-02-26,烘焙早餐,烘焙,2,67.0,美团
O04798,U0216,2026-03-04,轻食沙拉,轻食,1,26.3,APP
O04799,U0216,2026-06-06,美式,咖啡,1,22.6,门店
O04800,U0216,2026-04-02,美式,咖啡,1,28.7,APP
O04801,U0216,2026-03-05,周边杯,周边,2,153.4,饿了么
O04802,U0216,2026-04-20,拿铁,咖啡,2,89.4,门店
O04803,U0216,2026-03-11,美式,咖啡,1,25.5,饿了么
O04804,U0217,2026-04-23,拿铁,咖啡,1,42.0,美团
O04805,U0217,2026-06-21,周边杯,周边,2,171.6,美团
O04806,U0217,2025-12-15,周边杯,周边,3,179.7,饿了么
O04807,U0217,2026-01-18,拿铁,咖啡,1,31.6,门店
O04808,U0217,2026-03-25,拿铁,咖啡,2,66.2,美团
O04809,U0217,2026-01-02,生椰拿铁,咖啡,1,43.6,美团
O04810,U0217,2026-01-26,烘焙早餐,烘焙,1,37.5,门店
O04811,U0217,2026-03-18,轻食沙拉,轻食,1,37.8,门店
O04812,U0217,2026-05-03,拿铁,咖啡,1,43.1,饿了么
O04813,U0217,2025-11-22,美式,咖啡,1,30.6,APP
O04814,U0217,2026-05-13,烘焙早餐,烘焙,1,23.0,小程序
O04815,U0217,2026-06-04,美式,咖啡,1,34.6,饿了么
O04816,U0218,2026-04-05,烘焙早餐,烘焙,2,47.2,小程序
O04817,U0218,2026-06-13,美式,咖啡,1,33.0,APP
O04818,U0218,2025-12-05,烘焙早餐,烘焙,1,32.9,美团
O04819,U0218,2026-03-12,烘焙早餐,烘焙,1,26.7,门店
O04820,U0218,2025-12-14,轻食沙拉,轻食,1,31.2,美团
O04821,U0218,2026-03-02,轻食沙拉,轻食,1,35.5,小程序
O04822,U0218,2026-06-30,烘焙早餐,烘焙,1,33.1,饿了么
O04823,U0218,2026-03-29,周边杯,周边,2,149.4,饿了么
O04824,U0219,2026-01-16,烘焙早餐,烘焙,1,26.4,APP
O04825,U0219,2026-02-01,冷萃,咖啡,1,32.6,饿了么
O04826,U0219,2026-03-26,轻食沙拉,轻食,1,37.5,美团
O04827,U0219,2026-04-06,周边杯,周边,2,136.4,APP
O04828,U0219,2026-01-14,周边杯,周边,1,88.3,小程序
O04829,U0219,2026-03-28,冷萃,咖啡,1,35.3,小程序
O04830,U0219,2026-03-25,拿铁,咖啡,1,44.7,小程序
O04831,U0219,2026-04-18,烘焙早餐,烘焙,1,28.0,APP
O04832,U0219,2026-03-27,周边杯,周边,1,63.5,门店
O04833,U0219,2026-04-05,烘焙早餐,烘焙,2,58.0,美团
O04834,U0220,2026-04-02,美式,咖啡,1,28.0,美团
O04835,U0220,2026-03-03,冷萃,咖啡,2,86.4,小程序
O04836,U0220,2026-03-11,美式,咖啡,1,25.0,饿了么
O04837,U0220,2026-02-15,拿铁,咖啡,2,80.0,美团
O04838,U0220,2026-04-22,周边杯,周边,2,119.8,饿了么
O04839,U0220,2026-05-26,拿铁,咖啡,1,39.4,美团
O04840,U0220,2026-05-26,烘焙早餐,烘焙,1,24.5,美团
O04841,U0220,2026-05-19,冷萃,咖啡,1,37.7,饿了么
O04842,U0221,2026-06-10,周边杯,周边,1,70.8,小程序
O04843,U0221,2026-06-13,冷萃,咖啡,1,45.5,小程序
O04844,U0221,2026-04-12,烘焙早餐,烘焙,1,19.3,小程序
O04845,U0221,2026-05-08,烘焙早餐,烘焙,1,24.0,饿了么
O04846,U0221,2026-06-03,轻食沙拉,轻食,1,37.5,饿了么
O04847,U0221,2026-03-24,烘焙早餐,烘焙,1,23.3,美团
O04848,U0221,2026-03-24,烘焙早餐,烘焙,1,18.5,小程序
O04849,U0222,2026-02-16,拿铁,咖啡,1,30.6,小程序
O04850,U0222,2025-10-27,拿铁,咖啡,2,87.8,饿了么
O04851,U0222,2025-08-10,轻食沙拉,轻食,2,84.0,饿了么
O04852,U0222,2026-05-02,拿铁,咖啡,1,30.6,饿了么
O04853,U0222,2026-04-20,轻食沙拉,轻食,1,32.7,小程序
O04854,U0222,2026-04-14,周边杯,周边,2,108.8,美团
O04855,U0222,2025-07-30,冷萃,咖啡,2,78.0,饿了么
O04856,U0222,2025-08-14,周边杯,周边,1,53.7,APP
O04857,U0222,2025-11-16,冷萃,咖啡,1,46.0,APP
O04858,U0222,2026-02-10,烘焙早餐,烘焙,1,30.1,门店
O04859,U0222,2026-04-14,轻食沙拉,轻食,1,43.6,门店
O04860,U0222,2026-06-03,冷萃,咖啡,1,48.6,门店
O04861,U0222,2025-08-18,冷萃,咖啡,1,40.8,饿了么
O04862,U0223,2026-06-12,美式,咖啡,1,26.4,小程序
O04863,U0223,2026-06-29,冷萃,咖啡,1,36.3,APP
O04864,U0223,2026-06-11,拿铁,咖啡,1,33.5,小程序
O04865,U0223,2026-06-18,冷萃,咖啡,1,44.2,APP
O04866,U0223,2026-06-03,烘焙早餐,烘焙,1,27.6,APP
O04867,U0223,2026-06-15,轻食沙拉,轻食,1,41.4,门店
O04868,U0223,2026-06-21,烘焙早餐,烘焙,1,28.7,小程序
O04869,U0223,2026-06-17,拿铁,咖啡,1,33.2,小程序
O04870,U0223,2026-06-04,周边杯,周边,1,55.1,门店
O04871,U0223,2026-06-01,美式,咖啡,3,81.6,小程序
O04872,U0223,2026-06-18,轻食沙拉,轻食,2,80.0,饿了么
O04873,U0223,2026-06-02,轻食沙拉,轻食,1,25.7,美团
O04874,U0224,2026-04-17,拿铁,咖啡,1,42.9,门店
O04875,U0224,2026-06-02,生椰拿铁,咖啡,1,36.4,门店
O04876,U0224,2026-02-11,冷萃,咖啡,1,42.3,APP
O04877,U0224,2026-02-17,轻食沙拉,轻食,3,126.3,小程序
O04878,U0224,2025-08-18,冷萃,咖啡,1,35.9,门店
O04879,U0224,2026-03-18,美式,咖啡,1,31.9,APP
O04880,U0224,2025-09-14,生椰拿铁,咖啡,1,40.5,美团
O04881,U0224,2025-10-06,烘焙早餐,烘焙,1,36.2,美团
O04882,U0224,2025-11-12,拿铁,咖啡,3,110.1,APP
O04883,U0224,2025-08-04,美式,咖啡,1,29.3,饿了么
O04884,U0224,2026-01-20,轻食沙拉,轻食,1,38.2,APP
O04885,U0224,2025-11-09,美式,咖啡,1,25.9,门店
O04886,U0224,2025-08-20,烘焙早餐,烘焙,2,49.8,饿了么
O04887,U0225,2026-05-05,冷萃,咖啡,1,46.3,美团
O04888,U0225,2025-10-25,生椰拿铁,咖啡,1,35.2,美团
O04889,U0225,2025-11-18,冷萃,咖啡,1,35.2,饿了么
O04890,U0225,2026-01-09,烘焙早餐,烘焙,1,23.7,美团
O04891,U0225,2025-11-25,轻食沙拉,轻食,2,87.2,小程序
O04892,U0225,2026-02-13,拿铁,咖啡,1,35.5,APP
O04893,U0225,2025-10-03,拿铁,咖啡,1,36.7,饿了么
O04894,U0225,2026-04-19,拿铁,咖啡,2,78.0,小程序
O04895,U0225,2025-11-04,周边杯,周边,2,159.0,美团
O04896,U0226,2026-04-27,拿铁,咖啡,1,40.0,饿了么
O04897,U0226,2025-12-22,轻食沙拉,轻食,1,34.7,小程序
O04898,U0226,2026-05-07,美式,咖啡,2,59.4,APP
O04899,U0226,2026-03-17,冷萃,咖啡,1,37.2,APP
O04900,U0226,2025-12-21,周边杯,周边,2,172.8,美团
O04901,U0226,2026-06-06,轻食沙拉,轻食,2,64.0,小程序
O04902,U0226,2026-03-27,轻食沙拉,轻食,1,37.9,APP
O04903,U0226,2025-11-29,烘焙早餐,烘焙,1,35.8,美团
O04904,U0226,2026-02-25,拿铁,咖啡,1,38.2,美团
O04905,U0226,2026-02-13,冷萃,咖啡,1,49.1,门店
O04906,U0226,2026-05-10,冷萃,咖啡,1,48.5,小程序
O04907,U0226,2025-12-04,周边杯,周边,1,83.0,APP
O04908,U0227,2026-06-27,烘焙早餐,烘焙,1,28.9,APP
O04909,U0227,2026-06-22,冷萃,咖啡,2,84.0,美团
O04910,U0227,2026-06-19,烘焙早餐,烘焙,1,32.8,美团
O04911,U0227,2026-06-27,拿铁,咖啡,1,33.6,门店
O04912,U0227,2026-06-20,拿铁,咖啡,1,32.7,APP
O04913,U0227,2026-06-14,美式,咖啡,1,32.1,美团
O04914,U0227,2026-06-17,周边杯,周边,1,64.8,门店
O04915,U0227,2026-06-12,周边杯,周边,2,162.8,小程序
O04916,U0227,2026-06-25,冷萃,咖啡,2,72.8,美团
O04917,U0227,2026-06-14,拿铁,咖啡,2,75.2,门店
O04918,U0228,2026-06-05,烘焙早餐,烘焙,1,30.7,APP
O04919,U0228,2026-04-01,美式,咖啡,1,28.3,门店
O04920,U0228,2026-05-15,拿铁,咖啡,1,33.1,APP
O04921,U0228,2026-06-14,周边杯,周边,2,175.4,饿了么
O04922,U0228,2026-01-10,拿铁,咖啡,2,89.0,门店
O04923,U0228,2026-01-15,拿铁,咖啡,3,121.2,门店
O04924,U0228,2026-05-07,生椰拿铁,咖啡,1,46.7,饿了么
O04925,U0228,2026-01-30,冷萃,咖啡,1,34.5,饿了么
O04926,U0228,2025-12-17,烘焙早餐,烘焙,1,18.0,APP
O04927,U0228,2026-06-21,美式,咖啡,2,45.8,门店
O04928,U0228,2026-01-24,轻食沙拉,轻食,1,39.8,美团
O04929,U0228,2026-01-02,烘焙早餐,烘焙,1,34.6,小程序
O04930,U0229,2026-03-12,轻食沙拉,轻食,1,40.6,饿了么
O04931,U0229,2026-05-04,烘焙早餐,烘焙,1,34.5,APP
O04932,U0229,2026-06-30,拿铁,咖啡,1,32.9,门店
O04933,U0229,2026-03-08,冷萃,咖啡,1,40.9,小程序
O04934,U0229,2026-05-16,美式,咖啡,1,22.7,门店
O04935,U0229,2026-05-13,拿铁,咖啡,2,58.0,饿了么
O04936,U0229,2026-05-07,美式,咖啡,1,23.1,小程序
O04937,U0230,2026-05-12,拿铁,咖啡,1,32.3,饿了么
O04938,U0230,2026-06-02,美式,咖啡,2,60.4,小程序
O04939,U0230,2026-06-07,周边杯,周边,1,70.9,小程序
O04940,U0230,2026-05-09,烘焙早餐,烘焙,1,31.4,门店
O04941,U0230,2026-06-03,生椰拿铁,咖啡,2,64.6,小程序
O04942,U0230,2026-06-02,轻食沙拉,轻食,2,72.0,APP
O04943,U0230,2026-06-03,周边杯,周边,1,72.1,小程序
O04944,U0230,2026-05-30,生椰拿铁,咖啡,2,66.4,小程序
O04945,U0230,2026-06-01,拿铁,咖啡,1,28.9,APP
O04946,U0230,2026-06-08,冷萃,咖啡,3,143.1,门店
O04947,U0230,2026-06-20,拿铁,咖啡,2,79.0,APP
O04948,U0231,2026-02-18,轻食沙拉,轻食,1,26.9,APP
O04949,U0231,2025-12-13,冷萃,咖啡,1,39.4,门店
O04950,U0231,2025-12-26,生椰拿铁,咖啡,1,35.8,APP
O04951,U0231,2025-12-11,拿铁,咖啡,1,44.7,APP
O04952,U0231,2026-01-28,周边杯,周边,1,78.6,APP
O04953,U0231,2026-01-10,生椰拿铁,咖啡,3,92.1,APP
O04954,U0231,2026-05-06,美式,咖啡,1,24.4,门店
O04955,U0231,2026-03-13,美式,咖啡,1,30.5,饿了么
O04956,U0232,2025-08-21,拿铁,咖啡,1,40.9,门店
O04957,U0232,2025-10-29,美式,咖啡,1,29.5,APP
O04958,U0232,2026-01-16,美式,咖啡,3,86.1,小程序
O04959,U0232,2025-10-31,美式,咖啡,1,25.2,门店
O04960,U0232,2026-02-09,轻食沙拉,轻食,1,30.7,门店
O04961,U0232,2025-10-17,烘焙早餐,烘焙,2,52.0,门店
O04962,U0233,2026-06-25,周边杯,周边,1,49.2,饿了么
O04963,U0233,2026-06-25,冷萃,咖啡,1,35.5,小程序
O04964,U0233,2026-06-30,生椰拿铁,咖啡,2,69.0,美团
O04965,U0233,2026-06-19,生椰拿铁,咖啡,1,41.9,门店
O04966,U0233,2026-06-17,烘焙早餐,烘焙,1,27.4,美团
O04967,U0233,2026-06-14,生椰拿铁,咖啡,3,127.2,美团
O04968,U0233,2026-06-23,周边杯,周边,2,124.6,门店
O04969,U0233,2026-06-27,周边杯,周边,3,254.7,门店
O04970,U0233,2026-06-19,周边杯,周边,1,74.6,美团
O04971,U0233,2026-06-25,生椰拿铁,咖啡,1,31.9,门店
O04972,U0233,2026-06-19,美式,咖啡,1,27.3,门店
O04973,U0233,2026-06-17,生椰拿铁,咖啡,2,91.6,门店
O04974,U0233,2026-06-24,冷萃,咖啡,1,45.0,门店
O04975,U0234,2026-05-06,美式,咖啡,2,63.8,饿了么
O04976,U0234,2026-04-01,轻食沙拉,轻食,1,30.0,美团
O04977,U0234,2026-06-19,烘焙早餐,烘焙,1,21.0,美团
O04978,U0234,2025-11-20,美式,咖啡,2,60.6,美团
O04979,U0234,2026-01-18,轻食沙拉,轻食,2,75.0,门店
O04980,U0234,2026-02-25,美式,咖啡,1,34.2,饿了么
O04981,U0234,2026-03-27,烘焙早餐,烘焙,1,33.0,饿了么
O04982,U0234,2025-10-23,冷萃,咖啡,1,46.1,饿了么
O04983,U0234,2025-12-24,生椰拿铁,咖啡,1,40.2,APP
O04984,U0235,2026-06-29,拿铁,咖啡,1,35.1,APP
O04985,U0235,2026-06-29,烘焙早餐,烘焙,1,19.7,饿了么
O04986,U0235,2026-06-29,美式,咖啡,1,31.0,APP
O04987,U0235,2026-06-19,冷萃,咖啡,1,46.5,美团
O04988,U0235,2026-06-19,冷萃,咖啡,2,88.8,小程序
O04989,U0235,2026-06-20,生椰拿铁,咖啡,1,39.7,美团
O04990,U0235,2026-06-27,轻食沙拉,轻食,2,50.8,美团
O04991,U0235,2026-06-30,生椰拿铁,咖啡,1,40.3,小程序
O04992,U0235,2026-06-23,冷萃,咖啡,1,46.1,门店
O04993,U0235,2026-06-26,冷萃,咖啡,1,35.3,APP
O04994,U0235,2026-06-30,烘焙早餐,烘焙,1,37.8,美团
O04995,U0235,2026-06-30,生椰拿铁,咖啡,1,36.2,APP
O04996,U0235,2026-06-28,拿铁,咖啡,2,71.6,饿了么
O04997,U0235,2026-06-28,轻食沙拉,轻食,1,43.0,美团
O04998,U0236,2026-06-30,周边杯,周边,3,226.8,小程序
O04999,U0236,2026-06-24,轻食沙拉,轻食,2,66.6,门店
O05000,U0236,2026-06-29,拿铁,咖啡,1,38.5,小程序
O05001,U0236,2026-06-28,轻食沙拉,轻食,1,42.8,门店
O05002,U0236,2026-06-25,烘焙早餐,烘焙,1,20.2,美团
O05003,U0236,2026-06-23,美式,咖啡,2,53.0,小程序
O05004,U0236,2026-06-23,冷萃,咖啡,1,46.0,饿了么
O05005,U0236,2026-06-26,轻食沙拉,轻食,2,73.4,小程序
O05006,U0236,2026-06-25,美式,咖啡,3,75.0,APP
O05007,U0236,2026-06-29,轻食沙拉,轻食,1,33.4,APP
O05008,U0237,2026-05-31,周边杯,周边,1,53.0,饿了么
O05009,U0237,2026-06-06,周边杯,周边,1,76.7,小程序
O05010,U0237,2025-10-06,周边杯,周边,1,66.4,小程序
O05011,U0237,2025-10-07,生椰拿铁,咖啡,1,46.4,美团
O05012,U0237,2025-09-05,生椰拿铁,咖啡,2,80.8,小程序
O05013,U0237,2025-09-12,拿铁,咖啡,1,42.4,APP
O05014,U0237,2025-09-19,美式,咖啡,2,57.8,美团
O05015,U0237,2026-04-01,拿铁,咖啡,1,34.9,小程序
O05016,U0237,2025-10-07,烘焙早餐,烘焙,1,30.0,APP
O05017,U0237,2025-11-01,周边杯,周边,1,79.8,门店
O05018,U0238,2026-05-15,生椰拿铁,咖啡,3,138.0,APP
O05019,U0238,2026-03-16,美式,咖啡,1,23.0,美团
O05020,U0238,2026-05-18,轻食沙拉,轻食,2,53.8,饿了么
O05021,U0238,2026-01-19,美式,咖啡,1,34.0,小程序
O05022,U0238,2026-03-17,周边杯,周边,2,136.4,小程序
O05023,U0238,2026-04-30,拿铁,咖啡,1,31.5,小程序
O05024,U0238,2026-05-23,轻食沙拉,轻食,2,62.4,小程序
O05025,U0238,2026-01-28,生椰拿铁,咖啡,1,46.3,小程序
O05026,U0238,2026-02-04,烘焙早餐,烘焙,1,29.1,门店
O05027,U0238,2026-01-17,拿铁,咖啡,1,30.3,门店
O05028,U0239,2026-06-08,冷萃,咖啡,1,48.8,饿了么
O05029,U0239,2026-06-10,冷萃,咖啡,1,40.6,美团
O05030,U0239,2026-06-16,生椰拿铁,咖啡,1,45.5,小程序
O05031,U0239,2026-06-11,烘焙早餐,烘焙,1,33.8,美团
O05032,U0239,2026-06-13,烘焙早餐,烘焙,1,37.4,美团
O05033,U0239,2026-06-07,周边杯,周边,1,72.1,APP
O05034,U0239,2026-06-24,美式,咖啡,1,23.5,小程序
O05035,U0239,2026-06-06,轻食沙拉,轻食,2,59.4,APP
O05036,U0239,2026-06-14,拿铁,咖啡,1,35.0,APP
O05037,U0239,2026-06-16,拿铁,咖啡,1,34.9,门店
O05038,U0239,2026-06-14,美式,咖啡,1,35.0,美团
O05039,U0240,2026-03-26,拿铁,咖啡,1,30.4,美团
O05040,U0240,2026-06-17,周边杯,周边,2,103.2,饿了么
O05041,U0240,2026-05-25,烘焙早餐,烘焙,1,32.1,饿了么
O05042,U0240,2026-05-01,冷萃,咖啡,1,39.0,饿了么
O05043,U0240,2026-06-01,美式,咖啡,1,34.8,小程序
O05044,U0240,2026-05-31,轻食沙拉,轻食,1,39.0,美团
O05045,U0240,2026-04-30,轻食沙拉,轻食,1,43.3,门店
O05046,U0240,2026-06-24,烘焙早餐,烘焙,1,23.9,APP
O05047,U0240,2026-05-13,轻食沙拉,轻食,1,39.5,美团
O05048,U0240,2026-05-07,美式,咖啡,1,31.9,门店
O05049,U0241,2026-04-08,冷萃,咖啡,1,47.7,小程序
O05050,U0241,2026-02-22,生椰拿铁,咖啡,1,45.5,门店
O05051,U0241,2026-03-01,周边杯,周边,3,173.7,美团
O05052,U0241,2026-06-11,轻食沙拉,轻食,1,44.1,APP
O05053,U0241,2026-04-08,拿铁,咖啡,1,41.4,小程序
O05054,U0241,2026-02-02,拿铁,咖啡,3,133.5,美团
O05055,U0242,2026-06-25,烘焙早餐,烘焙,1,19.2,小程序
O05056,U0242,2026-06-11,美式,咖啡,1,29.0,美团
O05057,U0242,2026-03-22,美式,咖啡,1,28.5,门店
O05058,U0242,2026-03-20,美式,咖啡,1,25.0,APP
O05059,U0242,2026-03-23,烘焙早餐,烘焙,1,21.1,门店
O05060,U0242,2026-06-07,生椰拿铁,咖啡,1,45.6,门店
O05061,U0242,2026-04-24,拿铁,咖啡,1,28.0,饿了么
O05062,U0242,2026-04-16,冷萃,咖啡,1,42.9,门店
O05063,U0242,2026-03-05,轻食沙拉,轻食,1,27.3,小程序
O05064,U0242,2026-04-28,美式,咖啡,2,52.2,美团
O05065,U0242,2026-03-16,美式,咖啡,1,32.0,APP
O05066,U0242,2026-02-08,周边杯,周边,1,86.2,门店
O05067,U0243,2026-06-30,拿铁,咖啡,1,38.2,APP
O05068,U0243,2026-06-28,美式,咖啡,1,34.0,小程序
O05069,U0243,2026-06-28,生椰拿铁,咖啡,1,31.8,门店
O05070,U0243,2026-06-28,生椰拿铁,咖啡,1,31.4,APP
O05071,U0243,2026-06-30,周边杯,周边,2,170.6,门店
O05072,U0243,2026-06-29,冷萃,咖啡,2,84.0,门店
O05073,U0243,2026-06-30,轻食沙拉,轻食,1,27.6,小程序
O05074,U0243,2026-06-30,烘焙早餐,烘焙,2,63.0,APP
O05075,U0243,2026-06-28,冷萃,咖啡,1,36.0,饿了么
O05076,U0243,2026-06-30,轻食沙拉,轻食,1,44.4,APP
O05077,U0243,2026-06-29,烘焙早餐,烘焙,1,29.7,APP
O05078,U0243,2026-06-28,美式,咖啡,1,32.7,美团
O05079,U0243,2026-06-29,美式,咖啡,1,32.7,饿了么
O05080,U0244,2026-03-11,周边杯,周边,1,62.3,门店
O05081,U0244,2026-06-08,周边杯,周边,1,63.9,小程序
O05082,U0244,2026-02-18,美式,咖啡,2,59.0,美团
O05083,U0244,2026-05-07,烘焙早餐,烘焙,1,30.8,门店
O05084,U0244,2025-12-16,烘焙早餐,烘焙,1,30.2,小程序
O05085,U0244,2026-04-10,拿铁,咖啡,1,40.4,美团
O05086,U0245,2026-05-27,美式,咖啡,1,27.9,美团
O05087,U0245,2026-05-14,拿铁,咖啡,1,34.8,美团
O05088,U0245,2026-05-17,美式,咖啡,1,27.4,门店
O05089,U0245,2026-06-18,烘焙早餐,烘焙,1,19.2,小程序
O05090,U0245,2026-06-13,生椰拿铁,咖啡,2,67.0,饿了么
O05091,U0245,2026-06-20,美式,咖啡,2,60.6,门店
O05092,U0245,2026-05-29,生椰拿铁,咖啡,2,76.6,APP
O05093,U0245,2026-06-01,周边杯,周边,1,84.1,门店
O05094,U0245,2026-06-24,美式,咖啡,1,25.1,门店
O05095,U0245,2026-05-23,美式,咖啡,1,25.9,小程序
O05096,U0245,2026-05-29,拿铁,咖啡,1,35.7,小程序
O05097,U0245,2026-06-27,生椰拿铁,咖啡,2,72.4,美团
O05098,U0245,2026-06-19,拿铁,咖啡,1,33.6,美团
O05099,U0246,2026-06-12,烘焙早餐,烘焙,1,36.6,美团
O05100,U0246,2026-05-07,周边杯,周边,1,64.2,APP
O05101,U0246,2026-04-12,冷萃,咖啡,3,99.3,APP
O05102,U0246,2026-03-24,轻食沙拉,轻食,2,55.8,饿了么
O05103,U0246,2026-04-02,生椰拿铁,咖啡,1,33.3,小程序
O05104,U0246,2026-04-06,轻食沙拉,轻食,2,71.6,饿了么
O05105,U0246,2026-04-14,美式,咖啡,1,22.6,APP
O05106,U0246,2026-05-12,冷萃,咖啡,2,78.2,饿了么
O05107,U0246,2026-05-11,拿铁,咖啡,1,35.5,门店
O05108,U0246,2026-06-25,美式,咖啡,2,59.6,小程序
O05109,U0247,2025-12-07,冷萃,咖啡,2,80.8,APP
O05110,U0247,2025-12-15,生椰拿铁,咖啡,1,42.3,美团
O05111,U0247,2026-02-20,烘焙早餐,烘焙,2,44.4,小程序
O05112,U0247,2026-02-24,美式,咖啡,2,69.6,小程序
O05113,U0247,2026-01-09,拿铁,咖啡,1,42.3,饿了么
O05114,U0247,2025-11-26,生椰拿铁,咖啡,2,79.2,门店
O05115,U0247,2025-11-16,美式,咖啡,1,24.0,饿了么
O05116,U0247,2025-11-27,拿铁,咖啡,1,37.8,APP
O05117,U0247,2026-02-18,烘焙早餐,烘焙,1,22.5,小程序
O05118,U0247,2026-04-18,拿铁,咖啡,1,28.0,APP
O05119,U0248,2026-03-22,拿铁,咖啡,1,34.4,门店
O05120,U0248,2026-02-22,轻食沙拉,轻食,1,39.4,美团
O05121,U0248,2025-09-15,烘焙早餐,烘焙,1,32.8,饿了么
O05122,U0248,2026-01-19,拿铁,咖啡,1,40.4,饿了么
O05123,U0248,2025-10-26,美式,咖啡,2,44.0,门店
O05124,U0248,2025-12-03,美式,咖啡,1,31.7,美团
O05125,U0248,2026-04-10,冷萃,咖啡,1,48.5,小程序
O05126,U0248,2026-01-06,生椰拿铁,咖啡,1,36.8,门店
O05127,U0248,2025-12-17,冷萃,咖啡,2,64.4,饿了么
O05128,U0248,2026-01-12,周边杯,周边,1,63.1,小程序
O05129,U0248,2025-09-24,轻食沙拉,轻食,1,34.0,美团
O05130,U0249,2026-01-28,拿铁,咖啡,1,33.9,美团
O05131,U0249,2025-11-19,美式,咖啡,1,22.3,饿了么
O05132,U0249,2025-11-24,周边杯,周边,1,77.0,饿了么
O05133,U0249,2025-11-16,冷萃,咖啡,2,87.8,饿了么
O05134,U0249,2025-11-17,美式,咖啡,1,23.7,小程序
O05135,U0249,2026-02-10,冷萃,咖啡,1,43.3,美团
O05136,U0249,2025-11-08,冷萃,咖啡,1,43.3,美团
O05137,U0249,2025-12-24,生椰拿铁,咖啡,1,34.4,美团
O05138,U0249,2025-12-03,烘焙早餐,烘焙,1,25.1,APP
O05139,U0249,2026-02-06,周边杯,周边,2,148.8,饿了么
O05140,U0249,2026-02-04,冷萃,咖啡,1,36.0,小程序
O05141,U0249,2026-01-14,周边杯,周边,1,55.1,小程序
O05142,U0250,2026-05-10,轻食沙拉,轻食,2,59.8,APP
O05143,U0250,2026-06-14,周边杯,周边,2,141.0,APP
O05144,U0250,2026-05-24,轻食沙拉,轻食,1,38.9,门店
O05145,U0250,2026-06-05,生椰拿铁,咖啡,1,40.8,美团
O05146,U0250,2026-06-02,烘焙早餐,烘焙,3,66.6,饿了么
O05147,U0250,2026-06-23,生椰拿铁,咖啡,1,31.9,APP
O05148,U0251,2026-02-11,生椰拿铁,咖啡,2,80.6,门店
O05149,U0251,2025-10-30,烘焙早餐,烘焙,1,20.8,门店
O05150,U0251,2026-06-21,周边杯,周边,1,50.2,门店
O05151,U0251,2025-10-06,轻食沙拉,轻食,1,33.6,美团
O05152,U0251,2026-02-27,周边杯,周边,1,80.7,门店
O05153,U0251,2025-08-16,周边杯,周边,1,54.8,门店
O05154,U0251,2025-12-23,生椰拿铁,咖啡,2,68.0,APP
O05155,U0251,2026-03-22,周边杯,周边,1,63.6,美团
O05156,U0251,2026-05-25,冷萃,咖啡,1,49.6,美团
O05157,U0251,2026-04-02,生椰拿铁,咖啡,1,40.6,门店
O05158,U0251,2026-05-06,生椰拿铁,咖啡,2,85.4,小程序
O05159,U0251,2025-12-19,冷萃,咖啡,1,43.3,美团
O05160,U0251,2026-05-07,美式,咖啡,1,34.6,美团
O05161,U0252,2026-03-21,周边杯,周边,2,106.8,小程序
O05162,U0252,2026-05-05,周边杯,周边,1,54.1,美团
O05163,U0252,2026-06-11,美式,咖啡,1,29.8,门店
O05164,U0252,2025-10-13,烘焙早餐,烘焙,2,53.6,门店
O05165,U0252,2026-02-16,周边杯,周边,1,54.5,小程序
O05166,U0252,2026-03-05,冷萃,咖啡,1,47.6,小程序
O05167,U0252,2026-01-05,美式,咖啡,1,32.2,美团
O05168,U0252,2026-05-26,烘焙早餐,烘焙,1,37.7,小程序
O05169,U0252,2026-02-25,生椰拿铁,咖啡,2,95.0,美团
O05170,U0252,2025-12-11,生椰拿铁,咖啡,1,32.1,小程序
O05171,U0252,2026-05-24,拿铁,咖啡,1,31.5,饿了么
O05172,U0252,2025-12-09,拿铁,咖啡,1,33.0,APP
O05173,U0252,2026-02-03,美式,咖啡,2,55.6,APP
O05174,U0252,2025-10-30,烘焙早餐,烘焙,1,32.0,小程序
O05175,U0253,2026-05-02,冷萃,咖啡,1,45.8,美团
O05176,U0253,2026-02-17,冷萃,咖啡,1,43.3,饿了么
O05177,U0253,2026-04-17,美式,咖啡,1,22.1,APP
O05178,U0253,2026-02-05,拿铁,咖啡,2,84.0,饿了么
O05179,U0253,2026-03-13,烘焙早餐,烘焙,1,36.4,门店
O05180,U0253,2026-05-17,美式,咖啡,2,49.4,美团
O05181,U0253,2026-04-23,轻食沙拉,轻食,1,36.5,饿了么
O05182,U0253,2026-02-09,轻食沙拉,轻食,1,35.8,小程序
O05183,U0253,2026-06-25,美式,咖啡,2,54.0,门店
O05184,U0253,2026-06-02,生椰拿铁,咖啡,2,92.0,饿了么
O05185,U0253,2026-02-01,拿铁,咖啡,1,37.6,美团
O05186,U0253,2026-03-10,烘焙早餐,烘焙,1,32.3,APP
O05187,U0254,2026-01-26,烘焙早餐,烘焙,2,50.8,饿了么
O05188,U0254,2026-01-15,生椰拿铁,咖啡,1,30.9,小程序
O05189,U0254,2025-12-10,拿铁,咖啡,1,43.3,小程序
O05190,U0254,2026-03-22,生椰拿铁,咖啡,1,44.2,小程序
O05191,U0254,2026-04-08,拿铁,咖啡,1,31.7,饿了么
O05192,U0254,2026-04-17,轻食沙拉,轻食,2,80.2,门店
O05193,U0254,2026-01-25,轻食沙拉,轻食,1,26.4,门店
O05194,U0254,2026-01-21,拿铁,咖啡,1,33.9,饿了么
O05195,U0255,2026-04-20,轻食沙拉,轻食,1,29.3,饿了么
O05196,U0255,2026-04-24,生椰拿铁,咖啡,1,39.3,门店
O05197,U0255,2026-06-08,生椰拿铁,咖啡,1,36.3,小程序
O05198,U0255,2026-06-29,轻食沙拉,轻食,2,50.4,饿了么
O05199,U0255,2026-05-21,冷萃,咖啡,1,37.1,美团
O05200,U0255,2026-06-20,生椰拿铁,咖啡,3,91.8,饿了么
O05201,U0255,2026-04-15,美式,咖啡,2,67.2,小程序
O05202,U0255,2026-06-01,烘焙早餐,烘焙,1,28.5,APP
O05203,U0255,2026-06-11,轻食沙拉,轻食,1,27.1,门店
O05204,U0255,2026-06-16,冷萃,咖啡,2,79.2,美团
O05205,U0255,2026-04-25,拿铁,咖啡,1,37.7,美团
O05206,U0256,2026-04-06,烘焙早餐,烘焙,1,32.7,APP
O05207,U0256,2025-12-26,冷萃,咖啡,2,66.4,门店
O05208,U0256,2025-10-20,生椰拿铁,咖啡,1,47.5,门店
O05209,U0256,2026-01-11,生椰拿铁,咖啡,1,36.4,饿了么
O05210,U0256,2026-04-02,冷萃,咖啡,2,75.8,饿了么
O05211,U0256,2026-04-13,美式,咖啡,1,26.7,APP
O05212,U0256,2026-06-23,美式,咖啡,1,25.7,APP
O05213,U0256,2025-11-23,冷萃,咖啡,2,96.6,门店
O05214,U0256,2025-10-28,拿铁,咖啡,1,39.6,门店
O05215,U0256,2026-05-11,冷萃,咖啡,1,41.9,APP
O05216,U0256,2025-10-08,周边杯,周边,1,84.0,APP
O05217,U0256,2026-06-26,生椰拿铁,咖啡,2,67.4,美团
O05218,U0256,2026-01-05,冷萃,咖啡,1,45.6,饿了么
O05219,U0257,2026-03-31,生椰拿铁,咖啡,1,31.3,小程序
O05220,U0257,2026-03-08,生椰拿铁,咖啡,1,32.3,门店
O05221,U0257,2026-05-14,拿铁,咖啡,1,44.5,饿了么
O05222,U0257,2026-05-24,周边杯,周边,2,113.2,饿了么
O05223,U0257,2026-06-18,冷萃,咖啡,2,68.6,小程序
O05224,U0257,2026-05-21,周边杯,周边,1,82.1,APP
O05225,U0257,2026-05-28,周边杯,周边,1,68.0,小程序
O05226,U0257,2026-02-24,周边杯,周边,1,69.1,APP
O05227,U0257,2026-05-28,轻食沙拉,轻食,1,35.1,小程序
O05228,U0258,2025-11-03,冷萃,咖啡,1,48.3,小程序
O05229,U0258,2026-05-31,美式,咖啡,1,31.3,APP
O05230,U0258,2026-01-15,轻食沙拉,轻食,1,30.8,小程序
O05231,U0258,2026-01-29,轻食沙拉,轻食,2,76.4,美团
O05232,U0258,2026-03-01,拿铁,咖啡,2,81.8,美团
O05233,U0258,2026-06-28,拿铁,咖啡,1,39.5,美团
O05234,U0259,2026-05-22,生椰拿铁,咖啡,1,42.8,美团
O05235,U0259,2026-05-29,周边杯,周边,1,67.2,饿了么
O05236,U0259,2026-05-22,烘焙早餐,烘焙,1,35.1,门店
O05237,U0259,2026-02-19,拿铁,咖啡,1,38.5,APP
O05238,U0259,2026-04-28,美式,咖啡,1,34.8,门店
O05239,U0259,2026-04-06,周边杯,周边,1,67.4,APP
O05240,U0259,2026-03-19,周边杯,周边,1,52.5,门店
O05241,U0260,2026-05-06,轻食沙拉,轻食,1,25.3,门店
O05242,U0260,2026-03-30,轻食沙拉,轻食,1,29.9,小程序
O05243,U0260,2026-02-21,冷萃,咖啡,1,46.2,小程序
O05244,U0260,2026-02-20,拿铁,咖啡,1,40.7,小程序
O05245,U0260,2026-03-09,轻食沙拉,轻食,1,41.6,小程序
O05246,U0260,2025-12-05,烘焙早餐,烘焙,1,18.7,饿了么
O05247,U0260,2026-04-23,轻食沙拉,轻食,1,29.2,美团
O05248,U0260,2026-02-22,烘焙早餐,烘焙,1,27.1,APP
O05249,U0260,2026-01-23,生椰拿铁,咖啡,1,35.2,APP
O05250,U0261,2026-06-27,拿铁,咖啡,1,38.2,饿了么
O05251,U0261,2026-06-26,冷萃,咖啡,2,84.6,美团
O05252,U0261,2026-06-23,轻食沙拉,轻食,1,35.1,美团
O05253,U0261,2026-06-24,轻食沙拉,轻食,2,83.2,小程序
O05254,U0261,2026-06-23,拿铁,咖啡,2,88.0,APP
O05255,U0261,2026-06-30,冷萃,咖啡,1,39.6,饿了么
O05256,U0261,2026-06-22,生椰拿铁,咖啡,1,37.1,饿了么
O05257,U0261,2026-06-22,轻食沙拉,轻食,1,35.0,小程序
O05258,U0261,2026-06-20,周边杯,周边,2,100.8,APP
O05259,U0261,2026-06-20,烘焙早餐,烘焙,1,25.8,门店
O05260,U0261,2026-06-30,轻食沙拉,轻食,1,32.5,小程序
O05261,U0262,2026-06-22,周边杯,周边,1,62.5,APP
O05262,U0262,2026-06-20,拿铁,咖啡,1,34.8,小程序
O05263,U0262,2026-06-25,轻食沙拉,轻食,3,118.5,门店
O05264,U0262,2026-06-18,周边杯,周边,1,75.2,饿了么
O05265,U0262,2026-06-27,周边杯,周边,1,82.3,小程序
O05266,U0262,2026-06-07,拿铁,咖啡,1,29.0,小程序
O05267,U0263,2026-06-13,烘焙早餐,烘焙,1,29.8,美团
O05268,U0263,2026-05-05,拿铁,咖啡,2,80.8,门店
O05269,U0263,2026-06-17,周边杯,周边,1,70.3,饿了么
O05270,U0263,2026-05-21,美式,咖啡,3,79.2,小程序
O05271,U0263,2026-04-11,烘焙早餐,烘焙,1,35.6,APP
O05272,U0263,2026-05-18,轻食沙拉,轻食,2,52.0,小程序
O05273,U0263,2026-06-26,生椰拿铁,咖啡,1,42.7,美团
O05274,U0263,2026-04-23,拿铁,咖啡,1,32.1,APP
O05275,U0263,2026-05-07,轻食沙拉,轻食,2,51.0,小程序
O05276,U0263,2026-03-17,美式,咖啡,1,30.8,小程序
O05277,U0263,2026-04-13,周边杯,周边,2,176.8,门店
O05278,U0263,2026-06-07,冷萃,咖啡,3,144.3,美团
O05279,U0263,2026-06-16,拿铁,咖啡,2,85.6,APP
O05280,U0263,2026-03-09,周边杯,周边,1,83.5,门店
O05281,U0264,2026-02-16,轻食沙拉,轻食,1,40.6,饿了么
O05282,U0264,2026-04-13,冷萃,咖啡,1,48.7,饿了么
O05283,U0264,2026-05-01,生椰拿铁,咖啡,1,47.6,饿了么
O05284,U0264,2026-01-24,轻食沙拉,轻食,1,31.2,饿了么
O05285,U0264,2026-02-21,冷萃,咖啡,2,100.0,门店
O05286,U0264,2026-06-07,拿铁,咖啡,1,40.9,美团
O05287,U0264,2026-04-12,冷萃,咖啡,1,44.4,美团
O05288,U0264,2026-04-25,冷萃,咖啡,1,47.7,饿了么
O05289,U0264,2026-05-11,周边杯,周边,1,87.3,APP
O05290,U0264,2026-04-13,烘焙早餐,烘焙,1,28.5,门店
O05291,U0264,2025-12-30,拿铁,咖啡,1,40.4,APP
O05292,U0264,2026-04-20,冷萃,咖啡,1,35.1,美团
O05293,U0264,2026-04-13,冷萃,咖啡,2,80.0,饿了么
O05294,U0264,2025-12-26,烘焙早餐,烘焙,1,32.0,美团
O05295,U0265,2026-03-28,周边杯,周边,1,62.0,饿了么
O05296,U0265,2026-06-08,轻食沙拉,轻食,1,35.8,美团
O05297,U0265,2026-03-01,烘焙早餐,烘焙,2,59.4,饿了么
O05298,U0265,2026-05-03,拿铁,咖啡,1,30.3,美团
O05299,U0265,2026-04-18,冷萃,咖啡,1,34.7,饿了么
O05300,U0265,2026-04-22,冷萃,咖啡,1,37.3,APP
O05301,U0265,2026-05-08,生椰拿铁,咖啡,1,47.3,门店
O05302,U0266,2025-12-04,轻食沙拉,轻食,1,43.8,美团
O05303,U0266,2025-12-13,周边杯,周边,1,64.5,饿了么
O05304,U0266,2026-01-03,烘焙早餐,烘焙,2,38.8,饿了么
O05305,U0266,2026-06-24,生椰拿铁,咖啡,1,45.6,小程序
O05306,U0266,2026-04-01,烘焙早餐,烘焙,1,26.8,门店
O05307,U0266,2026-03-30,冷萃,咖啡,2,65.4,门店
O05308,U0267,2025-10-28,轻食沙拉,轻食,1,37.1,饿了么
O05309,U0267,2026-04-25,轻食沙拉,轻食,2,57.2,饿了么
O05310,U0267,2026-05-28,冷萃,咖啡,1,38.3,小程序
O05311,U0267,2026-04-05,美式,咖啡,2,60.8,饿了么
O05312,U0267,2025-12-16,拿铁,咖啡,2,60.2,APP
O05313,U0267,2026-01-22,轻食沙拉,轻食,1,25.3,美团
O05314,U0268,2026-04-14,生椰拿铁,咖啡,2,66.2,小程序
O05315,U0268,2026-03-21,轻食沙拉,轻食,1,37.9,APP
O05316,U0268,2026-01-19,美式,咖啡,1,33.1,APP
O05317,U0268,2026-01-08,轻食沙拉,轻食,1,36.2,小程序
O05318,U0268,2025-12-12,周边杯,周边,1,87.1,小程序
O05319,U0268,2026-01-12,周边杯,周边,1,59.5,美团
O05320,U0269,2026-06-21,生椰拿铁,咖啡,1,42.6,门店
O05321,U0269,2026-06-22,冷萃,咖啡,2,98.0,门店
O05322,U0269,2026-06-19,轻食沙拉,轻食,1,41.2,小程序
O05323,U0269,2026-06-29,周边杯,周边,1,60.1,饿了么
O05324,U0269,2026-06-24,冷萃,咖啡,2,88.4,门店
O05325,U0269,2026-06-19,轻食沙拉,轻食,2,65.2,APP
O05326,U0269,2026-06-24,轻食沙拉,轻食,2,62.2,APP
O05327,U0269,2026-06-23,生椰拿铁,咖啡,1,43.0,美团
O05328,U0269,2026-06-27,烘焙早餐,烘焙,1,31.3,饿了么
O05329,U0269,2026-06-22,轻食沙拉,轻食,1,40.0,APP
O05330,U0269,2026-06-23,烘焙早餐,烘焙,1,32.8,门店
O05331,U0269,2026-06-29,烘焙早餐,烘焙,1,36.9,美团
O05332,U0270,2025-12-13,冷萃,咖啡,2,99.2,饿了么
O05333,U0270,2026-01-07,美式,咖啡,2,48.0,美团
O05334,U0270,2026-02-17,生椰拿铁,咖啡,1,39.4,饿了么
O05335,U0270,2026-06-06,烘焙早餐,烘焙,1,23.8,美团
O05336,U0270,2026-05-04,周边杯,周边,1,73.4,门店
O05337,U0270,2026-01-03,美式,咖啡,2,66.6,饿了么
O05338,U0270,2026-04-13,生椰拿铁,咖啡,1,45.6,小程序
O05339,U0270,2026-05-02,轻食沙拉,轻食,1,40.8,小程序
O05340,U0270,2026-01-19,轻食沙拉,轻食,1,25.6,门店
O05341,U0270,2026-01-29,冷萃,咖啡,2,70.0,小程序
O05342,U0270,2026-02-13,美式,咖啡,2,51.2,饿了么
O05343,U0270,2026-05-01,美式,咖啡,1,29.4,美团
O05344,U0270,2025-12-16,轻食沙拉,轻食,1,34.8,饿了么
O05345,U0271,2026-06-01,轻食沙拉,轻食,1,40.8,小程序
O05346,U0271,2026-05-28,烘焙早餐,烘焙,1,36.5,APP
O05347,U0271,2026-06-09,烘焙早餐,烘焙,1,37.9,小程序
O05348,U0271,2026-05-14,轻食沙拉,轻食,1,38.9,门店
O05349,U0271,2026-04-30,轻食沙拉,轻食,1,28.7,门店
O05350,U0271,2026-05-24,生椰拿铁,咖啡,1,34.1,美团
O05351,U0271,2026-05-31,周边杯,周边,1,76.4,APP
O05352,U0271,2026-05-26,周边杯,周边,2,137.4,门店
O05353,U0271,2026-05-22,拿铁,咖啡,2,83.2,小程序
O05354,U0271,2026-05-12,美式,咖啡,1,25.1,小程序
O05355,U0271,2026-06-02,周边杯,周边,1,55.7,美团
O05356,U0272,2025-12-30,烘焙早餐,烘焙,1,26.7,APP
O05357,U0272,2026-06-16,轻食沙拉,轻食,1,31.9,饿了么
O05358,U0272,2026-02-23,冷萃,咖啡,1,36.0,门店
O05359,U0272,2026-02-19,生椰拿铁,咖啡,1,36.2,美团
O05360,U0272,2025-12-02,周边杯,周边,2,146.2,小程序
O05361,U0272,2026-04-20,美式,咖啡,1,26.2,门店
O05362,U0272,2026-02-18,周边杯,周边,2,126.6,APP
O05363,U0272,2026-05-17,冷萃,咖啡,2,89.2,美团
O05364,U0272,2025-12-26,冷萃,咖啡,2,70.8,美团
O05365,U0272,2026-03-18,美式,咖啡,1,25.2,小程序
O05366,U0273,2025-12-21,轻食沙拉,轻食,1,31.3,美团
O05367,U0273,2026-06-01,轻食沙拉,轻食,2,80.4,美团
O05368,U0273,2026-02-02,拿铁,咖啡,1,31.0,饿了么
O05369,U0273,2026-02-02,烘焙早餐,烘焙,3,61.2,美团
O05370,U0273,2026-03-09,美式,咖啡,1,22.2,小程序
O05371,U0273,2026-03-17,烘焙早餐,烘焙,1,22.7,美团
O05372,U0273,2026-01-29,拿铁,咖啡,1,41.4,饿了么
O05373,U0273,2026-05-01,生椰拿铁,咖啡,1,47.1,美团
O05374,U0274,2026-03-08,生椰拿铁,咖啡,1,30.6,饿了么
O05375,U0274,2025-12-12,周边杯,周边,1,54.0,美团
O05376,U0274,2026-05-13,美式,咖啡,1,30.8,APP
O05377,U0274,2026-01-18,生椰拿铁,咖啡,2,88.2,饿了么
O05378,U0274,2026-06-28,拿铁,咖啡,1,33.2,小程序
O05379,U0274,2026-02-26,轻食沙拉,轻食,1,28.0,饿了么
O05380,U0275,2026-06-29,生椰拿铁,咖啡,2,73.2,APP
O05381,U0275,2026-06-30,美式,咖啡,1,32.2,APP
O05382,U0275,2026-06-29,美式,咖啡,2,56.2,美团
O05383,U0275,2026-06-29,冷萃,咖啡,1,35.3,小程序
O05384,U0275,2026-06-30,生椰拿铁,咖啡,1,35.3,门店
O05385,U0275,2026-06-30,生椰拿铁,咖啡,1,33.5,APP
O05386,U0275,2026-06-30,生椰拿铁,咖啡,2,69.0,门店
O05387,U0275,2026-06-28,周边杯,周边,1,52.4,APP
O05388,U0275,2026-06-30,烘焙早餐,烘焙,1,27.7,小程序
O05389,U0276,2025-11-22,冷萃,咖啡,1,34.6,美团
O05390,U0276,2026-04-21,美式,咖啡,2,54.2,门店
O05391,U0276,2026-06-13,拿铁,咖啡,1,43.5,APP
O05392,U0276,2026-03-28,拿铁,咖啡,1,42.3,饿了么
O05393,U0276,2025-12-09,轻食沙拉,轻食,1,26.1,APP
O05394,U0276,2026-06-15,烘焙早餐,烘焙,1,21.1,饿了么
O05395,U0276,2026-01-20,冷萃,咖啡,1,42.2,门店
O05396,U0276,2026-03-11,美式,咖啡,1,30.8,美团
O05397,U0276,2025-12-17,周边杯,周边,1,50.1,饿了么
O05398,U0276,2026-05-11,冷萃,咖啡,1,40.8,门店
O05399,U0276,2026-02-14,周边杯,周边,1,72.8,小程序
O05400,U0277,2026-05-05,拿铁,咖啡,1,32.3,小程序
O05401,U0277,2026-05-02,拿铁,咖啡,1,30.2,饿了么
O05402,U0277,2026-05-11,烘焙早餐,烘焙,1,27.9,APP
O05403,U0277,2026-05-19,轻食沙拉,轻食,1,31.9,饿了么
O05404,U0277,2026-05-20,烘焙早餐,烘焙,2,52.0,小程序
O05405,U0277,2026-05-10,轻食沙拉,轻食,1,40.6,饿了么
O05406,U0277,2026-05-06,生椰拿铁,咖啡,1,37.3,门店
O05407,U0277,2026-05-18,轻食沙拉,轻食,2,52.8,APP
O05408,U0277,2026-05-10,周边杯,周边,1,66.0,小程序
O05409,U0277,2026-04-19,美式,咖啡,1,32.8,美团
O05410,U0277,2026-05-02,拿铁,咖啡,2,57.6,小程序
O05411,U0278,2026-06-07,生椰拿铁,咖啡,1,36.8,门店
O05412,U0278,2026-06-02,美式,咖啡,1,22.0,饿了么
O05413,U0278,2026-06-02,生椰拿铁,咖啡,1,44.3,饿了么
O05414,U0278,2026-06-04,轻食沙拉,轻食,2,79.2,美团
O05415,U0278,2026-06-25,拿铁,咖啡,1,40.3,APP
O05416,U0278,2026-06-18,周边杯,周边,1,49.4,小程序
O05417,U0278,2026-06-22,美式,咖啡,1,31.6,美团
O05418,U0278,2026-06-24,烘焙早餐,烘焙,1,32.1,美团
O05419,U0278,2026-06-22,美式,咖啡,1,22.6,APP
O05420,U0279,2025-11-15,轻食沙拉,轻食,2,78.6,美团
O05421,U0279,2025-07-11,冷萃,咖啡,1,34.1,饿了么
O05422,U0279,2026-01-09,周边杯,周边,2,161.6,饿了么
O05423,U0279,2026-05-13,生椰拿铁,咖啡,1,31.9,小程序
O05424,U0279,2026-04-03,生椰拿铁,咖啡,1,31.5,饿了么
O05425,U0279,2025-08-17,烘焙早餐,烘焙,1,23.3,门店
O05426,U0279,2025-11-16,生椰拿铁,咖啡,1,37.6,饿了么
O05427,U0280,2026-04-11,生椰拿铁,咖啡,1,37.0,APP
O05428,U0280,2026-04-25,冷萃,咖啡,1,41.0,美团
O05429,U0280,2026-05-30,轻食沙拉,轻食,1,41.2,饿了么
O05430,U0280,2026-05-01,冷萃,咖啡,2,91.0,APP
O05431,U0280,2026-05-11,生椰拿铁,咖啡,1,37.2,美团
O05432,U0280,2026-06-03,周边杯,周边,2,128.6,饿了么
O05433,U0280,2026-03-26,拿铁,咖啡,1,34.3,美团
O05434,U0280,2026-03-10,美式,咖啡,2,58.2,美团
O05435,U0280,2026-06-01,生椰拿铁,咖啡,1,44.8,APP
O05436,U0280,2026-03-25,轻食沙拉,轻食,2,76.2,门店
O05437,U0280,2026-05-22,冷萃,咖啡,1,49.3,美团
O05438,U0280,2026-06-19,冷萃,咖啡,1,35.2,APP
O05439,U0281,2026-03-07,轻食沙拉,轻食,2,54.4,美团
O05440,U0281,2026-01-15,轻食沙拉,轻食,1,31.0,小程序
O05441,U0281,2026-03-27,美式,咖啡,1,25.8,饿了么
O05442,U0281,2026-04-02,烘焙早餐,烘焙,1,32.7,美团
O05443,U0281,2026-02-27,冷萃,咖啡,1,32.5,门店
O05444,U0281,2026-03-28,烘焙早餐,烘焙,1,37.5,饿了么
O05445,U0282,2025-11-12,美式,咖啡,1,26.9,APP
O05446,U0282,2025-11-07,拿铁,咖啡,1,32.7,饿了么
O05447,U0282,2026-06-30,轻食沙拉,轻食,2,59.2,小程序
O05448,U0282,2026-05-21,生椰拿铁,咖啡,1,40.4,APP
O05449,U0282,2026-05-25,轻食沙拉,轻食,1,44.8,APP
O05450,U0282,2026-03-10,拿铁,咖啡,1,34.5,门店
O05451,U0282,2025-11-23,拿铁,咖啡,1,43.4,APP
O05452,U0282,2026-04-04,拿铁,咖啡,1,29.4,APP
O05453,U0282,2026-03-18,美式,咖啡,1,25.6,APP
O05454,U0282,2025-11-12,拿铁,咖啡,1,37.1,饿了么
O05455,U0282,2026-05-23,冷萃,咖啡,2,87.4,美团
O05456,U0282,2026-01-31,轻食沙拉,轻食,1,34.0,饿了么
O05457,U0282,2026-04-23,生椰拿铁,咖啡,1,45.0,门店
O05458,U0283,2026-06-18,烘焙早餐,烘焙,1,19.1,APP
O05459,U0283,2025-09-26,冷萃,咖啡,1,34.2,美团
O05460,U0283,2026-01-21,冷萃,咖啡,2,76.8,饿了么
O05461,U0283,2026-06-16,烘焙早餐,烘焙,3,93.9,小程序
O05462,U0283,2026-03-12,拿铁,咖啡,1,36.4,门店
O05463,U0283,2026-02-27,周边杯,周边,3,176.1,APP
O05464,U0283,2025-09-20,美式,咖啡,3,89.4,门店
O05465,U0283,2026-01-30,冷萃,咖啡,2,93.4,美团
O05466,U0283,2025-09-24,冷萃,咖啡,1,42.7,APP
O05467,U0283,2026-04-09,烘焙早餐,烘焙,1,28.1,APP
O05468,U0283,2026-04-29,周边杯,周边,1,76.6,饿了么
O05469,U0283,2026-05-29,拿铁,咖啡,3,104.1,APP
O05470,U0283,2025-08-27,拿铁,咖啡,1,41.0,小程序
O05471,U0284,2025-09-15,冷萃,咖啡,1,49.8,APP
O05472,U0284,2025-10-04,冷萃,咖啡,3,108.0,APP
O05473,U0284,2026-03-10,拿铁,咖啡,1,41.6,美团
O05474,U0284,2026-06-17,周边杯,周边,1,70.1,小程序
O05475,U0284,2025-08-30,生椰拿铁,咖啡,2,84.8,APP
O05476,U0284,2026-04-07,轻食沙拉,轻食,1,28.3,门店
O05477,U0284,2026-02-13,烘焙早餐,烘焙,1,33.5,门店
O05478,U0284,2026-03-10,周边杯,周边,1,83.7,饿了么
O05479,U0284,2026-05-14,周边杯,周边,1,82.2,门店
O05480,U0284,2025-11-26,烘焙早餐,烘焙,1,30.6,门店
O05481,U0284,2026-01-29,拿铁,咖啡,1,35.4,饿了么
O05482,U0284,2025-11-09,生椰拿铁,咖啡,2,80.0,门店
O05483,U0284,2026-04-16,周边杯,周边,1,65.8,小程序
O05484,U0285,2025-12-21,冷萃,咖啡,1,46.6,饿了么
O05485,U0285,2026-04-06,美式,咖啡,1,29.4,门店
O05486,U0285,2025-11-05,周边杯,周边,2,114.6,门店
O05487,U0285,2026-02-25,美式,咖啡,1,23.2,小程序
O05488,U0285,2026-01-18,拿铁,咖啡,2,86.4,饿了么
O05489,U0285,2026-04-08,烘焙早餐,烘焙,1,31.2,饿了么
O05490,U0285,2025-10-09,轻食沙拉,轻食,1,36.7,门店
O05491,U0285,2026-03-20,周边杯,周边,1,72.2,门店
O05492,U0286,2026-04-25,轻食沙拉,轻食,2,74.4,小程序
O05493,U0286,2026-03-30,冷萃,咖啡,2,86.8,门店
O05494,U0286,2026-05-18,周边杯,周边,1,86.0,饿了么
O05495,U0286,2025-12-19,拿铁,咖啡,1,42.9,饿了么
O05496,U0286,2026-04-02,美式,咖啡,1,34.1,美团
O05497,U0286,2026-05-29,美式,咖啡,1,23.6,门店
O05498,U0287,2025-11-30,生椰拿铁,咖啡,1,32.4,APP
O05499,U0287,2026-01-15,拿铁,咖啡,1,39.7,APP
O05500,U0287,2025-09-30,冷萃,咖啡,1,44.1,APP
O05501,U0287,2026-04-09,生椰拿铁,咖啡,1,35.6,饿了么
O05502,U0287,2025-10-20,轻食沙拉,轻食,1,40.8,APP
O05503,U0287,2026-01-28,周边杯,周边,2,175.8,门店
O05504,U0288,2026-06-18,轻食沙拉,轻食,1,25.6,APP
O05505,U0288,2026-06-27,周边杯,周边,1,79.2,饿了么
O05506,U0288,2026-05-26,冷萃,咖啡,2,78.8,小程序
O05507,U0288,2026-05-14,轻食沙拉,轻食,1,39.7,小程序
O05508,U0288,2026-05-28,冷萃,咖啡,1,49.8,饿了么
O05509,U0288,2026-05-25,拿铁,咖啡,1,33.3,饿了么
O05510,U0288,2026-06-10,烘焙早餐,烘焙,2,64.2,美团
O05511,U0288,2026-05-09,生椰拿铁,咖啡,1,35.6,门店
O05512,U0289,2025-11-16,轻食沙拉,轻食,1,37.7,APP
O05513,U0289,2026-01-30,周边杯,周边,2,104.0,小程序
O05514,U0289,2025-10-30,轻食沙拉,轻食,1,29.0,饿了么
O05515,U0289,2025-12-31,美式,咖啡,1,31.7,APP
O05516,U0289,2025-11-02,轻食沙拉,轻食,1,44.1,美团
O05517,U0289,2026-04-24,冷萃,咖啡,1,39.8,美团
O05518,U0289,2026-03-26,美式,咖啡,1,32.1,APP
O05519,U0289,2025-12-22,烘焙早餐,烘焙,1,25.7,小程序
O05520,U0289,2026-05-25,拿铁,咖啡,1,38.6,APP
O05521,U0289,2026-03-28,轻食沙拉,轻食,1,25.3,APP
O05522,U0289,2026-05-12,周边杯,周边,1,61.2,APP
O05523,U0290,2026-02-16,冷萃,咖啡,1,39.6,APP
O05524,U0290,2026-04-26,冷萃,咖啡,2,70.8,饿了么
O05525,U0290,2026-04-15,美式,咖啡,1,25.3,小程序
O05526,U0290,2026-06-30,冷萃,咖啡,1,39.9,小程序
O05527,U0290,2026-06-25,冷萃,咖啡,1,46.0,门店
O05528,U0290,2026-04-01,生椰拿铁,咖啡,1,34.5,美团
O05529,U0290,2026-03-22,烘焙早餐,烘焙,1,24.6,门店
O05530,U0290,2026-04-09,生椰拿铁,咖啡,1,44.8,门店
O05531,U0290,2026-03-29,周边杯,周边,1,83.1,饿了么
O05532,U0290,2026-05-22,烘焙早餐,烘焙,3,70.2,美团
O05533,U0291,2026-05-29,烘焙早餐,烘焙,2,53.0,美团
O05534,U0291,2026-06-03,生椰拿铁,咖啡,1,33.8,美团
O05535,U0291,2026-06-18,生椰拿铁,咖啡,1,30.8,饿了么
O05536,U0291,2026-05-23,拿铁,咖啡,1,28.6,饿了么
O05537,U0291,2026-06-10,生椰拿铁,咖啡,1,32.5,美团
O05538,U0291,2026-05-25,生椰拿铁,咖啡,2,95.4,饿了么
O05539,U0292,2026-06-05,烘焙早餐,烘焙,1,37.3,饿了么
O05540,U0292,2026-06-25,烘焙早餐,烘焙,1,29.6,美团
O05541,U0292,2026-05-01,冷萃,咖啡,2,89.2,小程序
O05542,U0292,2026-06-12,烘焙早餐,烘焙,2,38.0,饿了么
O05543,U0292,2026-06-13,拿铁,咖啡,3,88.2,APP
O05544,U0292,2026-06-24,生椰拿铁,咖啡,3,132.9,美团
O05545,U0292,2026-05-01,生椰拿铁,咖啡,2,74.2,美团
O05546,U0292,2026-06-12,轻食沙拉,轻食,1,31.5,小程序
O05547,U0292,2026-06-26,轻食沙拉,轻食,2,70.2,小程序
O05548,U0292,2026-06-06,冷萃,咖啡,1,43.9,APP
O05549,U0292,2026-05-14,生椰拿铁,咖啡,3,127.5,门店
O05550,U0292,2026-06-12,烘焙早餐,烘焙,1,28.3,门店
O05551,U0293,2026-06-26,拿铁,咖啡,2,78.0,美团
O05552,U0293,2026-06-23,烘焙早餐,烘焙,1,33.8,门店
O05553,U0293,2026-05-28,拿铁,咖啡,2,60.6,门店
O05554,U0293,2026-05-20,周边杯,周边,1,71.4,饿了么
O05555,U0293,2026-06-15,美式,咖啡,2,67.4,小程序
O05556,U0293,2026-05-28,拿铁,咖啡,1,42.4,APP
O05557,U0293,2026-06-12,生椰拿铁,咖啡,3,137.1,美团
O05558,U0293,2026-06-25,美式,咖啡,2,63.6,门店
O05559,U0293,2026-06-10,周边杯,周边,1,51.9,APP
O05560,U0293,2026-06-11,轻食沙拉,轻食,1,30.8,美团
O05561,U0293,2026-06-13,周边杯,周边,1,51.1,门店
O05562,U0294,2026-06-08,美式,咖啡,2,44.4,小程序
O05563,U0294,2026-05-22,周边杯,周边,1,79.6,饿了么
O05564,U0294,2026-06-10,烘焙早餐,烘焙,3,74.1,饿了么
O05565,U0294,2026-06-27,美式,咖啡,1,22.0,饿了么
O05566,U0294,2026-06-09,美式,咖啡,2,67.6,美团
O05567,U0294,2026-06-15,生椰拿铁,咖啡,2,78.8,小程序
O05568,U0294,2026-05-30,冷萃,咖啡,1,37.9,APP
O05569,U0294,2026-06-13,美式,咖啡,1,25.3,APP
O05570,U0294,2026-06-26,烘焙早餐,烘焙,1,23.2,饿了么
O05571,U0294,2026-06-10,轻食沙拉,轻食,1,39.8,小程序
O05572,U0294,2026-06-20,拿铁,咖啡,1,39.5,APP
O05573,U0294,2026-06-09,冷萃,咖啡,1,44.2,小程序
O05574,U0294,2026-06-14,美式,咖啡,2,65.8,门店
O05575,U0294,2026-06-03,周边杯,周边,1,63.3,美团
O05576,U0295,2026-06-25,冷萃,咖啡,1,48.0,美团
O05577,U0295,2026-06-18,烘焙早餐,烘焙,1,24.3,饿了么
O05578,U0295,2026-06-21,烘焙早餐,烘焙,1,27.8,美团
O05579,U0295,2026-06-28,周边杯,周边,1,64.0,门店
O05580,U0295,2026-06-24,美式,咖啡,2,68.4,门店
O05581,U0295,2026-06-08,烘焙早餐,烘焙,1,25.1,美团
O05582,U0295,2026-06-29,生椰拿铁,咖啡,2,91.6,APP
O05583,U0295,2026-06-19,冷萃,咖啡,1,40.4,门店
O05584,U0296,2026-01-06,周边杯,周边,3,165.0,美团
O05585,U0296,2026-02-15,冷萃,咖啡,1,38.4,美团
O05586,U0296,2026-01-28,美式,咖啡,1,25.9,美团
O05587,U0296,2026-05-15,美式,咖啡,1,30.5,饿了么
O05588,U0296,2026-03-30,拿铁,咖啡,1,41.4,小程序
O05589,U0296,2026-03-26,周边杯,周边,1,60.1,美团
O05590,U0297,2026-02-27,生椰拿铁,咖啡,1,43.1,门店
O05591,U0297,2025-12-20,生椰拿铁,咖啡,3,103.2,门店
O05592,U0297,2026-03-12,生椰拿铁,咖啡,3,103.2,APP
O05593,U0297,2025-10-13,冷萃,咖啡,1,39.7,小程序
O05594,U0297,2025-08-26,生椰拿铁,咖啡,2,76.8,饿了么
O05595,U0297,2025-09-17,拿铁,咖啡,1,29.0,门店
O05596,U0297,2026-06-03,周边杯,周边,2,151.2,小程序
O05597,U0297,2025-09-17,烘焙早餐,烘焙,1,31.8,饿了么
O05598,U0297,2026-06-06,轻食沙拉,轻食,1,33.0,小程序
O05599,U0297,2025-09-21,烘焙早餐,烘焙,2,40.0,饿了么
O05600,U0297,2025-11-26,轻食沙拉,轻食,2,88.4,门店
O05601,U0298,2026-05-15,拿铁,咖啡,1,33.3,美团
O05602,U0298,2026-05-14,拿铁,咖啡,2,73.4,美团
O05603,U0298,2026-06-05,冷萃,咖啡,1,44.0,美团
O05604,U0298,2026-06-24,冷萃,咖啡,1,39.2,美团
O05605,U0298,2026-06-15,美式,咖啡,1,31.2,门店
O05606,U0298,2026-03-01,生椰拿铁,咖啡,3,111.9,饿了么
O05607,U0298,2026-05-01,拿铁,咖啡,1,37.0,门店
O05608,U0298,2026-03-09,轻食沙拉,轻食,1,29.7,APP
O05609,U0298,2026-06-22,轻食沙拉,轻食,1,28.7,门店
O05610,U0298,2026-01-30,生椰拿铁,咖啡,1,35.0,APP
O05611,U0298,2026-06-11,冷萃,咖啡,1,35.1,门店
O05612,U0298,2026-02-09,生椰拿铁,咖啡,2,62.4,饿了么
O05613,U0299,2026-04-15,拿铁,咖啡,1,33.2,APP
O05614,U0299,2026-03-25,烘焙早餐,烘焙,1,29.8,美团
O05615,U0299,2026-05-30,轻食沙拉,轻食,1,35.0,美团
O05616,U0299,2026-04-05,周边杯,周边,1,61.1,APP
O05617,U0299,2026-04-08,烘焙早餐,烘焙,1,23.2,APP
O05618,U0299,2026-06-23,轻食沙拉,轻食,1,29.5,APP
O05619,U0299,2026-06-13,生椰拿铁,咖啡,1,47.9,美团
O05620,U0299,2026-04-19,生椰拿铁,咖啡,2,93.4,美团
O05621,U0299,2026-04-05,拿铁,咖啡,3,94.5,门店
O05622,U0299,2026-03-07,烘焙早餐,烘焙,1,31.5,门店
O05623,U0299,2026-05-02,生椰拿铁,咖啡,2,67.0,美团
O05624,U0299,2026-06-04,生椰拿铁,咖啡,1,39.6,APP
O05625,U0300,2026-05-13,烘焙早餐,烘焙,1,25.3,小程序
O05626,U0300,2026-03-01,烘焙早餐,烘焙,1,30.0,饿了么
O05627,U0300,2026-05-21,烘焙早餐,烘焙,1,19.2,门店
O05628,U0300,2026-04-25,轻食沙拉,轻食,1,40.9,APP
O05629,U0300,2026-03-17,冷萃,咖啡,2,75.8,小程序
O05630,U0300,2026-01-31,冷萃,咖啡,1,38.2,APP
O05631,U0300,2026-03-13,美式,咖啡,1,34.3,APP
O05632,U0300,2026-01-14,烘焙早餐,烘焙,1,33.2,饿了么
O05633,U0300,2026-06-12,轻食沙拉,轻食,2,80.6,APP
O05634,U0300,2026-06-29,烘焙早餐,烘焙,1,19.3,美团
O05635,U0300,2025-12-14,生椰拿铁,咖啡,1,32.3,APP
O05636,U0300,2026-01-14,美式,咖啡,1,23.3,门店
O05637,U0300,2026-03-23,冷萃,咖啡,1,45.4,小程序
O05638,U0300,2026-05-30,烘焙早餐,烘焙,1,32.7,小程序
O05639,U0301,2026-06-27,美式,咖啡,1,28.1,小程序
O05640,U0301,2026-06-25,生椰拿铁,咖啡,1,43.0,APP
O05641,U0301,2026-06-25,生椰拿铁,咖啡,1,45.9,APP
O05642,U0301,2026-06-25,拿铁,咖啡,1,33.5,小程序
O05643,U0301,2026-06-27,生椰拿铁,咖啡,1,30.2,小程序
O05644,U0301,2026-06-30,轻食沙拉,轻食,1,27.0,美团
O05645,U0301,2026-06-27,烘焙早餐,烘焙,1,29.0,门店
O05646,U0301,2026-06-27,冷萃,咖啡,2,78.6,美团
O05647,U0301,2026-06-26,轻食沙拉,轻食,1,41.0,门店
O05648,U0301,2026-06-25,周边杯,周边,3,213.9,饿了么
O05649,U0301,2026-06-29,拿铁,咖啡,2,60.8,饿了么
O05650,U0301,2026-06-27,生椰拿铁,咖啡,1,32.7,小程序
O05651,U0301,2026-06-29,轻食沙拉,轻食,1,41.1,小程序
O05652,U0301,2026-06-30,轻食沙拉,轻食,1,32.6,饿了么
O05653,U0302,2026-06-17,拿铁,咖啡,2,86.4,饿了么
O05654,U0302,2026-06-27,美式,咖啡,1,24.1,小程序
O05655,U0302,2026-06-23,烘焙早餐,烘焙,2,41.6,APP
O05656,U0302,2026-06-19,轻食沙拉,轻食,2,53.4,门店
O05657,U0302,2026-06-27,冷萃,咖啡,2,70.2,饿了么
O05658,U0302,2026-06-26,周边杯,周边,1,64.3,饿了么
O05659,U0302,2026-06-20,轻食沙拉,轻食,1,30.4,小程序
O05660,U0303,2026-05-17,生椰拿铁,咖啡,1,40.2,门店
O05661,U0303,2026-06-17,美式,咖啡,1,31.9,美团
O05662,U0303,2026-05-20,轻食沙拉,轻食,1,29.0,小程序
O05663,U0303,2026-06-27,轻食沙拉,轻食,2,68.6,饿了么
O05664,U0303,2026-06-07,烘焙早餐,烘焙,1,27.9,APP
O05665,U0303,2026-06-21,冷萃,咖啡,1,48.9,门店
O05666,U0304,2026-04-19,生椰拿铁,咖啡,2,66.8,小程序
O05667,U0304,2026-04-28,轻食沙拉,轻食,2,89.8,小程序
O05668,U0304,2026-03-12,轻食沙拉,轻食,1,44.0,美团
O05669,U0304,2026-02-14,生椰拿铁,咖啡,1,39.9,APP
O05670,U0304,2026-04-11,拿铁,咖啡,1,35.1,门店
O05671,U0304,2026-06-05,生椰拿铁,咖啡,2,76.2,饿了么
O05672,U0304,2026-05-01,拿铁,咖啡,1,40.2,小程序
O05673,U0305,2026-06-29,轻食沙拉,轻食,1,36.7,美团
O05674,U0305,2026-06-27,轻食沙拉,轻食,1,30.2,美团
O05675,U0305,2026-01-16,轻食沙拉,轻食,1,41.8,APP
O05676,U0305,2025-12-19,烘焙早餐,烘焙,1,29.2,饿了么
O05677,U0305,2026-02-14,轻食沙拉,轻食,1,42.6,饿了么
O05678,U0305,2026-04-01,周边杯,周边,1,58.5,小程序
O05679,U0305,2026-02-07,轻食沙拉,轻食,2,55.2,饿了么
O05680,U0305,2025-10-29,拿铁,咖啡,2,89.8,APP
O05681,U0305,2026-03-15,冷萃,咖啡,1,32.2,饿了么
O05682,U0305,2026-01-02,轻食沙拉,轻食,2,80.2,小程序
O05683,U0305,2026-05-04,烘焙早餐,烘焙,1,30.3,小程序
O05684,U0305,2025-12-16,生椰拿铁,咖啡,2,64.4,门店
O05685,U0305,2026-05-31,烘焙早餐,烘焙,3,89.1,门店
O05686,U0305,2026-04-28,美式,咖啡,3,87.9,饿了么
O05687,U0306,2026-02-15,拿铁,咖啡,2,76.0,门店
O05688,U0306,2026-05-04,周边杯,周边,1,71.5,门店
O05689,U0306,2026-01-08,生椰拿铁,咖啡,1,37.9,饿了么
O05690,U0306,2026-03-13,拿铁,咖啡,1,44.3,APP
O05691,U0306,2025-10-09,周边杯,周边,2,143.2,APP
O05692,U0306,2026-03-31,冷萃,咖啡,1,32.1,饿了么
O05693,U0306,2026-06-02,冷萃,咖啡,1,46.7,美团
O05694,U0306,2026-02-27,冷萃,咖啡,1,44.4,APP
O05695,U0306,2026-03-18,周边杯,周边,1,75.5,APP
O05696,U0306,2025-12-01,烘焙早餐,烘焙,2,72.2,小程序
O05697,U0307,2026-06-19,美式,咖啡,1,24.0,小程序
O05698,U0307,2026-05-04,烘焙早餐,烘焙,1,28.3,门店
O05699,U0307,2026-04-27,冷萃,咖啡,1,48.3,饿了么
O05700,U0307,2025-10-02,烘焙早餐,烘焙,1,37.0,饿了么
O05701,U0307,2026-01-13,冷萃,咖啡,2,99.0,饿了么
O05702,U0307,2026-03-08,周边杯,周边,1,72.0,小程序
O05703,U0307,2026-01-19,生椰拿铁,咖啡,1,41.5,美团
O05704,U0308,2026-06-01,轻食沙拉,轻食,1,40.7,APP
O05705,U0308,2026-06-21,轻食沙拉,轻食,1,37.5,美团
O05706,U0308,2026-05-23,拿铁,咖啡,1,44.4,门店
O05707,U0308,2026-06-24,冷萃,咖啡,3,132.9,APP
O05708,U0308,2026-06-11,冷萃,咖啡,1,37.8,小程序
O05709,U0308,2026-06-20,冷萃,咖啡,1,36.6,饿了么
O05710,U0308,2026-06-09,生椰拿铁,咖啡,1,44.2,门店
O05711,U0308,2026-06-12,生椰拿铁,咖啡,1,46.0,美团
O05712,U0308,2026-06-24,烘焙早餐,烘焙,2,53.0,小程序
O05713,U0308,2026-04-24,烘焙早餐,烘焙,1,37.1,饿了么
O05714,U0308,2026-05-11,拿铁,咖啡,1,42.2,APP
O05715,U0309,2025-10-15,周边杯,周边,1,78.5,APP
O05716,U0309,2025-11-29,生椰拿铁,咖啡,1,32.6,饿了么
O05717,U0309,2025-12-21,生椰拿铁,咖啡,1,43.9,美团
O05718,U0309,2026-03-16,冷萃,咖啡,1,42.0,饿了么
O05719,U0309,2026-01-10,冷萃,咖啡,1,43.8,小程序
O05720,U0309,2026-05-19,拿铁,咖啡,2,65.4,APP
O05721,U0310,2026-06-28,拿铁,咖啡,2,58.4,APP
O05722,U0310,2026-06-27,轻食沙拉,轻食,2,59.6,饿了么
O05723,U0310,2026-06-27,冷萃,咖啡,1,49.8,门店
O05724,U0310,2026-06-26,生椰拿铁,咖啡,2,69.8,门店
O05725,U0310,2026-06-25,烘焙早餐,烘焙,1,21.1,饿了么
O05726,U0310,2026-06-27,冷萃,咖啡,2,94.8,美团
O05727,U0310,2026-06-29,轻食沙拉,轻食,1,27.8,门店
O05728,U0310,2026-06-29,美式,咖啡,1,27.1,门店
O05729,U0310,2026-06-28,烘焙早餐,烘焙,1,19.3,APP
O05730,U0310,2026-06-29,烘焙早餐,烘焙,1,34.4,美团
O05731,U0311,2026-06-24,烘焙早餐,烘焙,1,25.3,小程序
O05732,U0311,2026-04-28,生椰拿铁,咖啡,2,86.0,APP
O05733,U0311,2026-05-24,美式,咖啡,1,33.2,美团
O05734,U0311,2026-04-26,周边杯,周边,1,61.8,APP
O05735,U0311,2026-05-02,美式,咖啡,1,27.4,饿了么
O05736,U0311,2026-04-30,冷萃,咖啡,1,40.6,门店
O05737,U0311,2026-06-17,冷萃,咖啡,1,32.0,小程序
O05738,U0311,2026-06-28,冷萃,咖啡,1,46.9,饿了么
O05739,U0312,2026-06-19,拿铁,咖啡,1,35.8,小程序
O05740,U0312,2026-03-21,烘焙早餐,烘焙,1,31.6,小程序
O05741,U0312,2026-04-29,烘焙早餐,烘焙,1,33.6,小程序
O05742,U0312,2026-05-30,生椰拿铁,咖啡,1,41.2,APP
O05743,U0312,2026-06-22,周边杯,周边,1,74.8,美团
O05744,U0312,2026-04-20,冷萃,咖啡,1,40.0,门店
O05745,U0312,2026-02-19,冷萃,咖啡,1,32.3,饿了么
O05746,U0313,2026-06-18,周边杯,周边,1,77.3,门店
O05747,U0313,2025-11-11,周边杯,周边,1,66.3,美团
O05748,U0313,2025-09-11,生椰拿铁,咖啡,2,91.0,APP
O05749,U0313,2025-10-01,轻食沙拉,轻食,1,25.1,饿了么
O05750,U0313,2025-08-17,冷萃,咖啡,2,78.6,APP
O05751,U0313,2025-12-20,周边杯,周边,1,53.5,饿了么
O05752,U0313,2026-03-15,冷萃,咖啡,1,34.2,小程序
O05753,U0313,2025-09-15,拿铁,咖啡,1,44.1,美团
O05754,U0313,2026-03-10,周边杯,周边,1,58.1,门店
O05755,U0313,2025-11-21,轻食沙拉,轻食,2,52.8,门店
O05756,U0314,2026-06-05,美式,咖啡,2,48.4,美团
O05757,U0314,2026-06-07,生椰拿铁,咖啡,1,37.2,门店
O05758,U0314,2026-05-23,轻食沙拉,轻食,1,44.3,门店
O05759,U0314,2026-05-12,冷萃,咖啡,2,83.2,门店
O05760,U0314,2026-06-04,美式,咖啡,1,30.1,APP
O05761,U0314,2026-06-30,美式,咖啡,3,87.0,门店
O05762,U0314,2026-06-10,拿铁,咖啡,1,42.2,饿了么
O05763,U0314,2026-06-25,周边杯,周边,2,125.6,门店
O05764,U0314,2026-06-28,冷萃,咖啡,1,38.5,美团
O05765,U0314,2026-05-31,拿铁,咖啡,2,61.2,饿了么
O05766,U0314,2026-06-24,生椰拿铁,咖啡,1,41.3,APP
O05767,U0314,2026-06-01,美式,咖啡,2,50.2,门店
O05768,U0314,2026-06-03,拿铁,咖啡,1,33.1,门店
O05769,U0314,2026-05-31,周边杯,周边,3,218.1,小程序
O05770,U0315,2026-04-25,轻食沙拉,轻食,2,73.6,APP
O05771,U0315,2026-01-11,拿铁,咖啡,2,75.0,饿了么
O05772,U0315,2026-02-06,拿铁,咖啡,1,36.8,门店
O05773,U0315,2026-02-22,轻食沙拉,轻食,1,40.3,美团
O05774,U0315,2025-08-29,美式,咖啡,1,29.9,小程序
O05775,U0315,2025-09-24,冷萃,咖啡,1,38.3,小程序
O05776,U0315,2025-10-08,冷萃,咖啡,2,91.0,美团
O05777,U0315,2026-06-05,周边杯,周边,1,74.8,美团
O05778,U0315,2026-05-21,冷萃,咖啡,1,44.6,饿了么
O05779,U0315,2026-01-23,生椰拿铁,咖啡,1,42.2,APP
O05780,U0316,2026-06-12,烘焙早餐,烘焙,1,34.2,饿了么
O05781,U0316,2026-06-20,冷萃,咖啡,1,39.2,APP
O05782,U0316,2026-06-20,冷萃,咖啡,1,50.0,门店
O05783,U0316,2026-06-18,拿铁,咖啡,1,36.3,APP
O05784,U0316,2026-05-24,生椰拿铁,咖啡,3,132.0,APP
O05785,U0316,2026-06-10,周边杯,周边,1,53.3,小程序
O05786,U0316,2026-05-06,生椰拿铁,咖啡,1,33.4,门店
O05787,U0317,2026-06-24,轻食沙拉,轻食,1,31.2,美团
O05788,U0317,2026-06-12,周边杯,周边,1,75.9,美团
O05789,U0317,2026-06-13,冷萃,咖啡,2,91.6,门店
O05790,U0317,2026-06-27,拿铁,咖啡,2,62.6,小程序
O05791,U0317,2026-04-28,冷萃,咖啡,1,44.1,门店
O05792,U0317,2026-06-16,周边杯,周边,2,127.2,美团
O05793,U0317,2026-04-25,烘焙早餐,烘焙,2,43.0,APP
O05794,U0317,2026-06-14,美式,咖啡,1,33.7,饿了么
O05795,U0318,2026-05-27,周边杯,周边,1,81.0,饿了么
O05796,U0318,2026-06-16,周边杯,周边,1,69.9,饿了么
O05797,U0318,2026-03-11,拿铁,咖啡,1,41.8,APP
O05798,U0318,2026-06-07,周边杯,周边,1,55.6,APP
O05799,U0318,2026-04-08,周边杯,周边,1,55.4,小程序
O05800,U0318,2026-05-11,冷萃,咖啡,1,46.2,APP
O05801,U0318,2026-06-13,生椰拿铁,咖啡,2,89.2,美团
O05802,U0318,2026-06-03,周边杯,周边,3,185.1,门店
O05803,U0318,2026-04-15,生椰拿铁,咖啡,1,42.6,门店
O05804,U0318,2026-04-02,生椰拿铁,咖啡,1,46.6,小程序
O05805,U0319,2026-05-09,周边杯,周边,1,79.6,小程序
O05806,U0319,2026-01-13,冷萃,咖啡,1,48.6,小程序
O05807,U0319,2026-05-14,生椰拿铁,咖啡,1,32.6,饿了么
O05808,U0319,2025-12-15,轻食沙拉,轻食,1,36.9,美团
O05809,U0319,2026-03-31,生椰拿铁,咖啡,1,44.0,门店
O05810,U0319,2026-06-28,冷萃,咖啡,1,48.9,APP
O05811,U0319,2026-01-01,拿铁,咖啡,1,44.1,饿了么
O05812,U0319,2026-01-21,美式,咖啡,1,25.2,小程序
O05813,U0319,2025-12-14,拿铁,咖啡,1,31.1,APP
O05814,U0319,2026-02-27,拿铁,咖啡,1,31.3,美团
O05815,U0319,2026-02-02,冷萃,咖啡,1,48.3,饿了么
O05816,U0319,2025-11-22,冷萃,咖啡,1,43.9,小程序
O05817,U0319,2026-04-08,美式,咖啡,1,32.1,饿了么
O05818,U0319,2026-02-23,拿铁,咖啡,1,36.2,小程序
O05819,U0320,2026-03-28,拿铁,咖啡,1,36.5,饿了么
O05820,U0320,2026-06-23,周边杯,周边,1,69.6,门店
O05821,U0320,2026-03-07,烘焙早餐,烘焙,1,25.8,小程序
O05822,U0320,2026-04-07,周边杯,周边,1,75.9,门店
O05823,U0320,2026-05-04,周边杯,周边,1,65.0,美团
O05824,U0320,2026-04-26,拿铁,咖啡,1,38.0,小程序
O05825,U0320,2026-05-02,轻食沙拉,轻食,2,86.2,饿了么
O05826,U0320,2026-02-14,冷萃,咖啡,1,46.1,饿了么
O05827,U0320,2026-02-17,烘焙早餐,烘焙,2,64.8,小程序
O05828,U0320,2026-04-08,生椰拿铁,咖啡,2,64.8,小程序
O05829,U0320,2026-06-04,轻食沙拉,轻食,1,26.1,门店
O05830,U0320,2026-03-06,美式,咖啡,1,27.2,饿了么
O05831,U0321,2026-04-26,拿铁,咖啡,1,35.9,门店
O05832,U0321,2026-06-24,美式,咖啡,1,22.9,美团
O05833,U0321,2026-05-30,美式,咖啡,1,32.2,APP
O05834,U0321,2026-04-18,周边杯,周边,1,49.1,美团
O05835,U0321,2026-05-10,轻食沙拉,轻食,1,43.6,饿了么
O05836,U0321,2026-04-25,生椰拿铁,咖啡,1,44.3,APP
O05837,U0321,2026-06-16,周边杯,周边,1,86.1,门店
O05838,U0321,2026-05-06,美式,咖啡,2,63.6,APP
O05839,U0321,2026-05-24,周边杯,周边,1,73.9,美团
O05840,U0321,2026-04-13,冷萃,咖啡,2,72.6,小程序
O05841,U0321,2026-04-28,生椰拿铁,咖啡,1,36.1,饿了么
O05842,U0321,2026-03-25,周边杯,周边,1,76.6,小程序
O05843,U0322,2026-06-24,拿铁,咖啡,2,66.4,小程序
O05844,U0322,2026-01-25,烘焙早餐,烘焙,1,22.9,门店
O05845,U0322,2026-03-22,烘焙早餐,烘焙,1,37.0,美团
O05846,U0322,2026-05-11,烘焙早餐,烘焙,1,18.2,饿了么
O05847,U0322,2026-04-13,拿铁,咖啡,1,36.4,美团
O05848,U0322,2026-06-15,拿铁,咖啡,1,31.3,饿了么
O05849,U0322,2026-04-12,拿铁,咖啡,1,43.2,APP
O05850,U0322,2026-02-20,轻食沙拉,轻食,1,32.6,美团
O05851,U0323,2026-06-24,周边杯,周边,1,58.3,饿了么
O05852,U0323,2026-03-04,美式,咖啡,1,25.1,门店
O05853,U0323,2025-11-19,周边杯,周边,2,142.6,美团
O05854,U0323,2026-05-13,冷萃,咖啡,1,47.6,小程序
O05855,U0323,2025-09-25,冷萃,咖啡,1,37.0,饿了么
O05856,U0323,2026-05-11,轻食沙拉,轻食,2,75.4,小程序
O05857,U0323,2026-05-20,周边杯,周边,1,58.5,APP
O05858,U0323,2026-02-03,烘焙早餐,烘焙,2,67.6,美团
O05859,U0323,2026-03-10,周边杯,周边,2,176.6,门店
O05860,U0323,2026-03-14,拿铁,咖啡,1,41.3,门店
O05861,U0324,2026-06-21,烘焙早餐,烘焙,2,48.2,美团
O05862,U0324,2026-06-24,周边杯,周边,1,53.7,门店
O05863,U0324,2026-06-27,拿铁,咖啡,2,85.2,APP
O05864,U0324,2026-06-28,拿铁,咖啡,2,71.4,饿了么
O05865,U0324,2026-06-26,周边杯,周边,2,144.4,美团
O05866,U0324,2026-06-27,周边杯,周边,1,53.7,美团
O05867,U0324,2026-06-30,冷萃,咖啡,2,78.2,门店
O05868,U0324,2026-06-25,轻食沙拉,轻食,1,39.9,美团
O05869,U0324,2026-06-23,烘焙早餐,烘焙,1,29.3,APP
O05870,U0324,2026-06-27,轻食沙拉,轻食,1,36.5,门店
O05871,U0324,2026-06-25,轻食沙拉,轻食,1,25.5,小程序
O05872,U0324,2026-06-30,烘焙早餐,烘焙,1,23.2,饿了么
O05873,U0324,2026-06-26,轻食沙拉,轻食,2,66.6,美团
O05874,U0324,2026-06-30,轻食沙拉,轻食,2,73.8,美团
O05875,U0325,2026-06-11,烘焙早餐,烘焙,1,20.6,饿了么
O05876,U0325,2026-06-20,拿铁,咖啡,2,77.2,美团
O05877,U0325,2026-06-19,冷萃,咖啡,1,42.7,APP
O05878,U0325,2026-06-23,烘焙早餐,烘焙,1,35.9,美团
O05879,U0325,2026-06-12,冷萃,咖啡,1,40.4,美团
O05880,U0325,2026-06-07,轻食沙拉,轻食,1,40.7,美团
O05881,U0325,2026-06-29,美式,咖啡,1,34.8,饿了么
O05882,U0326,2025-10-15,美式,咖啡,1,30.6,饿了么
O05883,U0326,2026-06-18,美式,咖啡,1,25.7,APP
O05884,U0326,2025-11-19,拿铁,咖啡,1,41.4,饿了么
O05885,U0326,2025-11-13,生椰拿铁,咖啡,1,35.0,美团
O05886,U0326,2025-08-02,周边杯,周边,2,165.8,饿了么
O05887,U0326,2025-11-28,轻食沙拉,轻食,2,59.0,美团
O05888,U0326,2026-05-28,生椰拿铁,咖啡,1,41.8,美团
O05889,U0326,2026-04-20,冷萃,咖啡,1,37.8,门店
O05890,U0326,2025-09-03,美式,咖啡,1,28.6,小程序
O05891,U0326,2025-08-04,周边杯,周边,2,128.6,门店
O05892,U0326,2026-04-16,周边杯,周边,1,71.2,美团
O05893,U0326,2026-01-09,美式,咖啡,3,70.2,饿了么
O05894,U0327,2026-02-12,美式,咖啡,3,80.1,APP
O05895,U0327,2026-04-23,周边杯,周边,1,49.3,美团
O05896,U0327,2026-03-24,周边杯,周边,3,266.1,门店
O05897,U0327,2026-03-04,周边杯,周边,1,50.2,美团
O05898,U0327,2026-04-28,烘焙早餐,烘焙,1,30.8,美团
O05899,U0327,2025-12-16,轻食沙拉,轻食,1,28.6,饿了么
O05900,U0328,2025-11-23,拿铁,咖啡,1,32.2,美团
O05901,U0328,2025-09-15,拿铁,咖啡,2,77.2,门店
O05902,U0328,2026-06-11,冷萃,咖啡,2,98.8,饿了么
O05903,U0328,2026-06-20,轻食沙拉,轻食,2,55.2,饿了么
O05904,U0328,2026-05-24,周边杯,周边,2,136.8,饿了么
O05905,U0328,2026-05-10,美式,咖啡,1,32.7,门店
O05906,U0328,2025-11-17,周边杯,周边,1,61.4,美团
O05907,U0328,2025-11-25,烘焙早餐,烘焙,1,34.3,饿了么
O05908,U0329,2025-12-06,生椰拿铁,咖啡,1,32.1,APP
O05909,U0329,2025-10-02,烘焙早餐,烘焙,1,29.1,小程序
O05910,U0329,2025-07-10,生椰拿铁,咖啡,1,31.4,饿了么
O05911,U0329,2026-03-07,生椰拿铁,咖啡,1,36.1,小程序
O05912,U0329,2025-09-14,轻食沙拉,轻食,2,56.4,小程序
O05913,U0329,2025-08-12,轻食沙拉,轻食,1,42.7,门店
O05914,U0329,2025-11-17,拿铁,咖啡,1,34.8,饿了么
O05915,U0329,2025-09-09,轻食沙拉,轻食,1,42.3,门店
O05916,U0329,2026-01-24,冷萃,咖啡,1,34.4,小程序
O05917,U0329,2025-08-20,生椰拿铁,咖啡,1,33.1,饿了么
O05918,U0329,2026-02-15,生椰拿铁,咖啡,2,70.0,APP
O05919,U0329,2026-01-20,拿铁,咖啡,2,72.4,门店
O05920,U0330,2026-06-15,周边杯,周边,1,56.5,门店
O05921,U0330,2026-06-06,冷萃,咖啡,1,34.6,饿了么
O05922,U0330,2026-03-24,冷萃,咖啡,1,41.6,美团
O05923,U0330,2026-02-09,周边杯,周边,1,52.5,美团
O05924,U0330,2026-06-29,美式,咖啡,1,25.0,小程序
O05925,U0330,2026-04-06,轻食沙拉,轻食,1,38.3,小程序
O05926,U0330,2026-05-25,拿铁,咖啡,1,29.6,小程序
O05927,U0330,2026-06-21,冷萃,咖啡,3,122.7,美团
O05928,U0330,2026-03-02,拿铁,咖啡,1,38.5,饿了么
O05929,U0330,2026-03-02,拿铁,咖啡,1,30.0,饿了么
O05930,U0331,2026-04-08,美式,咖啡,1,24.9,饿了么
O05931,U0331,2026-05-19,周边杯,周边,1,49.2,APP
O05932,U0331,2026-06-27,冷萃,咖啡,1,42.5,饿了么
O05933,U0331,2026-04-05,生椰拿铁,咖啡,2,79.2,门店
O05934,U0331,2026-05-03,周边杯,周边,1,54.0,APP
O05935,U0331,2026-06-08,轻食沙拉,轻食,1,33.9,APP
O05936,U0331,2026-03-25,周边杯,周边,2,135.4,美团
O05937,U0331,2026-04-30,轻食沙拉,轻食,3,126.6,门店
O05938,U0331,2026-04-15,生椰拿铁,咖啡,1,40.1,APP
O05939,U0331,2026-06-05,冷萃,咖啡,1,34.9,饿了么
O05940,U0331,2026-04-02,烘焙早餐,烘焙,1,36.5,小程序
O05941,U0332,2026-04-20,轻食沙拉,轻食,3,109.5,美团
O05942,U0332,2026-06-14,冷萃,咖啡,2,72.4,美团
O05943,U0332,2026-06-11,周边杯,周边,1,67.4,门店
O05944,U0332,2026-04-20,美式,咖啡,1,30.3,门店
O05945,U0332,2026-04-20,烘焙早餐,烘焙,1,35.9,APP
O05946,U0332,2026-05-29,周边杯,周边,1,64.1,门店
O05947,U0332,2026-05-03,周边杯,周边,1,77.4,饿了么
O05948,U0332,2026-06-07,轻食沙拉,轻食,1,25.9,饿了么
O05949,U0333,2026-02-05,生椰拿铁,咖啡,1,46.7,门店
O05950,U0333,2025-12-16,生椰拿铁,咖啡,2,77.0,小程序
O05951,U0333,2025-10-28,轻食沙拉,轻食,1,26.0,饿了么
O05952,U0333,2025-11-15,冷萃,咖啡,1,44.6,美团
O05953,U0333,2026-05-13,美式,咖啡,1,25.7,美团
O05954,U0333,2025-12-22,美式,咖啡,1,26.8,小程序
O05955,U0334,2026-04-05,周边杯,周边,1,73.0,小程序
O05956,U0334,2026-01-21,周边杯,周边,1,74.2,小程序
O05957,U0334,2026-02-23,美式,咖啡,1,28.1,小程序
O05958,U0334,2026-04-29,美式,咖啡,1,32.7,小程序
O05959,U0334,2026-01-16,冷萃,咖啡,1,49.3,饿了么
O05960,U0334,2025-09-12,拿铁,咖啡,1,38.8,APP
O05961,U0334,2025-12-29,美式,咖啡,1,34.7,门店
O05962,U0334,2026-04-23,周边杯,周边,1,61.2,饿了么
O05963,U0334,2026-01-08,周边杯,周边,2,161.6,门店
O05964,U0335,2026-06-29,轻食沙拉,轻食,1,34.6,小程序
O05965,U0335,2026-06-28,美式,咖啡,1,33.2,APP
O05966,U0335,2026-06-25,冷萃,咖啡,1,45.8,门店
O05967,U0335,2026-06-30,轻食沙拉,轻食,1,40.6,小程序
O05968,U0335,2026-06-23,轻食沙拉,轻食,1,29.1,小程序
O05969,U0335,2026-06-23,轻食沙拉,轻食,1,44.4,门店
O05970,U0335,2026-06-30,冷萃,咖啡,2,66.4,门店
O05971,U0335,2026-06-27,美式,咖啡,1,27.9,门店
O05972,U0335,2026-06-28,生椰拿铁,咖啡,1,41.9,门店
O05973,U0335,2026-06-25,轻食沙拉,轻食,1,30.0,美团
O05974,U0335,2026-06-25,轻食沙拉,轻食,1,39.1,美团
O05975,U0335,2026-06-30,生椰拿铁,咖啡,1,44.6,饿了么
O05976,U0336,2026-05-29,美式,咖啡,1,26.0,饿了么
O05977,U0336,2026-02-04,烘焙早餐,烘焙,1,18.4,APP
O05978,U0336,2026-06-23,烘焙早餐,烘焙,2,70.6,门店
O05979,U0336,2025-10-12,烘焙早餐,烘焙,1,27.4,门店
O05980,U0336,2026-03-05,美式,咖啡,2,50.4,饿了么
O05981,U0336,2025-09-03,美式,咖啡,2,50.4,APP
O05982,U0336,2025-12-03,生椰拿铁,咖啡,2,69.0,APP
O05983,U0336,2025-08-09,美式,咖啡,1,34.8,小程序
O05984,U0336,2025-10-14,美式,咖啡,1,25.8,门店
O05985,U0337,2026-06-30,美式,咖啡,1,31.3,小程序
O05986,U0337,2026-06-29,美式,咖啡,1,26.5,小程序
O05987,U0337,2026-06-30,拿铁,咖啡,2,60.2,门店
O05988,U0337,2026-06-29,周边杯,周边,2,100.2,门店
O05989,U0337,2026-06-30,生椰拿铁,咖啡,1,39.6,饿了么
O05990,U0337,2026-06-30,轻食沙拉,轻食,1,45.0,APP
O05991,U0338,2026-06-30,周边杯,周边,1,76.5,门店
O05992,U0338,2026-05-29,生椰拿铁,咖啡,1,31.3,APP
O05993,U0338,2026-05-26,周边杯,周边,1,63.9,门店
O05994,U0338,2026-05-08,烘焙早餐,烘焙,1,34.0,美团
O05995,U0338,2026-06-14,拿铁,咖啡,2,76.0,门店
O05996,U0338,2026-04-11,生椰拿铁,咖啡,1,42.9,门店
O05997,U0338,2026-06-26,生椰拿铁,咖啡,3,140.4,饿了么
O05998,U0338,2026-06-08,拿铁,咖啡,1,33.7,门店
O05999,U0339,2026-06-01,拿铁,咖啡,1,43.2,APP
O06000,U0339,2026-03-10,烘焙早餐,烘焙,1,30.6,门店
O06001,U0339,2026-05-09,美式,咖啡,2,44.4,小程序
O06002,U0339,2026-05-10,美式,咖啡,1,33.0,饿了么
O06003,U0339,2026-04-28,轻食沙拉,轻食,1,33.7,小程序
O06004,U0339,2026-01-25,冷萃,咖啡,1,39.8,小程序
O06005,U0339,2026-04-09,美式,咖啡,1,22.7,美团
O06006,U0339,2026-06-02,周边杯,周边,1,63.3,饿了么
O06007,U0339,2026-05-19,冷萃,咖啡,1,47.8,APP
O06008,U0339,2026-05-13,拿铁,咖啡,1,43.5,饿了么
O06009,U0339,2026-02-03,拿铁,咖啡,2,57.6,美团
O06010,U0340,2025-09-22,轻食沙拉,轻食,1,29.3,饿了么
O06011,U0340,2026-05-23,烘焙早餐,烘焙,1,29.1,APP
O06012,U0340,2025-09-16,生椰拿铁,咖啡,2,88.8,小程序
O06013,U0340,2026-03-13,美式,咖啡,1,29.2,饿了么
O06014,U0340,2026-04-27,轻食沙拉,轻食,1,35.7,饿了么
O06015,U0340,2026-02-24,冷萃,咖啡,1,48.8,门店
O06016,U0340,2025-09-15,轻食沙拉,轻食,1,36.8,美团
O06017,U0341,2026-06-07,冷萃,咖啡,1,40.6,小程序
O06018,U0341,2026-06-27,美式,咖啡,1,31.3,小程序
O06019,U0341,2026-06-04,轻食沙拉,轻食,2,76.8,美团
O06020,U0341,2026-06-06,轻食沙拉,轻食,1,28.9,美团
O06021,U0341,2026-06-15,拿铁,咖啡,1,35.9,小程序
O06022,U0341,2026-06-11,拿铁,咖啡,1,41.1,饿了么
O06023,U0341,2026-06-20,拿铁,咖啡,1,38.9,门店
O06024,U0341,2026-06-10,冷萃,咖啡,1,40.3,美团
O06025,U0341,2026-06-27,生椰拿铁,咖啡,2,80.4,美团
O06026,U0341,2026-06-30,烘焙早餐,烘焙,1,32.5,小程序
O06027,U0341,2026-06-18,周边杯,周边,1,68.7,美团
O06028,U0341,2026-06-16,生椰拿铁,咖啡,1,37.8,饿了么
O06029,U0341,2026-06-20,周边杯,周边,3,195.3,APP
O06030,U0341,2026-06-02,烘焙早餐,烘焙,1,19.0,美团
O06031,U0342,2026-04-26,美式,咖啡,1,22.2,门店
O06032,U0342,2026-04-11,周边杯,周边,1,87.5,APP
O06033,U0342,2026-01-27,周边杯,周边,1,67.8,APP
O06034,U0342,2025-12-01,轻食沙拉,轻食,1,29.0,饿了么
O06035,U0342,2026-03-30,拿铁,咖啡,1,38.1,美团
O06036,U0342,2025-12-24,生椰拿铁,咖啡,1,35.1,APP
O06037,U0342,2025-11-30,周边杯,周边,1,53.1,小程序
O06038,U0342,2026-01-01,生椰拿铁,咖啡,1,47.2,门店
O06039,U0342,2025-12-03,轻食沙拉,轻食,1,26.2,饿了么
O06040,U0343,2026-06-07,轻食沙拉,轻食,1,39.4,饿了么
O06041,U0343,2026-06-18,周边杯,周边,2,114.8,美团
O06042,U0343,2026-05-26,美式,咖啡,1,28.8,门店
O06043,U0343,2026-05-05,拿铁,咖啡,1,34.7,门店
O06044,U0343,2026-04-02,烘焙早餐,烘焙,1,22.4,小程序
O06045,U0343,2026-02-05,烘焙早餐,烘焙,1,19.6,APP
O06046,U0344,2026-04-09,美式,咖啡,1,34.8,门店
O06047,U0344,2025-11-29,冷萃,咖啡,1,49.8,美团
O06048,U0344,2026-01-21,生椰拿铁,咖啡,1,37.4,饿了么
O06049,U0344,2026-04-09,冷萃,咖啡,1,44.5,饿了么
O06050,U0344,2026-04-06,周边杯,周边,1,64.1,APP
O06051,U0344,2026-02-25,周边杯,周边,1,62.1,小程序
O06052,U0344,2025-12-14,美式,咖啡,1,25.2,门店
O06053,U0344,2025-11-11,生椰拿铁,咖啡,1,36.9,小程序
O06054,U0344,2025-12-19,生椰拿铁,咖啡,1,31.4,饿了么
O06055,U0344,2026-05-09,拿铁,咖啡,1,42.0,饿了么
O06056,U0345,2026-05-30,拿铁,咖啡,1,33.7,美团
O06057,U0345,2025-10-05,轻食沙拉,轻食,1,35.8,APP
O06058,U0345,2026-01-02,烘焙早餐,烘焙,1,20.5,门店
O06059,U0345,2026-02-01,冷萃,咖啡,1,43.4,饿了么
O06060,U0345,2026-03-27,周边杯,周边,1,56.7,APP
O06061,U0345,2026-05-13,冷萃,咖啡,2,86.0,门店
O06062,U0345,2026-02-15,生椰拿铁,咖啡,1,32.8,门店
O06063,U0345,2026-06-24,美式,咖啡,1,25.3,美团
O06064,U0346,2026-06-18,拿铁,咖啡,1,32.2,美团
O06065,U0346,2026-05-07,生椰拿铁,咖啡,1,36.6,小程序
O06066,U0346,2026-06-25,周边杯,周边,2,167.8,小程序
O06067,U0346,2026-06-16,美式,咖啡,1,26.9,饿了么
O06068,U0346,2026-06-23,拿铁,咖啡,2,87.2,饿了么
O06069,U0346,2026-06-20,美式,咖啡,1,30.7,美团
O06070,U0346,2026-05-08,拿铁,咖啡,2,65.0,小程序
O06071,U0346,2026-06-27,烘焙早餐,烘焙,2,58.8,小程序
O06072,U0346,2026-06-24,烘焙早餐,烘焙,1,34.1,门店
O06073,U0347,2026-06-07,美式,咖啡,2,67.0,美团
O06074,U0347,2026-05-18,烘焙早餐,烘焙,1,31.4,小程序
O06075,U0347,2025-08-28,美式,咖啡,1,25.4,APP
O06076,U0347,2025-09-09,烘焙早餐,烘焙,2,40.2,饿了么
O06077,U0347,2026-06-25,拿铁,咖啡,2,66.6,门店
O06078,U0347,2025-09-17,轻食沙拉,轻食,1,39.1,小程序
O06079,U0347,2026-03-20,周边杯,周边,1,72.5,门店
O06080,U0347,2026-03-23,拿铁,咖啡,1,36.5,饿了么
O06081,U0347,2025-12-23,周边杯,周边,3,152.7,美团
O06082,U0347,2026-03-25,拿铁,咖啡,2,66.0,美团
O06083,U0347,2026-05-01,美式,咖啡,1,22.9,门店
O06084,U0347,2026-02-02,周边杯,周边,1,85.4,美团
O06085,U0348,2026-01-30,冷萃,咖啡,3,113.7,饿了么
O06086,U0348,2026-02-28,周边杯,周边,2,102.4,小程序
O06087,U0348,2026-02-16,美式,咖啡,2,66.4,门店
O06088,U0348,2026-02-26,烘焙早餐,烘焙,1,30.5,饿了么
O06089,U0348,2026-04-16,拿铁,咖啡,1,38.3,饿了么
O06090,U0348,2026-01-18,轻食沙拉,轻食,2,59.2,饿了么
O06091,U0348,2026-03-05,拿铁,咖啡,1,31.2,门店
O06092,U0348,2026-01-09,拿铁,咖啡,1,42.2,APP
O06093,U0349,2026-02-17,生椰拿铁,咖啡,1,34.2,饿了么
O06094,U0349,2025-07-25,生椰拿铁,咖啡,2,77.6,APP
O06095,U0349,2025-08-15,轻食沙拉,轻食,1,41.7,饿了么
O06096,U0349,2026-05-06,冷萃,咖啡,1,43.6,小程序
O06097,U0349,2025-09-24,生椰拿铁,咖啡,1,34.1,门店
O06098,U0349,2025-07-12,拿铁,咖啡,1,32.8,饿了么
O06099,U0349,2026-01-22,冷萃,咖啡,2,85.6,美团
O06100,U0349,2026-05-23,轻食沙拉,轻食,1,36.7,门店
O06101,U0349,2026-03-19,生椰拿铁,咖啡,1,39.3,APP
O06102,U0349,2026-01-25,周边杯,周边,3,159.9,美团
O06103,U0349,2026-02-26,拿铁,咖啡,1,40.8,APP
O06104,U0349,2026-06-01,冷萃,咖啡,2,75.2,饿了么
O06105,U0350,2026-05-22,周边杯,周边,1,88.6,饿了么
O06106,U0350,2026-05-10,拿铁,咖啡,1,43.8,小程序
O06107,U0350,2026-06-20,周边杯,周边,1,51.1,饿了么
O06108,U0350,2026-04-30,美式,咖啡,1,34.0,门店
O06109,U0350,2026-05-08,周边杯,周边,2,126.6,美团
O06110,U0350,2026-06-23,生椰拿铁,咖啡,1,34.1,饿了么
O06111,U0350,2026-06-04,轻食沙拉,轻食,1,36.3,门店
O06112,U0350,2026-06-13,美式,咖啡,3,75.0,美团
O06113,U0350,2026-04-30,周边杯,周边,1,57.4,APP
O06114,U0351,2025-10-13,生椰拿铁,咖啡,2,82.2,饿了么
O06115,U0351,2025-12-16,冷萃,咖啡,3,129.9,APP
O06116,U0352,2026-06-04,拿铁,咖啡,1,44.3,美团
O06117,U0352,2026-04-04,拿铁,咖啡,1,44.9,饿了么
O06118,U0352,2026-06-24,生椰拿铁,咖啡,1,43.7,APP
O06119,U0352,2026-04-08,烘焙早餐,烘焙,2,55.8,APP
O06120,U0352,2026-06-14,轻食沙拉,轻食,2,82.4,饿了么
O06121,U0353,2026-05-21,轻食沙拉,轻食,1,29.9,美团
O06122,U0353,2026-05-28,烘焙早餐,烘焙,1,27.1,小程序
O06123,U0353,2026-05-09,生椰拿铁,咖啡,2,80.8,美团
O06124,U0353,2026-06-25,冷萃,咖啡,1,39.9,小程序
O06125,U0353,2026-05-25,生椰拿铁,咖啡,1,40.1,APP
O06126,U0354,2026-06-17,烘焙早餐,烘焙,2,41.0,小程序
O06127,U0354,2026-05-29,美式,咖啡,1,26.4,饿了么
O06128,U0354,2026-04-08,生椰拿铁,咖啡,1,43.5,美团
O06129,U0354,2026-04-13,周边杯,周边,1,72.7,美团
O06130,U0355,2026-06-24,生椰拿铁,咖啡,1,41.9,门店
O06131,U0355,2026-06-28,冷萃,咖啡,2,64.2,饿了么
O06132,U0356,2026-03-18,轻食沙拉,轻食,1,27.6,小程序
O06133,U0356,2026-05-31,冷萃,咖啡,2,78.4,APP
O06134,U0356,2026-04-15,生椰拿铁,咖啡,2,64.6,小程序
O06135,U0357,2025-08-04,烘焙早餐,烘焙,1,36.5,小程序
O06136,U0357,2025-07-26,拿铁,咖啡,2,78.6,小程序
O06137,U0357,2026-06-29,周边杯,周边,1,79.0,门店
O06138,U0357,2026-02-25,拿铁,咖啡,2,70.2,美团
O06139,U0358,2026-06-29,周边杯,周边,2,118.2,饿了么
O06140,U0358,2026-06-27,美式,咖啡,2,68.6,小程序
O06141,U0358,2026-06-27,轻食沙拉,轻食,1,39.8,APP
O06142,U0359,2026-06-26,冷萃,咖啡,1,47.0,饿了么
O06143,U0359,2026-06-17,冷萃,咖啡,1,34.3,APP
O06144,U0359,2026-06-07,拿铁,咖啡,1,32.5,小程序
O06145,U0359,2026-06-20,轻食沙拉,轻食,3,128.4,APP
O06146,U0360,2026-01-20,生椰拿铁,咖啡,1,43.0,APP
O06147,U0360,2025-09-21,拿铁,咖啡,1,41.1,APP
O06148,U0360,2025-09-28,拿铁,咖啡,2,70.0,饿了么
O06149,U0360,2026-02-07,周边杯,周边,1,60.5,小程序
O06150,U0360,2026-06-10,轻食沙拉,轻食,2,75.0,小程序
O06151,U0361,2026-05-11,冷萃,咖啡,1,36.7,美团
O06152,U0361,2026-06-06,美式,咖啡,1,27.5,饿了么
O06153,U0361,2026-06-05,拿铁,咖啡,1,35.0,门店
O06154,U0362,2026-04-14,美式,咖啡,1,24.9,小程序
O06155,U0362,2026-04-10,轻食沙拉,轻食,1,28.6,饿了么
O06156,U0363,2026-06-01,周边杯,周边,1,67.2,美团
O06157,U0363,2026-04-21,冷萃,咖啡,1,42.5,饿了么
O06158,U0363,2026-05-12,周边杯,周边,2,166.8,门店
O06159,U0364,2026-05-12,周边杯,周边,1,59.3,饿了么
O06160,U0364,2026-04-07,周边杯,周边,2,175.0,美团
O06161,U0364,2026-06-13,冷萃,咖啡,2,82.2,小程序
O06162,U0365,2026-04-06,周边杯,周边,1,87.8,美团
O06163,U0365,2026-03-30,拿铁,咖啡,1,38.3,门店
O06164,U0366,2026-06-15,拿铁,咖啡,1,42.3,门店
O06165,U0366,2026-06-23,轻食沙拉,轻食,1,38.2,美团
O06166,U0366,2026-06-29,美式,咖啡,1,32.1,饿了么
O06167,U0366,2026-05-19,美式,咖啡,1,34.0,APP
O06168,U0366,2026-05-17,轻食沙拉,轻食,3,118.8,APP
O06169,U0367,2026-01-28,拿铁,咖啡,2,70.0,美团
O06170,U0367,2026-03-27,轻食沙拉,轻食,1,25.4,门店
O06171,U0367,2026-04-25,生椰拿铁,咖啡,2,62.6,APP
O06172,U0367,2026-05-24,生椰拿铁,咖啡,1,36.2,饿了么
O06173,U0367,2026-04-20,冷萃,咖啡,2,91.8,饿了么
O06174,U0368,2026-05-13,周边杯,周边,1,63.4,饿了么
O06175,U0368,2026-02-28,周边杯,周边,1,62.9,APP
O06176,U0368,2026-02-13,轻食沙拉,轻食,1,34.0,小程序
O06177,U0369,2026-03-21,轻食沙拉,轻食,1,29.3,美团
O06178,U0369,2025-07-25,美式,咖啡,1,31.2,门店
O06179,U0370,2026-04-14,冷萃,咖啡,1,47.5,APP
O06180,U0370,2026-01-30,烘焙早餐,烘焙,2,47.6,APP
O06181,U0370,2025-12-21,拿铁,咖啡,1,41.5,门店
O06182,U0370,2026-02-07,美式,咖啡,2,44.8,APP
O06183,U0370,2026-03-25,美式,咖啡,3,90.6,饿了么
O06184,U0371,2026-05-04,冷萃,咖啡,2,72.0,APP
O06185,U0371,2025-10-11,拿铁,咖啡,1,43.1,饿了么
O06186,U0371,2026-05-11,美式,咖啡,1,23.1,APP
O06187,U0372,2026-06-12,周边杯,周边,1,85.8,APP
O06188,U0372,2026-06-01,拿铁,咖啡,1,36.0,饿了么
O06189,U0372,2026-06-18,周边杯,周边,1,49.9,饿了么
O06190,U0372,2026-06-20,生椰拿铁,咖啡,1,44.9,APP
O06191,U0372,2026-06-21,烘焙早餐,烘焙,2,64.0,APP
O06192,U0373,2026-03-10,拿铁,咖啡,2,61.4,门店
O06193,U0373,2026-03-23,生椰拿铁,咖啡,2,63.2,小程序
O06194,U0373,2026-03-29,拿铁,咖啡,1,28.6,门店
O06195,U0373,2026-06-26,周边杯,周边,1,59.2,美团
O06196,U0373,2025-12-21,美式,咖啡,1,31.0,美团
O06197,U0374,2026-03-12,美式,咖啡,1,23.7,APP
O06198,U0374,2026-06-23,烘焙早餐,烘焙,2,45.2,APP
O06199,U0375,2026-05-21,美式,咖啡,1,33.4,APP
O06200,U0375,2026-03-24,生椰拿铁,咖啡,1,44.5,美团
O06201,U0375,2026-06-12,烘焙早餐,烘焙,3,62.4,小程序
O06202,U0375,2026-05-02,拿铁,咖啡,2,85.6,APP
O06203,U0376,2026-05-25,周边杯,周边,1,85.0,美团
O06204,U0376,2026-06-28,冷萃,咖啡,1,45.1,APP
O06205,U0377,2026-03-29,生椰拿铁,咖啡,2,73.4,小程序
O06206,U0377,2026-03-31,冷萃,咖啡,1,33.8,饿了么
O06207,U0377,2026-05-27,拿铁,咖啡,1,28.5,门店
O06208,U0378,2026-06-15,拿铁,咖啡,1,33.6,美团
O06209,U0378,2026-06-28,生椰拿铁,咖啡,2,65.2,APP
O06210,U0378,2026-06-15,烘焙早餐,烘焙,1,20.6,门店
O06211,U0378,2026-06-15,生椰拿铁,咖啡,1,44.7,美团
O06212,U0379,2025-11-17,轻食沙拉,轻食,1,39.4,门店
O06213,U0379,2025-12-20,轻食沙拉,轻食,1,31.6,APP
O06214,U0379,2025-12-20,美式,咖啡,3,91.8,小程序
O06215,U0379,2026-03-13,烘焙早餐,烘焙,1,34.7,美团
O06216,U0379,2026-05-13,轻食沙拉,轻食,1,31.1,门店
O06217,U0380,2026-03-31,冷萃,咖啡,1,49.9,门店
O06218,U0380,2026-03-03,烘焙早餐,烘焙,2,50.6,小程序
O06219,U0381,2026-04-23,周边杯,周边,1,55.4,饿了么
O06220,U0381,2026-06-07,冷萃,咖啡,1,47.0,饿了么
O06221,U0382,2026-02-06,拿铁,咖啡,3,95.4,门店
O06222,U0382,2026-03-12,烘焙早餐,烘焙,1,18.4,门店
O06223,U0382,2026-06-16,生椰拿铁,咖啡,1,44.4,饿了么
O06224,U0383,2026-06-21,拿铁,咖啡,1,42.2,门店
O06225,U0383,2026-03-26,美式,咖啡,2,59.8,门店
O06226,U0384,2026-06-26,轻食沙拉,轻食,1,40.4,门店
O06227,U0384,2026-05-11,美式,咖啡,2,45.2,门店
O06228,U0384,2026-05-07,冷萃,咖啡,1,40.0,饿了么
O06229,U0384,2026-05-12,周边杯,周边,1,52.5,美团
O06230,U0385,2025-09-28,轻食沙拉,轻食,1,31.1,美团
O06231,U0385,2025-12-01,冷萃,咖啡,1,47.7,小程序
O06232,U0385,2025-11-02,冷萃,咖啡,1,32.0,门店
O06233,U0386,2026-01-02,周边杯,周边,2,158.6,APP
O06234,U0386,2026-02-08,拿铁,咖啡,1,41.2,饿了么
O06235,U0386,2026-05-25,周边杯,周边,1,64.0,饿了么
O06236,U0386,2026-02-12,生椰拿铁,咖啡,1,38.3,小程序
O06237,U0386,2026-01-26,轻食沙拉,轻食,1,35.2,饿了么
O06238,U0387,2026-05-24,轻食沙拉,轻食,1,44.8,美团
O06239,U0387,2026-05-30,轻食沙拉,轻食,1,27.3,饿了么
O06240,U0387,2026-06-23,烘焙早餐,烘焙,2,71.4,APP
O06241,U0388,2026-03-17,轻食沙拉,轻食,1,43.1,美团
O06242,U0388,2026-03-03,周边杯,周边,1,83.3,饿了么
O06243,U0388,2026-06-23,轻食沙拉,轻食,1,35.8,门店
O06244,U0388,2026-03-28,烘焙早餐,烘焙,1,25.3,饿了么
O06245,U0388,2026-06-30,冷萃,咖啡,1,41.2,门店
O06246,U0389,2026-06-09,冷萃,咖啡,1,39.1,饿了么
O06247,U0389,2026-01-15,轻食沙拉,轻食,1,25.1,饿了么
O06248,U0389,2026-03-26,烘焙早餐,烘焙,1,29.6,门店
O06249,U0390,2026-01-18,冷萃,咖啡,1,44.3,门店
O06250,U0390,2026-06-09,周边杯,周边,1,61.4,小程序
O06251,U0390,2026-02-22,冷萃,咖啡,2,85.0,美团
O06252,U0390,2025-12-03,冷萃,咖啡,2,87.0,门店
O06253,U0391,2026-03-17,周边杯,周边,1,67.1,饿了么
O06254,U0391,2026-01-27,轻食沙拉,轻食,2,65.6,门店
O06255,U0391,2026-03-04,生椰拿铁,咖啡,2,80.8,APP
O06256,U0392,2026-06-29,轻食沙拉,轻食,1,39.2,小程序
O06257,U0392,2026-06-27,周边杯,周边,2,146.4,美团
O06258,U0392,2026-06-26,烘焙早餐,烘焙,1,35.1,APP
O06259,U0392,2026-06-29,冷萃,咖啡,1,37.9,饿了么
O06260,U0393,2026-06-15,冷萃,咖啡,3,124.5,APP
O06261,U0393,2026-06-12,轻食沙拉,轻食,2,51.6,APP
O06262,U0394,2026-02-16,轻食沙拉,轻食,2,76.8,美团
O06263,U0394,2026-02-28,冷萃,咖啡,2,67.4,APP
O06264,U0395,2026-06-18,拿铁,咖啡,1,38.9,饿了么
O06265,U0395,2026-06-10,美式,咖啡,1,27.0,APP
O06266,U0395,2026-05-19,轻食沙拉,轻食,1,39.2,小程序
O06267,U0395,2026-05-22,美式,咖啡,1,27.3,门店
O06268,U0396,2026-06-27,烘焙早餐,烘焙,2,49.4,APP
O06269,U0396,2025-12-22,拿铁,咖啡,3,123.0,美团
O06270,U0396,2026-01-14,美式,咖啡,1,24.1,门店
O06271,U0397,2026-01-01,烘焙早餐,烘焙,1,27.0,小程序
O06272,U0397,2025-12-08,美式,咖啡,1,34.6,美团
O06273,U0398,2025-11-25,生椰拿铁,咖啡,1,37.6,小程序
O06274,U0398,2026-04-04,美式,咖啡,1,31.2,门店
O06275,U0398,2026-05-02,冷萃,咖啡,1,49.8,APP
O06276,U0398,2025-11-15,拿铁,咖啡,1,35.0,小程序
O06277,U0398,2025-12-25,冷萃,咖啡,1,49.5,门店
O06278,U0399,2026-06-17,周边杯,周边,2,129.4,小程序
O06279,U0399,2026-06-22,烘焙早餐,烘焙,1,23.0,小程序
O06280,U0399,2026-06-27,美式,咖啡,2,56.4,小程序
O06281,U0399,2026-06-13,生椰拿铁,咖啡,2,61.0,小程序
O06282,U0400,2026-03-26,周边杯,周边,3,165.0,APP
O06283,U0400,2026-02-17,生椰拿铁,咖啡,1,37.0,饿了么
O06284,U0400,2026-05-12,美式,咖啡,2,61.4,门店
O06285,U0401,2026-03-26,周边杯,周边,1,86.6,小程序
O06286,U0401,2026-02-04,冷萃,咖啡,1,35.8,小程序
O06287,U0401,2026-05-10,冷萃,咖啡,1,40.8,门店
O06288,U0401,2026-02-27,美式,咖啡,1,30.4,APP
O06289,U0402,2026-02-04,轻食沙拉,轻食,1,41.5,饿了么
O06290,U0402,2026-01-13,轻食沙拉,轻食,1,39.8,饿了么
O06291,U0403,2025-12-09,冷萃,咖啡,1,48.0,APP
O06292,U0403,2025-12-31,美式,咖啡,1,22.8,门店
O06293,U0403,2025-10-09,冷萃,咖啡,2,67.8,小程序
O06294,U0403,2026-05-07,轻食沙拉,轻食,1,43.8,小程序
O06295,U0403,2026-03-21,轻食沙拉,轻食,1,27.2,APP
O06296,U0404,2026-05-05,生椰拿铁,咖啡,1,41.0,饿了么
O06297,U0404,2026-06-02,美式,咖啡,1,33.9,小程序
O06298,U0404,2026-06-12,轻食沙拉,轻食,1,28.9,APP
O06299,U0405,2026-06-16,烘焙早餐,烘焙,2,42.4,饿了么
O06300,U0405,2026-04-01,拿铁,咖啡,1,28.0,小程序
O06301,U0406,2025-11-30,美式,咖啡,1,24.3,小程序
O06302,U0406,2026-06-26,烘焙早餐,烘焙,1,20.5,APP
O06303,U0406,2026-04-25,冷萃,咖啡,1,40.0,美团
O06304,U0406,2026-05-27,拿铁,咖啡,1,33.4,门店
O06305,U0406,2026-03-14,轻食沙拉,轻食,2,71.6,APP
O06306,U0407,2026-01-05,冷萃,咖啡,1,35.5,饿了么
O06307,U0407,2026-06-16,轻食沙拉,轻食,3,119.7,APP
O06308,U0407,2026-04-07,烘焙早餐,烘焙,2,58.2,门店
O06309,U0408,2026-03-10,生椰拿铁,咖啡,1,39.1,门店
O06310,U0408,2026-04-16,冷萃,咖啡,1,32.2,小程序
O06311,U0408,2026-03-14,周边杯,周边,1,87.0,门店
O06312,U0408,2026-01-30,美式,咖啡,1,26.7,饿了么
O06313,U0408,2026-04-03,轻食沙拉,轻食,1,30.0,饿了么
O06314,U0409,2026-06-12,冷萃,咖啡,1,32.1,饿了么
O06315,U0409,2026-06-20,冷萃,咖啡,1,37.7,小程序
O06316,U0409,2026-06-25,拿铁,咖啡,1,30.4,饿了么
O06317,U0409,2026-06-26,美式,咖啡,1,29.1,饿了么
O06318,U0410,2026-06-06,美式,咖啡,3,86.1,美团
O06319,U0410,2026-06-28,轻食沙拉,轻食,1,26.4,美团
O06320,U0411,2025-09-07,冷萃,咖啡,1,32.5,美团
O06321,U0411,2025-08-15,轻食沙拉,轻食,1,35.3,门店
O06322,U0411,2026-01-22,轻食沙拉,轻食,1,39.3,小程序
O06323,U0411,2025-10-19,拿铁,咖啡,3,119.1,美团
O06324,U0412,2026-02-05,冷萃,咖啡,1,49.4,门店
O06325,U0412,2025-10-04,美式,咖啡,1,28.1,小程序
O06326,U0412,2025-11-30,周边杯,周边,1,79.5,饿了么
O06327,U0412,2026-03-05,美式,咖啡,1,34.8,门店
O06328,U0412,2025-10-14,周边杯,周边,1,65.0,饿了么
O06329,U0413,2026-06-29,烘焙早餐,烘焙,1,31.6,饿了么
O06330,U0413,2026-06-24,拿铁,咖啡,1,43.8,小程序
O06331,U0414,2026-05-16,周边杯,周边,1,84.9,小程序
O06332,U0414,2026-05-14,冷萃,咖啡,2,87.4,小程序
O06333,U0414,2026-05-12,周边杯,周边,1,60.4,APP
O06334,U0414,2026-04-30,烘焙早餐,烘焙,2,59.2,饿了么
O06335,U0414,2026-04-19,冷萃,咖啡,1,44.6,门店
O06336,U0415,2026-06-13,轻食沙拉,轻食,3,78.3,小程序
O06337,U0415,2026-06-12,周边杯,周边,1,71.8,美团
O06338,U0415,2026-06-12,周边杯,周边,1,53.2,门店
O06339,U0415,2026-06-11,轻食沙拉,轻食,1,28.5,APP
O06340,U0415,2026-06-22,轻食沙拉,轻食,1,30.8,APP
O06341,U0416,2025-07-29,拿铁,咖啡,1,28.2,饿了么
O06342,U0416,2026-03-10,生椰拿铁,咖啡,2,92.6,美团
O06343,U0416,2025-11-27,轻食沙拉,轻食,1,34.2,门店
O06344,U0417,2026-05-17,冷萃,咖啡,2,75.6,美团
O06345,U0417,2026-06-24,生椰拿铁,咖啡,2,69.2,门店
O06346,U0417,2026-01-22,冷萃,咖啡,1,43.9,门店
O06347,U0418,2026-05-31,生椰拿铁,咖啡,1,31.5,门店
O06348,U0418,2026-06-10,冷萃,咖啡,2,74.6,门店
O06349,U0418,2026-06-02,美式,咖啡,2,50.2,饿了么
O06350,U0419,2026-06-30,冷萃,咖啡,2,92.4,美团
O06351,U0419,2026-06-29,烘焙早餐,烘焙,1,33.4,美团
O06352,U0419,2026-06-27,烘焙早餐,烘焙,1,20.3,美团
O06353,U0420,2026-05-27,生椰拿铁,咖啡,2,72.4,美团
O06354,U0420,2026-01-30,烘焙早餐,烘焙,2,62.2,饿了么
O06355,U0421,2026-05-31,轻食沙拉,轻食,1,32.8,门店
O06356,U0421,2025-12-06,烘焙早餐,烘焙,1,30.2,APP
O06357,U0421,2026-01-08,烘焙早餐,烘焙,1,26.0,小程序
O06358,U0421,2026-06-30,生椰拿铁,咖啡,1,38.0,小程序
O06359,U0422,2025-12-14,美式,咖啡,2,50.8,门店
O06360,U0422,2025-11-11,冷萃,咖啡,1,45.3,小程序
O06361,U0422,2025-10-14,轻食沙拉,轻食,2,88.6,饿了么
O06362,U0422,2026-03-07,周边杯,周边,1,76.7,饿了么
O06363,U0422,2026-01-04,冷萃,咖啡,2,88.4,饿了么
O06364,U0423,2026-06-17,美式,咖啡,1,32.6,门店
O06365,U0423,2026-06-14,冷萃,咖啡,1,34.1,小程序
O06366,U0423,2026-06-25,冷萃,咖啡,1,45.0,门店
O06367,U0423,2026-06-29,周边杯,周边,2,140.6,小程序
O06368,U0424,2026-03-27,轻食沙拉,轻食,1,42.2,门店
O06369,U0424,2026-06-24,轻食沙拉,轻食,1,43.6,门店
O06370,U0424,2026-05-04,烘焙早餐,烘焙,2,69.0,饿了么
O06371,U0425,2026-06-20,周边杯,周边,1,53.1,小程序
O06372,U0425,2026-04-13,冷萃,咖啡,1,49.5,饿了么
O06373,U0425,2026-04-12,冷萃,咖啡,1,37.5,APP
O06374,U0425,2026-06-29,美式,咖啡,3,102.6,美团
O06375,U0425,2026-06-20,生椰拿铁,咖啡,3,126.9,APP
O06376,U0426,2026-04-06,冷萃,咖啡,1,33.4,门店
O06377,U0426,2026-06-15,拿铁,咖啡,1,41.7,APP
O06378,U0427,2026-06-08,冷萃,咖啡,2,95.2,饿了么
O06379,U0427,2026-06-13,烘焙早餐,烘焙,1,31.0,饿了么
O06380,U0427,2026-06-14,冷萃,咖啡,1,48.9,门店
O06381,U0428,2026-04-05,生椰拿铁,咖啡,2,91.8,小程序
O06382,U0428,2025-11-14,生椰拿铁,咖啡,2,60.2,APP
O06383,U0428,2026-05-10,轻食沙拉,轻食,1,44.7,小程序
O06384,U0428,2026-01-01,烘焙早餐,烘焙,1,26.7,门店
O06385,U0429,2026-04-07,生椰拿铁,咖啡,1,36.8,饿了么
O06386,U0429,2026-02-19,拿铁,咖啡,1,30.6,饿了么
O06387,U0430,2026-03-18,冷萃,咖啡,1,42.9,门店
O06388,U0430,2026-04-16,拿铁,咖啡,1,43.7,门店
O06389,U0430,2026-04-16,烘焙早餐,烘焙,1,34.1,APP
O06390,U0430,2026-06-30,美式,咖啡,1,33.3,美团
O06391,U0431,2026-06-28,冷萃,咖啡,1,38.0,小程序
O06392,U0431,2026-05-15,美式,咖啡,1,23.3,APP
O06393,U0432,2026-04-06,美式,咖啡,1,25.2,美团
O06394,U0432,2026-03-06,周边杯,周边,1,84.4,美团
O06395,U0432,2026-02-06,烘焙早餐,烘焙,1,26.3,门店
O06396,U0432,2026-04-06,冷萃,咖啡,1,47.7,APP
O06397,U0432,2026-02-05,周边杯,周边,1,81.3,小程序
O06398,U0433,2026-06-06,轻食沙拉,轻食,1,25.3,APP
O06399,U0433,2026-06-13,冷萃,咖啡,2,83.4,美团
O06400,U0433,2026-04-02,拿铁,咖啡,2,66.8,门店
O06401,U0434,2026-06-21,冷萃,咖啡,1,38.8,门店
O06402,U0434,2026-06-27,周边杯,周边,1,60.9,小程序
O06403,U0434,2026-06-10,轻食沙拉,轻食,1,42.1,APP
O06404,U0434,2026-06-15,美式,咖啡,1,23.0,饿了么
O06405,U0435,2026-02-17,烘焙早餐,烘焙,2,37.6,饿了么
O06406,U0435,2025-11-27,冷萃,咖啡,2,85.2,饿了么
O06407,U0435,2025-12-16,美式,咖啡,2,58.0,饿了么
O06408,U0435,2025-12-04,冷萃,咖啡,1,47.9,小程序
O06409,U0435,2025-11-12,拿铁,咖啡,2,78.8,APP
O06410,U0436,2025-11-25,周边杯,周边,2,156.6,APP
O06411,U0436,2026-05-11,美式,咖啡,1,33.9,美团
O06412,U0436,2026-02-07,烘焙早餐,烘焙,1,26.7,美团
O06413,U0436,2026-06-27,周边杯,周边,1,79.0,APP
O06414,U0436,2026-02-19,烘焙早餐,烘焙,2,64.0,APP
O06415,U0437,2025-12-26,烘焙早餐,烘焙,1,27.3,小程序
O06416,U0437,2026-02-15,美式,咖啡,3,66.3,美团
O06417,U0437,2026-05-31,烘焙早餐,烘焙,1,22.5,小程序
O06418,U0437,2025-10-17,冷萃,咖啡,1,35.3,APP
O06419,U0437,2026-02-27,轻食沙拉,轻食,2,75.4,门店
O06420,U0438,2026-02-16,生椰拿铁,咖啡,1,46.0,APP
O06421,U0438,2026-06-03,冷萃,咖啡,2,87.2,小程序
O06422,U0438,2026-02-22,生椰拿铁,咖啡,1,33.8,饿了么
O06423,U0438,2026-06-12,美式,咖啡,1,22.8,美团
O06424,U0438,2026-02-04,轻食沙拉,轻食,2,75.4,APP
O06425,U0439,2026-05-24,周边杯,周边,2,133.8,门店
O06426,U0439,2026-04-27,美式,咖啡,1,32.3,APP
O06427,U0439,2026-01-20,生椰拿铁,咖啡,2,72.2,饿了么
O06428,U0439,2026-03-31,轻食沙拉,轻食,1,40.8,饿了么
O06429,U0440,2026-06-28,冷萃,咖啡,1,43.7,小程序
O06430,U0440,2026-05-28,冷萃,咖啡,1,49.5,小程序
O06431,U0440,2026-05-25,周边杯,周边,1,72.4,门店
O06432,U0440,2026-05-27,周边杯,周边,1,74.8,美团
O06433,U0440,2026-06-24,周边杯,周边,1,88.5,饿了么
O06434,U0441,2026-02-12,生椰拿铁,咖啡,2,78.6,门店
O06435,U0441,2026-04-21,冷萃,咖啡,1,45.4,APP
O06436,U0442,2026-05-01,美式,咖啡,1,25.7,门店
O06437,U0442,2026-03-22,冷萃,咖啡,1,48.5,小程序
O06438,U0443,2026-06-09,美式,咖啡,1,30.8,门店
O06439,U0443,2026-06-22,周边杯,周边,2,145.4,APP
O06440,U0443,2026-06-17,生椰拿铁,咖啡,1,30.6,饿了么
O06441,U0443,2026-06-23,生椰拿铁,咖啡,1,33.7,小程序
O06442,U0443,2026-06-11,周边杯,周边,1,87.2,小程序
O06443,U0444,2025-11-08,轻食沙拉,轻食,1,43.9,美团
O06444,U0444,2025-09-19,烘焙早餐,烘焙,1,22.5,饿了么
O06445,U0445,2026-06-08,烘焙早餐,烘焙,1,33.5,饿了么
O06446,U0445,2026-04-30,拿铁,咖啡,1,34.2,美团
O06447,U0446,2026-01-07,生椰拿铁,咖啡,1,37.3,美团
O06448,U0446,2026-06-06,美式,咖啡,1,28.6,门店
O06449,U0446,2026-04-11,生椰拿铁,咖啡,1,40.9,门店
O06450,U0446,2026-05-22,轻食沙拉,轻食,1,43.3,门店
O06451,U0447,2026-05-14,生椰拿铁,咖啡,1,40.2,门店
O06452,U0447,2026-03-10,拿铁,咖啡,1,43.1,APP
O06453,U0447,2026-03-20,美式,咖啡,1,29.3,美团
O06454,U0447,2025-10-31,生椰拿铁,咖啡,2,78.6,门店
O06455,U0448,2026-06-10,美式,咖啡,2,60.2,门店
O06456,U0448,2025-11-03,轻食沙拉,轻食,2,84.2,APP
O06457,U0449,2026-06-11,轻食沙拉,轻食,1,40.5,饿了么
O06458,U0449,2026-03-28,周边杯,周边,1,79.4,门店
O06459,U0450,2026-06-24,拿铁,咖啡,2,76.8,小程序
O06460,U0450,2026-05-19,周边杯,周边,1,85.3,门店
O06461,U0451,2026-04-03,拿铁,咖啡,1,41.7,APP
O06462,U0451,2026-05-14,轻食沙拉,轻食,1,32.7,门店
O06463,U0451,2026-05-13,美式,咖啡,2,44.6,饿了么
O06464,U0451,2026-04-02,生椰拿铁,咖啡,1,47.1,门店
O06465,U0452,2025-10-19,轻食沙拉,轻食,2,87.4,门店
O06466,U0452,2025-12-16,拿铁,咖啡,1,40.5,APP
O06467,U0452,2026-03-03,美式,咖啡,2,51.6,小程序
O06468,U0453,2026-03-15,美式,咖啡,1,32.4,饿了么
O06469,U0453,2026-03-01,生椰拿铁,咖啡,1,42.9,门店
O06470,U0453,2026-06-22,烘焙早餐,烘焙,1,24.3,小程序
O06471,U0453,2026-05-03,周边杯,周边,2,136.2,小程序
O06472,U0454,2026-06-13,轻食沙拉,轻食,1,29.7,门店
O06473,U0454,2026-04-24,拿铁,咖啡,2,59.0,小程序
O06474,U0454,2026-06-11,拿铁,咖啡,1,31.5,APP
O06475,U0455,2026-06-29,烘焙早餐,烘焙,1,32.2,APP
O06476,U0455,2026-06-20,烘焙早餐,烘焙,1,33.3,APP
O06477,U0455,2026-06-24,冷萃,咖啡,1,41.8,美团
O06478,U0455,2026-06-20,生椰拿铁,咖啡,1,44.7,小程序
O06479,U0456,2026-06-30,周边杯,周边,1,55.6,APP
O06480,U0456,2026-06-30,美式,咖啡,1,22.5,门店
O06481,U0456,2026-06-30,美式,咖啡,3,90.0,小程序
O06482,U0457,2026-06-03,冷萃,咖啡,1,44.2,门店
O06483,U0457,2025-10-30,美式,咖啡,1,23.5,饿了么
O06484,U0458,2026-06-03,美式,咖啡,1,22.9,门店
O06485,U0458,2026-04-02,烘焙早餐,烘焙,1,32.5,小程序
O06486,U0459,2025-12-26,美式,咖啡,2,63.8,美团
O06487,U0459,2026-03-23,拿铁,咖啡,3,134.7,小程序
O06488,U0459,2026-03-21,拿铁,咖啡,1,28.2,饿了么
O06489,U0459,2026-04-11,拿铁,咖啡,2,77.0,美团
O06490,U0459,2026-01-31,拿铁,咖啡,2,67.0,小程序
O06491,U0460,2026-05-03,周边杯,周边,2,110.8,APP
O06492,U0460,2026-05-11,周边杯,周边,1,59.5,小程序
O06493,U0460,2026-06-09,拿铁,咖啡,1,32.4,美团
O06494,U0461,2026-05-05,周边杯,周边,1,77.6,APP
O06495,U0461,2026-05-24,轻食沙拉,轻食,1,42.2,APP
O06496,U0461,2026-05-06,周边杯,周边,2,128.2,小程序
O06497,U0461,2026-05-27,拿铁,咖啡,1,42.2,饿了么
O06498,U0462,2026-03-13,轻食沙拉,轻食,1,44.4,小程序
O06499,U0462,2026-05-09,周边杯,周边,2,169.2,小程序
O06500,U0463,2026-05-14,周边杯,周边,1,79.9,美团
O06501,U0463,2026-06-04,拿铁,咖啡,1,28.2,门店
O06502,U0463,2026-05-20,烘焙早餐,烘焙,3,105.9,美团
O06503,U0464,2026-06-28,轻食沙拉,轻食,2,55.4,APP
O06504,U0464,2026-06-23,冷萃,咖啡,1,33.1,门店
O06505,U0464,2026-06-17,周边杯,周边,1,49.4,美团
O06506,U0465,2026-04-17,轻食沙拉,轻食,1,26.0,APP
O06507,U0465,2026-03-24,美式,咖啡,2,51.8,美团
O06508,U0466,2026-06-13,周边杯,周边,1,68.6,饿了么
O06509,U0466,2026-06-11,烘焙早餐,烘焙,2,43.8,APP
O06510,U0466,2026-03-31,冷萃,咖啡,2,76.0,饿了么
O06511,U0466,2026-06-03,美式,咖啡,2,47.6,门店
O06512,U0467,2026-04-26,烘焙早餐,烘焙,2,73.8,门店
O06513,U0467,2026-04-11,周边杯,周边,1,53.5,小程序
O06514,U0467,2026-06-17,冷萃,咖啡,3,138.3,门店
O06515,U0468,2026-06-25,周边杯,周边,1,58.4,饿了么
O06516,U0468,2026-01-29,烘焙早餐,烘焙,1,32.2,饿了么
O06517,U0468,2026-05-19,美式,咖啡,1,23.9,小程序
O06518,U0469,2026-06-14,轻食沙拉,轻食,1,29.7,门店
O06519,U0469,2026-06-22,生椰拿铁,咖啡,2,74.8,门店
O06520,U0470,2026-05-20,轻食沙拉,轻食,1,30.3,美团
O06521,U0470,2025-11-01,美式,咖啡,1,22.5,美团
O06522,U0470,2026-03-06,生椰拿铁,咖啡,1,46.0,美团
O06523,U0470,2026-04-09,拿铁,咖啡,1,30.1,门店
O06524,U0470,2025-09-19,烘焙早餐,烘焙,2,40.2,门店
O06525,U0471,2025-09-25,生椰拿铁,咖啡,1,37.9,门店
O06526,U0471,2025-12-03,轻食沙拉,轻食,1,32.6,美团
O06527,U0471,2026-05-18,冷萃,咖啡,1,34.1,小程序
O06528,U0471,2025-11-25,冷萃,咖啡,1,33.4,APP
O06529,U0472,2026-02-12,周边杯,周边,1,62.3,门店
O06530,U0472,2026-05-15,生椰拿铁,咖啡,1,46.4,美团
O06531,U0472,2026-06-15,美式,咖啡,2,53.8,APP
O06532,U0472,2026-06-14,冷萃,咖啡,1,33.6,小程序
O06533,U0472,2026-03-29,生椰拿铁,咖啡,1,45.8,门店
O06534,U0473,2026-02-25,周边杯,周边,1,71.7,美团
O06535,U0473,2025-09-19,拿铁,咖啡,1,31.9,小程序
O06536,U0473,2025-10-22,烘焙早餐,烘焙,1,37.1,APP
O06537,U0473,2025-11-21,冷萃,咖啡,3,138.0,饿了么
O06538,U0474,2026-06-26,生椰拿铁,咖啡,1,42.4,美团
O06539,U0474,2026-05-23,冷萃,咖啡,1,46.4,门店
O06540,U0474,2026-05-04,烘焙早餐,烘焙,1,24.5,美团
O06541,U0474,2026-04-29,周边杯,周边,1,72.4,饿了么
O06542,U0474,2026-05-07,冷萃,咖啡,2,88.6,小程序
O06543,U0475,2026-01-02,美式,咖啡,1,27.4,门店
O06544,U0475,2026-06-26,周边杯,周边,1,86.9,饿了么
O06545,U0476,2026-05-21,生椰拿铁,咖啡,2,66.8,美团
O06546,U0476,2026-04-26,拿铁,咖啡,1,28.3,美团
O06547,U0476,2026-05-24,生椰拿铁,咖啡,1,42.8,小程序
O06548,U0476,2026-03-17,周边杯,周边,3,168.6,门店
O06549,U0477,2026-04-30,轻食沙拉,轻食,1,32.7,门店
O06550,U0477,2025-12-30,周边杯,周边,2,104.8,美团
O06551,U0477,2026-06-28,轻食沙拉,轻食,1,39.0,美团
O06552,U0477,2025-12-28,冷萃,咖啡,1,38.2,小程序
O06553,U0478,2026-04-13,轻食沙拉,轻食,2,85.6,小程序
O06554,U0478,2026-06-11,冷萃,咖啡,1,35.7,饿了么
O06555,U0479,2026-06-14,周边杯,周边,1,61.8,门店
O06556,U0479,2026-06-11,拿铁,咖啡,2,83.8,饿了么
O06557,U0479,2026-04-15,周边杯,周边,1,55.5,饿了么
O06558,U0479,2026-06-02,冷萃,咖啡,1,44.9,小程序
O06559,U0480,2026-06-04,冷萃,咖啡,1,32.2,小程序
O06560,U0480,2026-06-06,轻食沙拉,轻食,1,39.2,门店
O06561,U0481,2026-03-20,拿铁,咖啡,1,40.5,门店
O06562,U0481,2026-06-10,生椰拿铁,咖啡,1,40.1,门店
O06563,U0481,2025-11-21,轻食沙拉,轻食,1,39.1,APP
O06564,U0481,2026-02-01,轻食沙拉,轻食,1,32.0,饿了么
O06565,U0481,2025-12-06,轻食沙拉,轻食,1,29.3,饿了么
O06566,U0482,2026-04-06,周边杯,周边,1,65.2,饿了么
O06567,U0482,2026-02-05,轻食沙拉,轻食,2,58.4,美团
O06568,U0482,2026-03-29,冷萃,咖啡,1,36.9,美团
O06569,U0482,2026-01-29,周边杯,周边,1,52.3,APP
O06570,U0482,2026-01-21,周边杯,周边,3,210.0,美团
O06571,U0483,2026-06-25,周边杯,周边,1,72.8,小程序
O06572,U0483,2026-06-21,轻食沙拉,轻食,1,36.5,美团
O06573,U0484,2026-04-23,生椰拿铁,咖啡,1,46.8,美团
O06574,U0484,2026-04-24,拿铁,咖啡,2,90.0,APP
O06575,U0485,2026-06-29,冷萃,咖啡,1,38.5,门店
O06576,U0485,2026-06-26,美式,咖啡,2,69.0,饿了么
O06577,U0486,2026-06-22,美式,咖啡,3,75.3,美团
O06578,U0486,2026-05-26,烘焙早餐,烘焙,3,94.5,美团
O06579,U0486,2026-06-06,拿铁,咖啡,1,29.0,小程序
O06580,U0486,2026-06-17,美式,咖啡,1,26.4,小程序
O06581,U0487,2025-11-14,周边杯,周边,2,150.0,小程序
O06582,U0487,2025-12-23,周边杯,周边,1,55.6,饿了么
O06583,U0487,2025-10-31,烘焙早餐,烘焙,1,26.2,小程序
O06584,U0488,2026-05-08,冷萃,咖啡,2,77.0,APP
O06585,U0488,2026-05-10,美式,咖啡,1,32.8,门店
O06586,U0488,2026-04-17,拿铁,咖啡,1,35.0,饿了么
O06587,U0489,2025-11-25,周边杯,周边,2,155.4,APP
O06588,U0489,2026-05-30,拿铁,咖啡,2,84.2,小程序
O06589,U0489,2026-05-17,拿铁,咖啡,1,41.8,小程序
O06590,U0490,2026-06-24,轻食沙拉,轻食,2,80.6,饿了么
O06591,U0490,2026-06-09,美式,咖啡,2,45.0,小程序
O06592,U0490,2026-06-20,烘焙早餐,烘焙,1,22.7,饿了么
O06593,U0490,2026-06-06,轻食沙拉,轻食,1,38.9,门店
O06594,U0490,2026-06-19,冷萃,咖啡,2,95.2,APP
O06595,U0491,2026-03-07,拿铁,咖啡,2,85.0,门店
O06596,U0491,2026-03-04,冷萃,咖啡,1,37.7,美团
O06597,U0491,2026-04-01,生椰拿铁,咖啡,1,42.2,饿了么
O06598,U0491,2026-05-30,美式,咖啡,1,28.5,饿了么
O06599,U0491,2026-01-27,冷萃,咖啡,1,40.6,小程序
O06600,U0492,2026-05-07,生椰拿铁,咖啡,2,87.6,小程序
O06601,U0492,2026-04-21,冷萃,咖啡,1,49.5,APP
O06602,U0492,2026-04-05,美式,咖啡,2,47.2,门店
O06603,U0493,2026-03-15,生椰拿铁,咖啡,1,47.1,小程序
O06604,U0493,2026-02-08,冷萃,咖啡,2,91.2,小程序
O06605,U0493,2026-05-08,美式,咖啡,1,26.4,门店
O06606,U0493,2026-03-09,轻食沙拉,轻食,1,28.0,美团
O06607,U0494,2025-11-20,美式,咖啡,1,26.5,美团
O06608,U0494,2025-10-01,拿铁,咖啡,1,40.2,APP
O06609,U0494,2026-04-11,轻食沙拉,轻食,1,43.5,APP
O06610,U0494,2025-12-27,美式,咖啡,1,28.4,门店
O06611,U0495,2026-01-21,烘焙早餐,烘焙,1,36.9,APP
O06612,U0495,2026-06-29,周边杯,周边,1,69.8,APP
O06613,U0495,2026-04-20,轻食沙拉,轻食,1,28.5,饿了么
O06614,U0496,2025-10-04,拿铁,咖啡,1,32.0,美团
O06615,U0496,2025-09-09,拿铁,咖啡,1,37.2,APP
O06616,U0496,2025-11-27,生椰拿铁,咖啡,1,46.8,美团
O06617,U0497,2026-02-02,美式,咖啡,2,49.0,APP
O06618,U0497,2025-11-21,轻食沙拉,轻食,2,75.0,饿了么
O06619,U0498,2026-06-28,生椰拿铁,咖啡,1,36.6,小程序
O06620,U0498,2026-06-15,生椰拿铁,咖啡,2,83.2,小程序
O06621,U0498,2026-06-19,冷萃,咖啡,1,35.9,饿了么
O06622,U0499,2026-03-13,冷萃,咖啡,1,49.1,美团
O06623,U0499,2026-06-30,拿铁,咖啡,1,43.2,美团
O06624,U0499,2026-04-28,生椰拿铁,咖啡,1,45.2,门店
O06625,U0499,2026-03-20,拿铁,咖啡,1,34.3,饿了么
O06626,U0500,2026-06-05,烘焙早餐,烘焙,1,31.4,小程序
O06627,U0500,2026-05-27,美式,咖啡,1,31.3,美团
O06628,U0500,2026-05-19,轻食沙拉,轻食,3,133.2,美团
O06629,U0501,2026-04-23,美式,咖啡,3,76.2,饿了么
O06630,U0501,2026-04-08,美式,咖啡,1,30.3,APP
O06631,U0501,2026-04-20,冷萃,咖啡,1,43.0,饿了么
O06632,U0501,2026-06-25,美式,咖啡,1,30.8,门店
O06633,U0502,2025-12-27,美式,咖啡,1,23.2,饿了么
O06634,U0502,2026-03-31,生椰拿铁,咖啡,2,88.8,小程序
O06635,U0503,2026-02-11,拿铁,咖啡,1,34.7,饿了么
O06636,U0503,2026-03-21,轻食沙拉,轻食,1,38.4,美团
O06637,U0503,2025-12-18,生椰拿铁,咖啡,1,38.9,门店
O06638,U0504,2026-04-07,美式,咖啡,1,29.3,饿了么
O06639,U0504,2026-03-18,轻食沙拉,轻食,1,25.0,APP
O06640,U0504,2026-04-15,美式,咖啡,1,33.1,APP
O06641,U0504,2026-03-20,生椰拿铁,咖啡,2,72.6,APP
O06642,U0504,2026-06-01,冷萃,咖啡,1,37.3,美团
O06643,U0505,2026-05-25,烘焙早餐,烘焙,1,23.1,饿了么
O06644,U0505,2025-12-18,拿铁,咖啡,1,31.4,门店
O06645,U0505,2025-12-17,冷萃,咖啡,2,77.0,门店
O06646,U0506,2026-05-07,冷萃,咖啡,1,33.0,小程序
O06647,U0506,2026-05-06,美式,咖啡,1,31.6,APP
O06648,U0506,2026-06-19,周边杯,周边,2,173.6,美团
O06649,U0507,2026-02-03,轻食沙拉,轻食,1,39.9,美团
O06650,U0507,2026-06-06,美式,咖啡,2,62.8,APP
O06651,U0507,2026-01-25,生椰拿铁,咖啡,1,46.5,饿了么
O06652,U0507,2026-01-30,烘焙早餐,烘焙,1,37.6,美团
O06653,U0507,2025-10-15,周边杯,周边,1,52.8,饿了么
O06654,U0508,2026-02-10,烘焙早餐,烘焙,1,28.4,小程序
O06655,U0508,2026-04-23,美式,咖啡,2,69.4,美团
O06656,U0509,2026-03-02,周边杯,周边,2,133.8,饿了么
O06657,U0509,2026-05-24,轻食沙拉,轻食,1,29.0,门店
O06658,U0509,2026-05-21,生椰拿铁,咖啡,1,41.3,美团
O06659,U0509,2026-04-04,周边杯,周边,2,102.6,小程序
O06660,U0510,2026-05-14,拿铁,咖啡,1,43.6,门店
O06661,U0510,2026-06-01,烘焙早餐,烘焙,1,20.1,美团
O06662,U0510,2026-06-24,美式,咖啡,1,31.3,饿了么
O06663,U0511,2026-01-13,冷萃,咖啡,1,46.3,APP
O06664,U0511,2026-06-08,冷萃,咖啡,2,91.6,门店
O06665,U0511,2025-11-10,烘焙早餐,烘焙,1,36.9,门店
O06666,U0511,2026-03-23,冷萃,咖啡,3,114.6,饿了么
O06667,U0512,2026-06-29,烘焙早餐,烘焙,1,34.0,美团
O06668,U0512,2026-06-29,拿铁,咖啡,2,76.2,饿了么
O06669,U0512,2026-06-30,美式,咖啡,1,34.7,门店
O06670,U0513,2026-04-18,烘焙早餐,烘焙,1,34.4,饿了么
O06671,U0513,2026-05-10,烘焙早餐,烘焙,1,18.8,门店
O06672,U0513,2026-04-20,美式,咖啡,1,25.1,饿了么
O06673,U0513,2026-06-27,周边杯,周边,1,75.9,饿了么
O06674,U0514,2026-03-28,美式,咖啡,2,51.8,门店
O06675,U0514,2026-03-25,烘焙早餐,烘焙,1,26.1,小程序
O06676,U0514,2026-03-08,周边杯,周边,1,53.1,小程序
O06677,U0515,2026-03-25,冷萃,咖啡,1,33.1,小程序
O06678,U0515,2025-10-25,生椰拿铁,咖啡,1,45.6,门店
O06679,U0515,2026-01-21,冷萃,咖啡,1,32.0,小程序
O06680,U0516,2026-04-09,冷萃,咖啡,1,36.7,美团
O06681,U0516,2026-06-14,烘焙早餐,烘焙,2,41.0,小程序
O06682,U0516,2026-03-27,拿铁,咖啡,1,31.2,门店
O06683,U0517,2026-05-20,轻食沙拉,轻食,1,36.5,门店
O06684,U0517,2026-06-03,烘焙早餐,烘焙,2,67.6,小程序
O06685,U0518,2025-12-06,周边杯,周边,1,82.1,饿了么
O06686,U0518,2026-04-29,美式,咖啡,1,24.8,饿了么
O06687,U0519,2026-06-14,冷萃,咖啡,2,64.0,饿了么
O06688,U0519,2025-12-18,生椰拿铁,咖啡,2,87.0,小程序
O06689,U0519,2025-10-04,烘焙早餐,烘焙,2,49.6,APP
O06690,U0519,2026-04-02,拿铁,咖啡,2,59.6,小程序
O06691,U0519,2025-08-15,美式,咖啡,2,66.2,美团
O06692,U0520,2026-06-16,拿铁,咖啡,1,43.5,美团
O06693,U0520,2026-06-29,轻食沙拉,轻食,1,41.2,饿了么
O06694,U0521,2025-11-20,冷萃,咖啡,2,86.6,小程序
O06695,U0521,2026-02-13,生椰拿铁,咖啡,1,32.2,饿了么
O06696,U0522,2026-06-03,烘焙早餐,烘焙,1,26.2,饿了么
O06697,U0522,2026-02-20,周边杯,周边,1,75.4,小程序
O06698,U0522,2026-03-19,拿铁,咖啡,1,38.9,APP
O06699,U0523,2026-03-04,周边杯,周边,3,247.2,饿了么
O06700,U0523,2026-04-25,拿铁,咖啡,2,72.6,小程序
O06701,U0523,2026-06-24,冷萃,咖啡,3,100.5,APP
O06702,U0524,2026-02-23,拿铁,咖啡,1,41.0,门店
O06703,U0524,2026-03-01,美式,咖啡,2,45.0,门店
O06704,U0524,2026-01-29,轻食沙拉,轻食,3,78.0,APP
O06705,U0525,2026-06-02,轻食沙拉,轻食,2,53.0,美团
O06706,U0525,2026-01-22,烘焙早餐,烘焙,1,29.1,美团
O06707,U0525,2025-12-26,烘焙早餐,烘焙,1,18.1,小程序
O06708,U0525,2026-04-16,美式,咖啡,2,67.6,APP
O06709,U0525,2026-04-24,拿铁,咖啡,2,78.0,美团
O06710,U0526,2025-09-15,冷萃,咖啡,1,37.7,APP
O06711,U0526,2025-10-04,拿铁,咖啡,1,37.4,小程序
O06712,U0526,2026-05-13,拿铁,咖啡,1,43.3,APP
O06713,U0526,2025-12-04,周边杯,周边,2,152.4,APP
O06714,U0527,2026-04-05,美式,咖啡,1,26.2,饿了么
O06715,U0527,2026-05-31,烘焙早餐,烘焙,1,32.4,美团
O06716,U0527,2026-04-17,美式,咖啡,1,23.5,门店
O06717,U0528,2026-05-17,轻食沙拉,轻食,2,77.6,小程序
O06718,U0528,2025-12-31,烘焙早餐,烘焙,1,32.1,饿了么
O06719,U0528,2026-04-08,周边杯,周边,3,212.7,门店
O06720,U0528,2026-01-02,生椰拿铁,咖啡,1,32.9,小程序
O06721,U0528,2026-02-19,周边杯,周边,1,65.9,美团
O06722,U0529,2026-05-15,拿铁,咖啡,2,88.0,小程序
O06723,U0529,2026-01-01,生椰拿铁,咖啡,2,86.8,小程序
O06724,U0529,2026-06-10,烘焙早餐,烘焙,1,32.0,美团
O06725,U0529,2026-06-18,拿铁,咖啡,2,64.8,饿了么
O06726,U0530,2026-01-17,冷萃,咖啡,1,42.2,饿了么
O06727,U0530,2026-06-21,生椰拿铁,咖啡,1,30.5,饿了么
O06728,U0530,2026-05-02,周边杯,周边,1,83.0,饿了么
O06729,U0531,2026-05-31,周边杯,周边,2,108.6,门店
O06730,U0531,2026-05-26,冷萃,咖啡,1,39.8,饿了么
O06731,U0532,2025-10-19,冷萃,咖啡,1,36.6,门店
O06732,U0532,2025-11-08,生椰拿铁,咖啡,1,32.6,小程序
O06733,U0532,2026-02-24,烘焙早餐,烘焙,2,50.4,美团
O06734,U0532,2026-05-07,美式,咖啡,1,26.1,饿了么
O06735,U0533,2026-06-12,冷萃,咖啡,1,45.5,饿了么
O06736,U0533,2026-05-29,美式,咖啡,1,22.6,门店
O06737,U0533,2026-06-17,美式,咖啡,1,28.8,小程序
O06738,U0533,2026-06-14,生椰拿铁,咖啡,1,42.1,饿了么
O06739,U0534,2026-06-14,美式,咖啡,3,103.8,美团
O06740,U0534,2026-06-18,烘焙早餐,烘焙,3,102.3,小程序
O06741,U0534,2026-06-17,周边杯,周边,1,64.6,饿了么
O06742,U0534,2026-06-26,冷萃,咖啡,1,32.1,饿了么
O06743,U0535,2026-02-20,周边杯,周边,2,173.2,饿了么
O06744,U0535,2026-05-23,周边杯,周边,1,76.0,小程序
O06745,U0535,2026-01-13,冷萃,咖啡,1,38.7,美团
O06746,U0536,2026-04-27,拿铁,咖啡,2,61.4,美团
O06747,U0536,2026-03-16,美式,咖啡,2,46.2,门店
O06748,U0536,2026-03-20,生椰拿铁,咖啡,1,33.2,APP
O06749,U0536,2026-05-09,周边杯,周边,2,157.4,小程序
O06750,U0536,2026-06-24,生椰拿铁,咖啡,1,43.4,饿了么
O06751,U0537,2026-05-22,拿铁,咖啡,1,35.7,小程序
O06752,U0537,2026-05-09,周边杯,周边,1,55.0,APP
O06753,U0537,2026-05-07,美式,咖啡,1,32.0,小程序
O06754,U0537,2026-06-23,生椰拿铁,咖啡,1,36.7,门店
O06755,U0538,2026-05-17,轻食沙拉,轻食,1,28.0,小程序
O06756,U0538,2026-04-29,烘焙早餐,烘焙,1,19.7,饿了么
O06757,U0538,2026-05-16,生椰拿铁,咖啡,1,46.0,小程序
O06758,U0539,2026-06-14,轻食沙拉,轻食,1,41.0,小程序
O06759,U0539,2026-06-28,烘焙早餐,烘焙,1,36.5,APP
O06760,U0539,2026-04-19,轻食沙拉,轻食,2,86.2,美团
O06761,U0539,2026-05-17,烘焙早餐,烘焙,1,33.2,门店
O06762,U0540,2026-04-01,拿铁,咖啡,1,43.8,饿了么
O06763,U0540,2026-03-31,美式,咖啡,1,23.2,饿了么
O06764,U0541,2026-04-13,拿铁,咖啡,3,117.3,饿了么
O06765,U0541,2026-02-11,美式,咖啡,1,33.2,美团
O06766,U0542,2026-04-03,烘焙早餐,烘焙,2,66.8,美团
O06767,U0542,2025-11-28,轻食沙拉,轻食,1,31.6,美团
O06768,U0542,2025-12-31,周边杯,周边,1,86.8,APP
O06769,U0542,2026-03-10,美式,咖啡,1,32.0,饿了么
O06770,U0543,2026-05-13,轻食沙拉,轻食,1,40.1,APP
O06771,U0543,2026-05-21,生椰拿铁,咖啡,1,35.3,门店
O06772,U0543,2026-05-13,生椰拿铁,咖啡,2,64.2,饿了么
O06773,U0544,2026-02-28,生椰拿铁,咖啡,1,30.8,门店
O06774,U0544,2026-05-26,美式,咖啡,1,29.2,饿了么
O06775,U0544,2026-06-22,美式,咖啡,1,22.1,美团
O06776,U0545,2026-03-01,冷萃,咖啡,2,97.0,饿了么
O06777,U0545,2025-09-25,烘焙早餐,烘焙,1,28.9,门店
O06778,U0545,2026-04-04,冷萃,咖啡,1,33.4,小程序
O06779,U0545,2026-06-07,冷萃,咖啡,1,37.6,APP
O06780,U0545,2026-02-06,烘焙早餐,烘焙,1,25.2,门店
O06781,U0546,2026-06-24,美式,咖啡,1,23.2,美团
O06782,U0546,2026-06-17,轻食沙拉,轻食,1,43.0,门店
O06783,U0546,2026-06-13,拿铁,咖啡,1,38.8,美团
O06784,U0547,2026-05-23,生椰拿铁,咖啡,1,36.4,饿了么
O06785,U0547,2026-05-30,生椰拿铁,咖啡,1,36.3,门店
O06786,U0548,2026-01-03,拿铁,咖啡,1,38.1,美团
O06787,U0548,2025-11-04,周边杯,周边,2,107.8,APP
O06788,U0548,2026-01-10,周边杯,周边,1,58.7,饿了么
O06789,U0549,2025-11-14,烘焙早餐,烘焙,1,26.6,小程序
O06790,U0549,2025-10-08,拿铁,咖啡,2,81.6,门店
O06791,U0549,2025-12-15,生椰拿铁,咖啡,1,35.4,门店
O06792,U0549,2026-05-26,轻食沙拉,轻食,1,32.1,美团
O06793,U0549,2025-09-26,轻食沙拉,轻食,1,35.6,美团
O06794,U0550,2026-03-22,轻食沙拉,轻食,2,89.8,APP
O06795,U0550,2026-03-30,生椰拿铁,咖啡,1,40.3,饿了么
O06796,U0550,2026-04-17,美式,咖啡,3,83.7,APP
O06797,U0550,2026-05-20,美式,咖啡,1,28.4,小程序
O06798,U0550,2026-04-11,美式,咖啡,1,23.5,APP
O06799,U0551,2026-01-10,烘焙早餐,烘焙,2,37.6,小程序
O06800,U0551,2026-01-17,冷萃,咖啡,1,35.7,门店
O06801,U0552,2026-05-15,烘焙早餐,烘焙,1,27.3,美团
O06802,U0553,2025-09-23,冷萃,咖啡,1,32.3,美团
O06803,U0553,2026-03-19,冷萃,咖啡,1,32.2,美团
O06804,U0554,2026-05-24,美式,咖啡,3,72.3,APP
O06805,U0554,2025-12-22,周边杯,周边,2,175.4,饿了么
O06806,U0555,2026-01-20,烘焙早餐,烘焙,1,34.6,饿了么
O06807,U0556,2026-06-23,美式,咖啡,2,56.4,美团
O06808,U0556,2026-05-28,冷萃,咖啡,2,73.4,饿了么
O06809,U0557,2026-02-04,周边杯,周边,1,49.4,门店
O06810,U0558,2026-06-18,轻食沙拉,轻食,2,80.4,美团
O06811,U0558,2026-06-25,拿铁,咖啡,1,43.1,APP
O06812,U0559,2025-12-23,美式,咖啡,2,50.6,APP
O06813,U0560,2026-04-30,周边杯,周边,1,78.1,饿了么
O06814,U0560,2026-01-10,拿铁,咖啡,1,44.4,美团
O06815,U0561,2026-06-08,美式,咖啡,1,34.6,小程序
O06816,U0561,2026-06-17,轻食沙拉,轻食,1,29.7,小程序
O06817,U0562,2026-06-17,轻食沙拉,轻食,1,25.4,APP
O06818,U0562,2026-06-26,冷萃,咖啡,2,73.0,小程序
O06819,U0563,2026-06-14,冷萃,咖啡,1,45.1,门店
O06820,U0564,2026-06-25,生椰拿铁,咖啡,1,33.0,美团
O06821,U0564,2026-06-25,周边杯,周边,1,56.9,美团
O06822,U0565,2026-03-24,生椰拿铁,咖啡,1,40.4,美团
O06823,U0566,2026-06-23,烘焙早餐,烘焙,1,27.8,饿了么
O06824,U0566,2026-06-09,生椰拿铁,咖啡,1,44.2,APP
O06825,U0567,2026-01-24,冷萃,咖啡,1,36.6,饿了么
O06826,U0567,2026-03-31,美式,咖啡,3,96.3,小程序
O06827,U0568,2026-01-20,冷萃,咖啡,2,92.4,APP
O06828,U0568,2026-01-26,烘焙早餐,烘焙,1,30.1,美团
O06829,U0569,2026-01-20,生椰拿铁,咖啡,1,45.6,小程序
O06830,U0569,2026-01-11,美式,咖啡,1,29.9,饿了么
O06831,U0570,2026-01-10,生椰拿铁,咖啡,1,33.3,门店
O06832,U0571,2026-06-21,美式,咖啡,1,31.9,饿了么
O06833,U0571,2026-06-14,拿铁,咖啡,2,59.0,饿了么
O06834,U0572,2026-03-29,周边杯,周边,2,172.8,门店
O06835,U0572,2026-06-30,冷萃,咖啡,1,44.7,饿了么
O06836,U0573,2026-01-11,冷萃,咖啡,1,36.0,小程序
O06837,U0574,2026-04-26,烘焙早餐,烘焙,1,36.8,APP
O06838,U0574,2026-03-23,冷萃,咖啡,1,35.3,美团
O06839,U0575,2025-10-10,周边杯,周边,1,56.2,APP
O06840,U0576,2026-06-24,美式,咖啡,1,30.8,饿了么
O06841,U0576,2026-06-26,烘焙早餐,烘焙,3,87.9,门店
O06842,U0577,2026-06-10,拿铁,咖啡,2,78.6,门店
O06843,U0577,2026-05-13,轻食沙拉,轻食,1,33.9,美团
O06844,U0578,2026-01-04,拿铁,咖啡,1,30.0,饿了么
O06845,U0578,2026-01-27,周边杯,周边,1,87.6,APP
O06846,U0579,2026-06-24,周边杯,周边,1,83.0,饿了么
O06847,U0580,2026-03-07,生椰拿铁,咖啡,1,37.3,饿了么
O06848,U0580,2026-06-07,轻食沙拉,轻食,1,38.7,小程序
O06849,U0581,2026-06-17,烘焙早餐,烘焙,1,24.9,APP
O06850,U0582,2026-05-13,冷萃,咖啡,1,49.8,饿了么
O06851,U0582,2026-03-21,周边杯,周边,1,57.5,APP
O06852,U0583,2026-05-03,生椰拿铁,咖啡,1,45.9,美团
O06853,U0583,2026-04-14,美式,咖啡,2,56.8,美团
O06854,U0584,2026-05-30,冷萃,咖啡,2,93.2,门店
O06855,U0584,2026-05-20,冷萃,咖啡,1,43.8,饿了么
O06856,U0585,2026-02-03,冷萃,咖啡,1,45.4,APP
O06857,U0585,2026-02-08,周边杯,周边,1,66.7,门店
O06858,U0586,2025-11-14,生椰拿铁,咖啡,1,30.4,美团
O06859,U0587,2026-06-04,烘焙早餐,烘焙,1,30.9,门店
O06860,U0587,2026-06-27,烘焙早餐,烘焙,2,52.0,饿了么
O06861,U0588,2026-05-22,拿铁,咖啡,2,64.0,门店
O06862,U0588,2026-05-15,烘焙早餐,烘焙,1,35.3,美团
O06863,U0589,2026-03-12,美式,咖啡,1,28.9,饿了么
O06864,U0590,2026-04-15,烘焙早餐,烘焙,2,43.6,小程序
O06865,U0590,2026-01-25,冷萃,咖啡,1,42.8,饿了么
O06866,U0591,2026-06-17,生椰拿铁,咖啡,1,44.6,APP
O06867,U0592,2025-12-01,拿铁,咖啡,2,88.8,小程序
O06868,U0592,2026-02-12,拿铁,咖啡,1,40.3,APP
O06869,U0593,2026-01-02,生椰拿铁,咖啡,2,63.8,APP
O06870,U0593,2026-04-09,生椰拿铁,咖啡,2,78.6,美团
O06871,U0594,2025-11-10,美式,咖啡,2,67.2,美团
O06872,U0594,2025-12-18,轻食沙拉,轻食,1,33.5,美团
O06873,U0595,2026-01-17,美式,咖啡,2,49.6,APP
O06874,U0595,2026-05-12,美式,咖啡,1,32.7,美团
O06875,U0596,2025-10-07,生椰拿铁,咖啡,2,81.4,饿了么
O06876,U0596,2026-01-03,周边杯,周边,1,81.6,小程序
O06877,U0597,2025-10-14,轻食沙拉,轻食,1,34.8,饿了么
O06878,U0598,2026-06-18,拿铁,咖啡,3,104.1,门店
O06879,U0599,2026-05-10,烘焙早餐,烘焙,1,30.7,APP
O06880,U0599,2026-01-07,周边杯,周边,1,82.4,门店
O06881,U0600,2026-03-26,生椰拿铁,咖啡,1,38.0,门店
O06882,U0600,2026-05-28,冷萃,咖啡,1,41.5,门店
O06883,U0601,2026-05-14,轻食沙拉,轻食,1,40.1,APP
O06884,U0602,2025-08-26,美式,咖啡,1,31.9,美团
O06885,U0602,2026-05-07,冷萃,咖啡,2,76.0,小程序
O06886,U0603,2025-11-09,轻食沙拉,轻食,1,41.9,小程序
O06887,U0603,2026-06-17,美式,咖啡,1,29.8,美团
O06888,U0604,2026-05-21,烘焙早餐,烘焙,1,20.2,美团
O06889,U0605,2026-02-28,烘焙早餐,烘焙,1,30.9,门店
O06890,U0605,2025-10-17,轻食沙拉,轻食,1,39.7,APP
O06891,U0606,2026-03-17,烘焙早餐,烘焙,1,26.9,饿了么
O06892,U0606,2026-06-19,拿铁,咖啡,1,36.3,小程序
O06893,U0607,2026-06-04,轻食沙拉,轻食,2,64.6,美团
O06894,U0607,2026-01-07,拿铁,咖啡,3,109.2,饿了么
O06895,U0608,2026-05-08,冷萃,咖啡,1,41.6,APP
O06896,U0609,2026-04-11,生椰拿铁,咖啡,2,78.6,美团
O06897,U0610,2026-02-15,周边杯,周边,1,62.1,小程序
O06898,U0611,2026-06-13,生椰拿铁,咖啡,1,41.2,饿了么
O06899,U0611,2025-11-15,烘焙早餐,烘焙,1,18.2,美团
O06900,U0612,2026-05-15,周边杯,周边,1,88.4,小程序
O06901,U0613,2026-05-03,轻食沙拉,轻食,2,70.8,饿了么
O06902,U0613,2026-03-06,生椰拿铁,咖啡,2,95.8,饿了么
O06903,U0614,2026-06-29,美式,咖啡,3,66.9,小程序
O06904,U0614,2026-05-28,轻食沙拉,轻食,1,42.7,门店
O06905,U0615,2026-05-19,烘焙早餐,烘焙,1,30.5,门店
O06906,U0616,2026-04-22,周边杯,周边,1,85.5,APP
O06907,U0617,2026-05-04,美式,咖啡,3,74.4,APP
O06908,U0617,2026-04-17,生椰拿铁,咖啡,1,45.3,门店
O06909,U0618,2026-03-19,拿铁,咖啡,1,35.5,小程序
O06910,U0619,2026-06-08,周边杯,周边,1,80.8,APP
O06911,U0619,2026-06-20,美式,咖啡,1,34.0,APP
O06912,U0620,2026-01-01,拿铁,咖啡,2,75.0,小程序
O06913,U0620,2025-11-12,生椰拿铁,咖啡,1,32.3,饿了么
O06914,U0621,2025-08-23,周边杯,周边,2,177.8,饿了么
O06915,U0622,2026-06-27,拿铁,咖啡,2,66.2,小程序
O06916,U0623,2026-01-01,生椰拿铁,咖啡,1,35.4,美团
O06917,U0624,2026-05-09,生椰拿铁,咖啡,2,76.0,饿了么
O06918,U0625,2026-06-08,烘焙早餐,烘焙,2,68.4,APP
O06919,U0625,2026-06-12,周边杯,周边,1,77.7,门店
O06920,U0626,2026-06-30,周边杯,周边,2,106.4,饿了么
O06921,U0627,2026-05-14,美式,咖啡,1,33.2,饿了么
O06922,U0628,2026-02-27,生椰拿铁,咖啡,1,45.3,小程序
O06923,U0629,2025-10-25,周边杯,周边,1,63.5,美团
O06924,U0629,2026-04-19,周边杯,周边,2,140.0,门店
O06925,U0630,2026-05-09,拿铁,咖啡,2,64.2,小程序
O06926,U0630,2026-05-05,冷萃,咖啡,2,90.2,饿了么
O06927,U0631,2026-04-07,生椰拿铁,咖啡,1,43.4,小程序
O06928,U0631,2026-04-16,拿铁,咖啡,2,84.0,饿了么
O06929,U0632,2026-04-05,轻食沙拉,轻食,2,54.6,门店
O06930,U0632,2026-05-14,拿铁,咖啡,1,36.7,门店
O06931,U0633,2026-03-08,轻食沙拉,轻食,1,30.8,门店
O06932,U0633,2025-11-30,冷萃,咖啡,1,48.8,门店
O06933,U0634,2026-06-26,生椰拿铁,咖啡,2,81.6,APP
O06934,U0634,2026-06-12,周边杯,周边,1,62.3,小程序
O06935,U0635,2025-11-19,冷萃,咖啡,1,39.9,美团
O06936,U0636,2026-06-30,冷萃,咖啡,1,48.8,饿了么
O06937,U0636,2026-03-08,生椰拿铁,咖啡,2,70.2,APP
O06938,U0637,2026-05-01,冷萃,咖啡,1,34.7,饿了么
O06939,U0638,2026-06-27,烘焙早餐,烘焙,1,27.4,美团
O06940,U0639,2026-06-21,生椰拿铁,咖啡,2,91.4,饿了么
O06941,U0640,2026-06-23,周边杯,周边,1,61.4,美团
O06942,U0640,2026-06-01,生椰拿铁,咖啡,2,93.2,小程序
O06943,U0641,2026-06-01,美式,咖啡,1,24.6,美团
O06944,U0641,2026-06-16,周边杯,周边,1,68.5,门店
O06945,U0642,2026-02-23,拿铁,咖啡,2,87.6,美团
O06946,U0643,2025-12-22,烘焙早餐,烘焙,1,32.7,门店
O06947,U0643,2025-10-12,周边杯,周边,2,110.4,APP
O06948,U0644,2026-01-10,轻食沙拉,轻食,1,34.7,小程序
O06949,U0644,2026-02-14,周边杯,周边,1,63.7,APP
O06950,U0645,2026-03-02,冷萃,咖啡,1,48.3,小程序
O06951,U0645,2026-02-18,生椰拿铁,咖啡,1,35.1,饿了么
O06952,U0646,2026-03-11,生椰拿铁,咖啡,3,109.2,门店
O06953,U0647,2026-02-13,拿铁,咖啡,1,35.2,APP
O06954,U0647,2026-02-18,生椰拿铁,咖啡,2,88.6,美团
O06955,U0648,2026-03-04,烘焙早餐,烘焙,2,38.2,饿了么
O06956,U0648,2026-02-17,周边杯,周边,3,147.9,饿了么
O06957,U0649,2026-06-09,烘焙早餐,烘焙,2,52.6,门店
O06958,U0650,2026-03-30,冷萃,咖啡,2,67.2,美团
O06959,U0651,2025-12-02,拿铁,咖啡,1,38.6,饿了么
O06960,U0651,2026-01-08,美式,咖啡,1,27.1,小程序
O06961,U0652,2025-08-22,轻食沙拉,轻食,1,38.6,饿了么
O06962,U0653,2026-04-12,轻食沙拉,轻食,1,25.5,门店
O06963,U0653,2026-02-01,周边杯,周边,1,79.5,小程序
O06964,U0654,2026-02-09,生椰拿铁,咖啡,1,45.1,APP
O06965,U0655,2026-05-24,拿铁,咖啡,2,57.2,APP
O06966,U0655,2026-06-20,美式,咖啡,1,34.2,美团
O06967,U0656,2026-02-22,拿铁,咖啡,2,78.6,饿了么
O06968,U0657,2026-05-01,美式,咖啡,3,102.9,小程序
O06969,U0657,2026-05-22,烘焙早餐,烘焙,1,30.3,门店
O06970,U0658,2026-06-03,拿铁,咖啡,1,40.8,美团
O06971,U0658,2026-05-23,冷萃,咖啡,2,73.0,APP
O06972,U0659,2026-04-26,美式,咖啡,1,25.9,APP
O06973,U0660,2025-12-01,轻食沙拉,轻食,1,40.3,美团
O06974,U0660,2026-01-17,美式,咖啡,1,31.5,门店
O06975,U0661,2026-04-14,冷萃,咖啡,1,43.7,APP
O06976,U0662,2026-06-29,周边杯,周边,1,66.4,饿了么
O06977,U0662,2026-05-25,烘焙早餐,烘焙,1,19.9,美团
O06978,U0663,2026-06-10,周边杯,周边,1,61.1,APP
O06979,U0663,2026-01-29,冷萃,咖啡,1,41.5,门店
O06980,U0664,2026-06-03,周边杯,周边,3,220.2,饿了么
O06981,U0664,2026-06-18,轻食沙拉,轻食,1,31.7,门店
O06982,U0665,2026-05-22,冷萃,咖啡,1,37.6,饿了么
O06983,U0665,2026-03-02,拿铁,咖啡,1,44.0,饿了么
O06984,U0666,2026-05-18,烘焙早餐,烘焙,1,34.1,饿了么
O06985,U0667,2026-05-23,冷萃,咖啡,2,88.0,小程序
O06986,U0667,2026-03-16,轻食沙拉,轻食,1,44.7,APP
O06987,U0668,2026-06-14,轻食沙拉,轻食,1,40.4,APP
O06988,U0669,2026-05-27,烘焙早餐,烘焙,1,27.8,小程序
O06989,U0669,2026-05-06,冷萃,咖啡,1,35.7,饿了么
O06990,U0670,2025-12-14,冷萃,咖啡,1,44.2,饿了么
O06991,U0670,2026-03-16,冷萃,咖啡,2,97.2,饿了么
O06992,U0671,2026-05-08,烘焙早餐,烘焙,2,45.8,门店
O06993,U0671,2026-03-26,烘焙早餐,烘焙,2,51.4,门店
O06994,U0672,2026-03-24,轻食沙拉,轻食,2,82.8,门店
O06995,U0672,2026-04-24,烘焙早餐,烘焙,1,25.7,小程序
O06996,U0673,2026-01-24,拿铁,咖啡,1,42.4,美团
O06997,U0673,2026-04-11,轻食沙拉,轻食,1,34.6,门店
O06998,U0674,2026-02-24,冷萃,咖啡,1,48.5,小程序
O06999,U0674,2026-04-05,冷萃,咖啡,3,101.7,门店
O07000,U0675,2026-03-10,周边杯,周边,1,59.1,门店
O07001,U0676,2025-10-19,轻食沙拉,轻食,1,35.2,美团
O07002,U0677,2026-02-07,美式,咖啡,1,22.7,饿了么
O07003,U0678,2026-05-15,烘焙早餐,烘焙,2,50.0,小程序
O07004,U0679,2026-05-10,生椰拿铁,咖啡,1,41.3,门店
O07005,U0679,2026-06-15,生椰拿铁,咖啡,1,30.9,门店
O07006,U0680,2025-12-07,周边杯,周边,1,56.4,美团
O07007,U0681,2026-06-01,轻食沙拉,轻食,1,44.9,美团
O07008,U0681,2026-02-28,周边杯,周边,1,60.2,饿了么
O07009,U0682,2025-12-24,冷萃,咖啡,3,98.1,饿了么
O07010,U0683,2026-06-24,拿铁,咖啡,1,28.6,饿了么
O07011,U0684,2026-06-02,生椰拿铁,咖啡,2,72.6,门店
O07012,U0685,2026-01-30,烘焙早餐,烘焙,1,30.0,APP
O07013,U0685,2026-03-28,拿铁,咖啡,1,40.0,饿了么
O07014,U0686,2025-11-04,拿铁,咖啡,1,41.6,饿了么
O07015,U0686,2025-12-25,拿铁,咖啡,2,66.6,美团
O07016,U0687,2026-03-27,拿铁,咖啡,1,31.8,小程序
O07017,U0687,2025-12-08,美式,咖啡,1,23.4,美团
O07018,U0688,2026-03-21,周边杯,周边,2,172.8,小程序
O07019,U0688,2026-03-07,冷萃,咖啡,2,72.6,小程序
O07020,U0689,2025-12-13,拿铁,咖啡,1,38.4,APP
O07021,U0689,2025-09-23,美式,咖啡,1,27.4,美团
O07022,U0690,2026-06-02,美式,咖啡,1,24.6,美团
O07023,U0691,2026-02-23,烘焙早餐,烘焙,2,36.8,门店
O07024,U0691,2026-04-23,生椰拿铁,咖啡,1,36.0,美团
O07025,U0692,2026-04-06,轻食沙拉,轻食,1,29.8,美团
O07026,U0693,2026-06-03,冷萃,咖啡,1,45.0,小程序
O07027,U0694,2026-06-18,烘焙早餐,烘焙,1,27.7,小程序
O07028,U0694,2026-06-03,冷萃,咖啡,2,98.4,APP
O07029,U0695,2026-06-25,烘焙早餐,烘焙,1,19.8,饿了么
O07030,U0696,2026-02-04,美式,咖啡,2,53.4,饿了么
O07031,U0697,2025-11-10,拿铁,咖啡,1,38.7,饿了么
O07032,U0698,2026-06-14,拿铁,咖啡,1,42.8,美团
O07033,U0698,2026-05-28,冷萃,咖啡,1,42.5,小程序
O07034,U0699,2026-06-01,美式,咖啡,1,25.5,门店
O07035,U0700,2026-06-14,周边杯,周边,2,124.8,门店
O07036,U0700,2026-02-27,烘焙早餐,烘焙,2,37.0,门店
O07037,U0701,2026-06-29,周边杯,周边,1,75.1,门店
O07038,U0702,2026-06-14,拿铁,咖啡,1,28.8,门店
O07039,U0703,2026-05-20,生椰拿铁,咖啡,1,43.0,美团
O07040,U0703,2025-12-24,周边杯,周边,1,58.5,门店
O07041,U0704,2026-04-08,冷萃,咖啡,1,44.6,饿了么
O07042,U0704,2026-05-01,拿铁,咖啡,3,104.7,APP
O07043,U0705,2026-05-06,拿铁,咖啡,1,38.9,美团
O07044,U0705,2025-09-24,周边杯,周边,1,87.7,小程序
O07045,U0706,2026-06-17,美式,咖啡,2,52.8,饿了么
O07046,U0707,2026-05-12,轻食沙拉,轻食,1,41.7,APP
O07047,U0708,2025-12-31,冷萃,咖啡,2,87.2,门店
O07048,U0708,2026-03-15,烘焙早餐,烘焙,1,20.2,美团
O07049,U0709,2026-01-30,生椰拿铁,咖啡,1,40.9,APP
O07050,U0709,2026-06-14,美式,咖啡,2,44.8,小程序
O07051,U0710,2026-06-21,生椰拿铁,咖啡,1,46.1,美团
O07052,U0710,2026-06-06,周边杯,周边,1,70.9,小程序
O07053,U0711,2026-05-10,美式,咖啡,1,34.9,美团
O07054,U0711,2025-12-18,烘焙早餐,烘焙,2,60.0,门店
O07055,U0712,2026-03-17,生椰拿铁,咖啡,2,85.4,门店
O07056,U0713,2026-06-03,美式,咖啡,1,34.7,APP
O07057,U0713,2026-06-30,周边杯,周边,1,63.7,美团
O07058,U0714,2026-01-30,拿铁,咖啡,1,37.8,小程序
O07059,U0714,2026-03-23,烘焙早餐,烘焙,1,35.6,APP
O07060,U0715,2026-06-09,拿铁,咖啡,2,75.8,美团
O07061,U0716,2025-11-24,周边杯,周边,1,74.3,小程序
O07062,U0717,2026-04-30,冷萃,咖啡,2,82.4,小程序
O07063,U0718,2026-05-29,周边杯,周边,2,115.6,饿了么
O07064,U0719,2026-05-27,生椰拿铁,咖啡,1,45.2,饿了么
O07065,U0720,2026-06-11,冷萃,咖啡,2,65.8,APP
O07066,U0721,2026-06-12,冷萃,咖啡,1,44.0,门店
O07067,U0721,2026-06-26,轻食沙拉,轻食,1,38.3,美团
O07068,U0722,2026-05-24,冷萃,咖啡,1,46.1,饿了么
O07069,U0722,2026-02-14,美式,咖啡,1,31.1,小程序
O07070,U0723,2026-05-09,生椰拿铁,咖啡,1,37.7,饿了么
O07071,U0724,2026-04-19,冷萃,咖啡,1,32.5,APP
O07072,U0724,2026-05-31,生椰拿铁,咖啡,1,47.3,饿了么
O07073,U0725,2026-04-24,周边杯,周边,1,55.7,小程序
O07074,U0726,2026-03-01,冷萃,咖啡,2,72.6,饿了么
O07075,U0727,2026-06-05,生椰拿铁,咖啡,2,86.4,饿了么
O07076,U0727,2025-12-27,生椰拿铁,咖啡,1,30.8,小程序
O07077,U0728,2026-05-03,轻食沙拉,轻食,2,60.6,饿了么
O07078,U0728,2026-04-20,轻食沙拉,轻食,1,34.5,小程序
O07079,U0729,2025-09-22,冷萃,咖啡,1,45.1,美团
O07080,U0730,2026-06-20,冷萃,咖啡,1,42.9,饿了么
O07081,U0730,2026-03-27,轻食沙拉,轻食,1,36.0,APP
O07082,U0731,2026-03-03,烘焙早餐,烘焙,1,29.6,小程序
O07083,U0731,2026-01-09,生椰拿铁,咖啡,1,32.6,小程序
O07084,U0732,2026-03-23,轻食沙拉,轻食,1,32.6,饿了么
O07085,U0733,2025-12-29,冷萃,咖啡,1,46.6,小程序
O07086,U0734,2026-06-25,烘焙早餐,烘焙,1,21.8,小程序
O07087,U0734,2025-12-16,轻食沙拉,轻食,2,53.0,美团
O07088,U0735,2026-01-28,生椰拿铁,咖啡,1,41.5,饿了么
O07089,U0736,2026-05-29,美式,咖啡,2,50.2,APP
O07090,U0736,2026-06-05,轻食沙拉,轻食,1,28.4,门店
O07091,U0737,2026-02-16,冷萃,咖啡,1,41.1,饿了么
O07092,U0737,2025-12-29,冷萃,咖啡,1,42.6,APP
O07093,U0738,2026-04-26,拿铁,咖啡,1,35.7,APP
O07094,U0738,2026-02-23,美式,咖啡,1,29.5,美团
O07095,U0739,2026-01-11,拿铁,咖啡,1,41.5,门店
O07096,U0739,2026-03-05,生椰拿铁,咖啡,1,45.1,小程序
O07097,U0740,2026-03-11,冷萃,咖啡,1,44.5,美团
O07098,U0740,2026-05-11,拿铁,咖啡,1,35.8,APP
O07099,U0741,2026-04-14,生椰拿铁,咖啡,1,41.5,APP
O07100,U0741,2026-06-27,轻食沙拉,轻食,1,26.5,美团
O07101,U0742,2026-03-25,周边杯,周边,2,145.0,美团
O07102,U0742,2026-04-10,拿铁,咖啡,1,38.5,APP
O07103,U0743,2026-06-16,轻食沙拉,轻食,1,42.1,门店
O07104,U0743,2026-06-05,美式,咖啡,1,33.5,APP
O07105,U0744,2026-05-02,烘焙早餐,烘焙,2,51.2,美团
O07106,U0745,2026-06-20,烘焙早餐,烘焙,1,28.7,美团
O07107,U0746,2026-04-16,周边杯,周边,1,85.9,门店
O07108,U0746,2026-04-21,周边杯,周边,2,106.4,小程序
O07109,U0747,2026-06-29,美式,咖啡,2,66.4,饿了么
O07110,U0748,2026-04-03,烘焙早餐,烘焙,1,21.9,饿了么
O07111,U0748,2026-03-20,拿铁,咖啡,1,43.7,饿了么
O07112,U0749,2026-04-25,烘焙早餐,烘焙,1,35.5,饿了么
O07113,U0750,2026-05-22,美式,咖啡,2,63.8,饿了么
O07114,U0751,2026-05-25,冷萃,咖啡,1,49.5,饿了么
O07115,U0752,2026-06-26,烘焙早餐,烘焙,1,35.8,小程序
O07116,U0752,2026-06-11,轻食沙拉,轻食,2,70.0,门店
O07117,U0753,2026-01-27,冷萃,咖啡,1,33.0,美团
O07118,U0753,2026-01-06,周边杯,周边,1,86.3,美团
O07119,U0754,2026-04-10,周边杯,周边,2,173.2,门店
O07120,U0755,2026-05-29,拿铁,咖啡,3,130.5,APP
O07121,U0755,2026-06-09,轻食沙拉,轻食,1,30.0,APP
O07122,U0756,2026-01-19,烘焙早餐,烘焙,1,23.7,小程序
O07123,U0757,2026-05-21,轻食沙拉,轻食,1,30.9,美团
O07124,U0757,2026-04-27,周边杯,周边,1,74.0,门店
O07125,U0758,2026-06-25,拿铁,咖啡,1,40.3,小程序
O07126,U0758,2025-11-14,烘焙早餐,烘焙,3,85.5,小程序
O07127,U0759,2026-06-27,周边杯,周边,1,63.3,门店
O07128,U0759,2026-03-06,拿铁,咖啡,2,64.8,小程序
O07129,U0760,2026-06-19,美式,咖啡,1,24.2,美团
O07130,U0761,2026-05-04,拿铁,咖啡,1,34.5,饿了么
O07131,U0761,2026-04-26,冷萃,咖啡,2,73.2,饿了么
O07132,U0762,2025-12-17,拿铁,咖啡,1,31.3,美团
O07133,U0762,2026-02-17,生椰拿铁,咖啡,1,43.2,饿了么
O07134,U0763,2025-11-18,生椰拿铁,咖啡,1,46.3,门店
O07135,U0763,2025-12-13,冷萃,咖啡,1,43.6,门店
O07136,U0764,2026-06-22,美式,咖啡,2,58.8,APP
O07137,U0764,2026-06-28,周边杯,周边,1,61.2,小程序
O07138,U0765,2026-06-22,轻食沙拉,轻食,1,27.1,饿了么
O07139,U0766,2026-06-29,拿铁,咖啡,1,32.9,小程序
O07140,U0766,2026-04-17,周边杯,周边,1,69.5,美团
O07141,U0767,2026-06-19,拿铁,咖啡,1,32.8,门店
O07142,U0768,2026-05-09,拿铁,咖啡,2,84.2,小程序
O07143,U0769,2026-02-27,生椰拿铁,咖啡,1,46.0,饿了么
O07144,U0770,2026-05-28,生椰拿铁,咖啡,3,113.4,饿了么
O07145,U0770,2026-04-12,冷萃,咖啡,1,39.3,饿了么
O07146,U0771,2026-05-20,烘焙早餐,烘焙,1,20.9,饿了么
O07147,U0772,2026-02-11,轻食沙拉,轻食,2,65.4,门店
O07148,U0773,2026-06-05,生椰拿铁,咖啡,1,47.2,饿了么
O07149,U0774,2026-02-08,美式,咖啡,2,64.6,饿了么
O07150,U0775,2026-02-04,拿铁,咖啡,1,31.2,APP
O07151,U0776,2025-11-04,生椰拿铁,咖啡,2,74.4,APP
O07152,U0777,2026-02-07,美式,咖啡,2,58.2,小程序
O07153,U0778,2026-03-21,轻食沙拉,轻食,2,85.0,美团
O07154,U0779,2026-05-07,冷萃,咖啡,1,47.0,APP
O07155,U0780,2025-12-21,生椰拿铁,咖啡,2,68.8,门店
O07156,U0781,2026-01-10,烘焙早餐,烘焙,2,53.0,美团
O07157,U0782,2026-06-15,拿铁,咖啡,1,33.3,APP
O07158,U0782,2026-06-29,轻食沙拉,轻食,2,78.2,美团
O07159,U0783,2025-12-27,拿铁,咖啡,2,89.0,美团
O07160,U0783,2026-04-01,周边杯,周边,1,54.4,门店
O07161,U0784,2026-06-10,周边杯,周边,1,76.5,APP
O07162,U0785,2026-02-26,周边杯,周边,1,51.9,饿了么
O07163,U0786,2026-06-30,美式,咖啡,1,25.7,APP
O07164,U0786,2026-04-12,生椰拿铁,咖啡,1,33.3,小程序
O07165,U0787,2026-06-09,烘焙早餐,烘焙,1,29.9,APP
O07166,U0787,2026-03-08,周边杯,周边,2,132.8,APP
O07167,U0788,2026-03-13,美式,咖啡,1,29.2,饿了么
O07168,U0788,2026-03-09,周边杯,周边,1,86.1,美团
O07169,U0789,2026-06-09,周边杯,周边,1,82.4,美团
O07170,U0790,2026-04-13,轻食沙拉,轻食,1,43.4,APP
O07171,U0791,2026-04-05,周边杯,周边,1,75.0,饿了么
O07172,U0791,2026-06-19,生椰拿铁,咖啡,1,40.4,小程序
O07173,U0792,2026-06-26,烘焙早餐,烘焙,1,29.9,APP
O07174,U0792,2026-05-10,美式,咖啡,1,26.1,小程序
O07175,U0793,2026-01-31,周边杯,周边,2,135.6,小程序
O07176,U0793,2026-06-05,冷萃,咖啡,2,77.4,饿了么
O07177,U0794,2026-06-13,生椰拿铁,咖啡,1,41.9,美团
O07178,U0794,2026-03-11,周边杯,周边,1,62.9,美团
O07179,U0795,2025-12-28,周边杯,周边,1,51.8,小程序
O07180,U0795,2026-06-21,生椰拿铁,咖啡,1,46.4,饿了么
O07181,U0796,2026-04-20,生椰拿铁,咖啡,1,43.3,APP
O07182,U0796,2026-01-10,生椰拿铁,咖啡,1,40.5,APP
O07183,U0797,2025-09-10,轻食沙拉,轻食,1,31.5,门店
O07184,U0798,2026-06-03,美式,咖啡,1,30.6,小程序
O07185,U0799,2026-05-25,冷萃,咖啡,1,41.0,APP
O07186,U0800,2026-03-26,冷萃,咖啡,2,91.2,小程序
O07187,U0800,2026-06-25,周边杯,周边,1,62.4,小程序
